/*
SQLyog Ultimate v11.11 (32 bit)
MySQL - 5.5.45-cll-lve : Database - assusana_db
*********************************************************************
*/


/*!40101 SET NAMES utf8 */;

/*!40101 SET SQL_MODE=''*/;

/*!40014 SET @OLD_UNIQUE_CHECKS=@@UNIQUE_CHECKS, UNIQUE_CHECKS=0 */;
/*!40014 SET @OLD_FOREIGN_KEY_CHECKS=@@FOREIGN_KEY_CHECKS, FOREIGN_KEY_CHECKS=0 */;
/*!40101 SET @OLD_SQL_MODE=@@SQL_MODE, SQL_MODE='NO_AUTO_VALUE_ON_ZERO' */;
/*!40111 SET @OLD_SQL_NOTES=@@SQL_NOTES, SQL_NOTES=0 */;
CREATE DATABASE /*!32312 IF NOT EXISTS*/`assusana_db` /*!40100 DEFAULT CHARACTER SET utf8  COLLATE utf8_general_ci */;

USE `assusana_db`;

/*Table structure for table `capacitacion` */

DROP TABLE IF EXISTS `capacitacion`;

CREATE TABLE `capacitacion` (
  `capaID` int(11) unsigned NOT NULL AUTO_INCREMENT,
  `cati_ID` int(11) unsigned NOT NULL,
  `tema_ID` int(11) unsigned NOT NULL,
  `capa_name` varchar(255) NOT NULL,
  `capa_description` text,
  `capa_date_created` datetime DEFAULT NULL,
  `capa_date_modified` datetime DEFAULT NULL,
  `capa_status` bit(1) NOT NULL DEFAULT b'1',
  PRIMARY KEY (`capaID`),
  KEY `fk_capacitacion_capacitacion_tipo_1` (`cati_ID`),
  KEY `fk_capacitacion_tema_1` (`tema_ID`),
  CONSTRAINT `fk_capacitacion_capacitacion_tipo_1` FOREIGN KEY (`cati_ID`) REFERENCES `capacitacion_tipo` (`catiID`),
  CONSTRAINT `fk_capacitacion_tema_1` FOREIGN KEY (`tema_ID`) REFERENCES `tema` (`temaID`)
) ENGINE=InnoDB AUTO_INCREMENT=22 DEFAULT CHARSET=utf8;

/*Data for the table `capacitacion` */

LOCK TABLES `capacitacion` WRITE;

insert  into `capacitacion`(`capaID`,`cati_ID`,`tema_ID`,`capa_name`,`capa_description`,`capa_date_created`,`capa_date_modified`,`capa_status`) values (1,4,1,'Taller de Validación de los Criterios de Supervisión del Portal de Transparencia Estándar','','2016-04-25 23:41:14','2016-04-25 23:41:14',''),(2,4,1,'Taller de Implementación del Portal de Transparencia Estándar','','2016-04-25 23:41:14','2016-04-25 23:41:14',''),(3,4,1,'Taller de Implementación de Gobierno Abierto y Promoción de la Ética Pública','','2016-04-25 23:41:14','2016-04-25 23:41:14',''),(4,6,1,'Asistencia Técnica en la Implementación de Portales de Transparencia Estándar','','2016-04-25 23:41:14','2016-04-25 23:41:14',''),(5,4,1,'Taller de implementación del Portal de Transparencia Estándar',NULL,'2016-04-28 10:38:13','2016-04-28 10:38:13',''),(6,4,6,'Promoción de la Ética Pública',NULL,'2016-04-28 14:30:54','2016-04-28 14:30:54',''),(7,2,7,'Simplificación Administrativa 2016','Sensibilización a gobiernos regionales','2016-05-02 15:15:58','2016-05-02 15:15:58',''),(8,4,8,'TRANSPARENCIA Y EL ACCESO A LA INFORMACIÓN PÚBLICA EN EL MARCO DE UN GOBIERNO ABIERTO',NULL,'2016-05-03 12:38:21','2016-05-03 12:38:21',''),(9,4,1,'Taller de Implementación de Gobierno Abierto -  Región Ayacucho',NULL,'2016-05-10 16:12:20','2016-05-10 16:12:20',''),(10,4,1,'Taller de Fortalecimiento de Capacidades para la implementación del Portal de Transparencia Estándar',NULL,'2016-05-12 20:24:28','2016-05-12 20:24:28',''),(11,4,1,'Taller de fortalecimiento de capacidades para la implementación del portal de transparencia estándar',NULL,'2016-05-16 13:20:13','2016-05-16 13:20:13',''),(12,4,1,'Etica pública','Etica 2016','2016-05-17 11:59:51','2016-05-17 11:59:51',''),(13,4,1,'Taller de fortalecimiento de capacidades para la evaluaciòn del portal de transparencia estándar',NULL,'2016-05-17 23:47:08','2016-05-17 23:47:08',''),(14,3,1,'Taller de fortalecimiento de capacidades para la implementación del gobierno abierto: portal de transparencia estándar , acceso a la información pública en la región amazonas',NULL,'2016-05-27 13:14:18','2016-06-07 09:03:39','\0'),(15,2,16,'Modernización de gestión pública - 2016',NULL,'2016-05-31 12:46:45','2016-05-31 12:56:41','\0'),(16,2,11,'Modernización gestión pública 2016-1',NULL,'2016-05-31 12:57:33','2016-06-07 09:03:18','\0'),(17,2,11,'Modernización pública 2016-2',NULL,'2016-05-31 13:00:03','2016-06-07 09:03:08','\0'),(18,3,1,'Taller de fortalecimiento de capacidades para la implementación del gobierno abierto: portal de transparencia estándar, acceso a la información pública, datos abiertos y promoción de la ética pública en la región san martín',NULL,'2016-06-07 09:05:31','2016-06-07 09:28:32','\0'),(19,3,7,'Taller de fortalecimiento de capacidades para la implementación del gobierno abierto: portal de transparencia estándar, acceso a la información pública, datos abiertos y promoción de la ética pública en la región san martín',NULL,'2016-06-07 09:29:41','2016-06-07 09:36:40',''),(20,3,1,'Transparencia y acceso a la información pública y manual de mejor atención al ciudadano',NULL,'2016-06-14 08:55:08','2016-06-14 08:55:08',''),(21,10,1,'Normas y procedimientos de transparencia y acceso a la información',NULL,'2016-06-16 09:54:11','2016-06-16 09:54:11','');

UNLOCK TABLES;

/*Table structure for table `capacitacion_tipo` */

DROP TABLE IF EXISTS `capacitacion_tipo`;

CREATE TABLE `capacitacion_tipo` (
  `catiID` int(11) unsigned NOT NULL AUTO_INCREMENT,
  `cati_name` varchar(150) NOT NULL,
  `cati_description` text,
  `cati_date_created` datetime DEFAULT NULL,
  `cati_date_modified` datetime DEFAULT NULL,
  `cati_status` bit(1) NOT NULL DEFAULT b'1',
  PRIMARY KEY (`catiID`)
) ENGINE=InnoDB AUTO_INCREMENT=11 DEFAULT CHARSET=utf8;

/*Data for the table `capacitacion_tipo` */

LOCK TABLES `capacitacion_tipo` WRITE;

insert  into `capacitacion_tipo`(`catiID`,`cati_name`,`cati_description`,`cati_date_created`,`cati_date_modified`,`cati_status`) values (1,'Sensibilización Multiple','','2016-04-25 23:41:14','2016-04-25 23:41:14',''),(2,'Sensibilización Especifica','','2016-04-25 23:41:14','2016-04-25 23:41:14',''),(3,'Taller de capacitación múltiple','','2016-04-25 23:41:14','2016-04-25 23:41:14',''),(4,'Taller de capacitación especifica','','2016-04-25 23:41:14','2016-04-25 23:41:14',''),(5,'Otro taller','','2016-04-25 23:41:14','2016-04-25 23:41:14',''),(6,'Asistencias Técnicas','','2016-04-25 23:41:14','2016-04-25 23:41:14',''),(7,'Asistencias técnicas completas',NULL,'2016-04-25 23:41:14','2016-05-17 21:21:46',''),(8,'Curso corto',NULL,'2016-05-17 21:21:55','2016-05-17 21:21:55',''),(9,'Curso especializado',NULL,'2016-05-17 21:22:04','2016-05-17 21:22:04',''),(10,'Charla',NULL,'2016-06-16 09:52:22','2016-06-21 15:13:22','\0');

UNLOCK TABLES;

/*Table structure for table `departamento` */

DROP TABLE IF EXISTS `departamento`;

CREATE TABLE `departamento` (
  `depaID` int(11) unsigned NOT NULL AUTO_INCREMENT,
  `depa_key` char(2) NOT NULL,
  `depa_name` varchar(150) NOT NULL,
  PRIMARY KEY (`depaID`)
) ENGINE=InnoDB AUTO_INCREMENT=26 DEFAULT CHARSET=utf8;

/*Data for the table `departamento` */

LOCK TABLES `departamento` WRITE;

insert  into `departamento`(`depaID`,`depa_key`,`depa_name`) values (1,'01','AMAZONAS'),(2,'02','ANCASH'),(3,'03','APURIMAC'),(4,'04','AREQUIPA'),(5,'05','AYACUCHO'),(6,'06','CAJAMARCA'),(7,'07','CUSCO'),(8,'08','HUANCAVELICA'),(9,'09','HUANUCO'),(10,'10','ICA'),(11,'11','JUNIN'),(12,'12','LA LIBERTAD'),(13,'13','LAMBAYEQUE'),(14,'14','LIMA'),(15,'15','LORETO'),(16,'16','MADRE DE DIOS'),(17,'17','MOQUEGUA'),(18,'18','PASCO'),(19,'19','PIURA'),(20,'20','PUNO'),(21,'21','SAN MARTIN'),(22,'22','TACNA'),(23,'23','TUMBES'),(24,'24','PROVINCIA CONSTITUCIONAL'),(25,'25','UCAYALI');

UNLOCK TABLES;

/*Table structure for table `distrito` */

DROP TABLE IF EXISTS `distrito`;

CREATE TABLE `distrito` (
  `distID` int(11) unsigned NOT NULL AUTO_INCREMENT,
  `prov_ID` int(11) unsigned NOT NULL,
  `dist_key` char(2) NOT NULL,
  `dist_name` varchar(100) NOT NULL,
  PRIMARY KEY (`distID`),
  KEY `fk_distrito_provincia_1` (`prov_ID`),
  CONSTRAINT `fk_distrito_provincia_1` FOREIGN KEY (`prov_ID`) REFERENCES `provincia` (`provID`)
) ENGINE=InnoDB AUTO_INCREMENT=1840 DEFAULT CHARSET=utf8;

/*Data for the table `distrito` */

LOCK TABLES `distrito` WRITE;

insert  into `distrito`(`distID`,`prov_ID`,`dist_key`,`dist_name`) values (1,1,'01','CHACHAPOYAS'),(2,1,'02','ASUNCION'),(3,1,'03','BALSAS'),(4,1,'04','CHETO'),(5,1,'05','CHILIQUIN'),(6,1,'06','CHUQUIBAMBA'),(7,1,'07','GRANADA'),(8,1,'08','HUANCAS'),(9,1,'09','LA JALCA'),(10,1,'10','LEIMEBAMBA'),(11,1,'11','LEVANTO'),(12,1,'12','MAGDALENA'),(13,1,'13','MARISCAL CASTILLA'),(14,1,'14','MOLINOPAMPA'),(15,1,'15','MONTEVIDEO'),(16,1,'16','OLLEROS'),(17,1,'17','QUINJALCA'),(18,1,'18','SAN FRANCISCO DE DAGUAS'),(19,1,'19','SAN ISIDRO DE MAINO'),(20,1,'20','SOLOCO'),(21,1,'21','SONCHE'),(22,2,'01','LA PECA'),(23,2,'02','ARAMANGO'),(24,2,'03','COPALLIN'),(25,2,'04','EL PARCO'),(26,2,'05','BAGUA'),(27,2,'06','IMAZA'),(28,3,'01','JUMBILLA'),(29,3,'02','COROSHA'),(30,3,'03','CUISPES'),(31,3,'04','CHISQUILLA'),(32,3,'05','CHURUJA'),(33,3,'06','FLORIDA'),(34,3,'07','RECTA'),(35,3,'08','SAN CARLOS'),(36,3,'09','SHIPASBAMBA'),(37,3,'10','VALERA'),(38,3,'11','YAMBRASBAMBA'),(39,3,'12','JAZAN'),(40,4,'01','LAMUD'),(41,4,'02','CAMPORREDONDO'),(42,4,'03','COCABAMBA'),(43,4,'04','COLCAMAR'),(44,4,'05','CONILA'),(45,4,'06','INGUILPATA'),(46,4,'07','LONGUITA'),(47,4,'08','LONYA CHICO'),(48,4,'09','LUYA'),(49,4,'10','LUYA VIEJO'),(50,4,'11','MARIA'),(51,4,'12','OCALLI'),(52,4,'13','OCUMAL'),(53,4,'14','PISUQUIA'),(54,4,'15','SAN CRISTOBAL'),(55,4,'16','SAN FRANCISCO DE YESO'),(56,4,'17','SAN JERONIMO'),(57,4,'18','SAN JUAN DE LOPECANCHA'),(58,4,'19','SANTA CATALINA'),(59,4,'20','SANTO TOMAS'),(60,4,'21','TINGO'),(61,4,'22','TRITA'),(62,4,'23','PROVIDENCIA'),(63,5,'01','SAN NICOLAS'),(64,5,'02','COCHAMAL'),(65,5,'03','CHIRIMOTO'),(66,5,'04','HUAMBO'),(67,5,'05','LIMABAMBA'),(68,5,'06','LONGAR'),(69,5,'07','MILPUCC'),(70,5,'08','MARISCAL BENAVIDES'),(71,5,'09','OMIA'),(72,5,'10','SANTA ROSA'),(73,5,'11','TOTORA'),(74,5,'12','VISTA ALEGRE'),(75,6,'01','NIEVA'),(76,6,'02','RIO SANTIAGO'),(77,6,'03','EL CENEPA'),(78,7,'01','BAGUA GRANDE'),(79,7,'02','CAJARURO'),(80,7,'03','CUMBA'),(81,7,'04','EL MILAGRO'),(82,7,'05','JAMALCA'),(83,7,'06','LONYA GRANDE'),(84,7,'07','YAMON'),(85,8,'01','HUARAZ'),(86,8,'02','INDEPENDENCIA'),(87,8,'03','COCHABAMBA'),(88,8,'04','COLCABAMBA'),(89,8,'05','HUANCHAY'),(90,8,'06','JANGAS'),(91,8,'07','LA LIBERTAD'),(92,8,'08','OLLEROS'),(93,8,'09','PAMPAS GRANDE'),(94,8,'10','PARIACOTO'),(95,8,'11','PIRA'),(96,8,'12','TARICA'),(97,9,'01','AIJA'),(98,9,'03','CORIS'),(99,9,'05','HUACLLAN'),(100,9,'06','LA MERCED'),(101,9,'08','SUCCHA'),(102,10,'01','CHIQUIAN'),(103,10,'02','ABELARDO PARDO LEZAMETA'),(104,10,'04','AQUIA'),(105,10,'05','CAJACAY'),(106,10,'10','HUAYLLACAYAN'),(107,10,'11','HUASTA'),(108,10,'13','MANGAS'),(109,10,'15','PACLLON'),(110,10,'17','SAN MIGUEL DE CORPANQUI'),(111,10,'20','TICLLOS'),(112,10,'21','ANTONIO RAIMONDI'),(113,10,'22','CANIS'),(114,10,'23','COLQUIOC'),(115,10,'24','LA PRIMAVERA'),(116,10,'25','HUALLANCA'),(117,11,'01','CARHUAZ'),(118,11,'02','ACOPAMPA'),(119,11,'03','AMASHCA'),(120,11,'04','ANTA'),(121,11,'05','ATAQUERO'),(122,11,'06','MARCARA'),(123,11,'07','PARIAHUANCA'),(124,11,'08','SAN MIGUEL DE ACO'),(125,11,'09','SHILLA'),(126,11,'10','TINCO'),(127,11,'11','YUNGAR'),(128,12,'01','CASMA'),(129,12,'02','BUENA VISTA ALTA'),(130,12,'03','COMANDANTE NOEL'),(131,12,'05','YAUTAN'),(132,13,'01','CORONGO'),(133,13,'02','ACO'),(134,13,'03','BAMBAS'),(135,13,'04','CUSCA'),(136,13,'05','LA PAMPA'),(137,13,'06','YANAC'),(138,13,'07','YUPAN'),(139,14,'01','CARAZ'),(140,14,'02','HUALLANCA'),(141,14,'03','HUATA'),(142,14,'04','HUAYLAS'),(143,14,'05','MATO'),(144,14,'06','PAMPAROMAS'),(145,14,'07','PUEBLO LIBRE'),(146,14,'08','SANTA CRUZ'),(147,14,'09','YURACMARCA'),(148,14,'10','SANTO TORIBIO'),(149,15,'01','HUARI'),(150,15,'02','CAJAY'),(151,15,'03','CHAVIN DE HUANTAR'),(152,15,'04','HUACACHI'),(153,15,'05','HUACHIS'),(154,15,'06','HUACCHIS'),(155,15,'07','HUANTAR'),(156,15,'08','MASIN'),(157,15,'09','PAUCAS'),(158,15,'10','PONTO'),(159,15,'11','RAHUAPAMPA'),(160,15,'12','RAPAYAN'),(161,15,'13','SAN MARCOS'),(162,15,'14','SAN PEDRO DE CHANA'),(163,15,'15','UCO'),(164,15,'16','ANRA'),(165,16,'01','PISCOBAMBA'),(166,16,'02','CASCA'),(167,16,'03','LUCMA'),(168,16,'04','FIDEL OLIVAS ESCUDERO'),(169,16,'05','LLAMA'),(170,16,'06','LLUMPA'),(171,16,'07','MUSGA'),(172,16,'08','ELEAZAR GUZMAN BARRON'),(173,17,'01','CABANA'),(174,17,'02','BOLOGNESI'),(175,17,'03','CONCHUCOS'),(176,17,'04','HUACASCHUQUE'),(177,17,'05','HUANDOVAL'),(178,17,'06','LACABAMBA'),(179,17,'07','LLAPO'),(180,17,'08','PALLASCA'),(181,17,'09','PAMPAS'),(182,17,'10','SANTA ROSA'),(183,17,'11','TAUCA'),(184,18,'01','POMABAMBA'),(185,18,'02','HUAYLLAN'),(186,18,'03','PAROBAMBA'),(187,18,'04','QUINUABAMBA'),(188,19,'01','RECUAY'),(189,19,'02','COTAPARACO'),(190,19,'03','HUAYLLAPAMPA'),(191,19,'04','MARCA'),(192,19,'05','PAMPAS CHICO'),(193,19,'06','PARARIN'),(194,19,'07','TAPACOCHA'),(195,19,'08','TICAPAMPA'),(196,19,'09','LLACLLIN'),(197,19,'10','CATAC'),(198,20,'01','CHIMBOTE'),(199,20,'02','CACERES DEL PERU'),(200,20,'03','MACATE'),(201,20,'04','MORO'),(202,20,'05','NEPEÑA'),(203,20,'06','SAMANCO'),(204,20,'07','SANTA'),(205,20,'08','COISHCO'),(206,20,'09','NUEVO CHIMBOTE'),(207,21,'01','SIHUAS'),(208,21,'02','ALFONSO UGARTE'),(209,21,'03','CHINGALPO'),(210,21,'04','HUAYLLABAMBA'),(211,21,'05','QUICHES'),(212,21,'06','SICSIBAMBA'),(213,21,'07','ACOBAMBA'),(214,21,'08','CASHAPAMPA'),(215,21,'09','RAGASH'),(216,21,'10','SAN JUAN'),(217,22,'01','YUNGAY'),(218,22,'02','CASCAPARA'),(219,22,'03','MANCOS'),(220,22,'04','MATACOTO'),(221,22,'05','QUILLO'),(222,22,'06','RANRAHIRCA'),(223,22,'07','SHUPLUY'),(224,22,'08','YANAMA'),(225,23,'01','LLAMELLIN'),(226,23,'02','ACZO'),(227,23,'03','CHACCHO'),(228,23,'04','CHINGAS'),(229,23,'05','MIRGAS'),(230,23,'06','SAN JUAN DE RONTOY'),(231,24,'01','SAN LUIS'),(232,24,'02','YAUYA'),(233,24,'03','SAN NICOLAS'),(234,25,'01','CHACAS'),(235,25,'02','ACOCHACA'),(236,26,'01','HUARMEY'),(237,26,'02','COCHAPETI'),(238,26,'03','HUAYAN'),(239,26,'04','MALVAS'),(240,26,'05','CULEBRAS'),(241,27,'01','ACAS'),(242,27,'02','CAJAMARQUILLA'),(243,27,'03','CARHUAPAMPA'),(244,27,'04','COCHAS'),(245,27,'05','CONGAS'),(246,27,'06','LLIPA'),(247,27,'07','OCROS'),(248,27,'08','SAN CRISTOBAL DE RAJAN'),(249,27,'09','SAN PEDRO'),(250,27,'10','SANTIAGO DE CHILCAS'),(251,28,'01','ABANCAY'),(252,28,'02','CIRCA'),(253,28,'03','CURAHUASI'),(254,28,'04','CHACOCHE'),(255,28,'05','HUANIPACA'),(256,28,'06','LAMBRAMA'),(257,28,'07','PICHIRHUA'),(258,28,'08','SAN PEDRO DE CACHORA'),(259,28,'09','TAMBURCO'),(260,29,'01','CHALHUANCA'),(261,29,'02','CAPAYA'),(262,29,'03','CARAYBAMBA'),(263,29,'04','COLCABAMBA'),(264,29,'05','COTARUSE'),(265,29,'06','CHAPIMARCA'),(266,29,'07','HUAYLLO'),(267,29,'08','LUCRE'),(268,29,'09','POCOHUANCA'),(269,29,'10','SAÑAYCA'),(270,29,'11','SORAYA'),(271,29,'12','TAPAIRIHUA'),(272,29,'13','TINTAY'),(273,29,'14','TORAYA'),(274,29,'15','YANACA'),(275,29,'16','SAN JUAN DE CHACÑA'),(276,29,'17','JUSTO APU SAHUARAURA'),(277,30,'01','ANDAHUAYLAS'),(278,30,'02','ANDARAPA'),(279,30,'03','CHIARA'),(280,30,'04','HUANCARAMA'),(281,30,'05','HUANCARAY'),(282,30,'06','KISHUARA'),(283,30,'07','PACOBAMBA'),(284,30,'08','PAMPACHIRI'),(285,30,'09','SAN ANTONIO DE CACHI'),(286,30,'10','SAN JERONIMO'),(287,30,'11','TALAVERA'),(288,30,'12','TURPO'),(289,30,'13','PACUCHA'),(290,30,'14','POMACOCHA'),(291,30,'15','SANTA MARIA DE CHICMO'),(292,30,'16','TUMAY HUARACA'),(293,30,'17','HUAYANA'),(294,30,'18','SAN MIGUEL DE CHACCRAMPA'),(295,30,'19','KAQUIABAMBA'),(296,31,'01','ANTABAMBA'),(297,31,'02','EL ORO'),(298,31,'03','HUAQUIRCA'),(299,31,'04','JUAN ESPINOZA MEDRANO'),(300,31,'05','OROPESA'),(301,31,'06','PACHACONAS'),(302,31,'07','SABAINO'),(303,32,'01','TAMBOBAMBA'),(304,32,'02','COYLLURQUI'),(305,32,'03','COTABAMBAS'),(306,32,'04','HAQUIRA'),(307,32,'05','MARA'),(308,32,'06','CHALLHUAHUACHO'),(309,33,'01','CHUQUIBAMBILLA'),(310,33,'02','CURPAHUASI'),(311,33,'03','HUAILLATI'),(312,33,'04','MAMARA'),(313,33,'05','MARISCAL GAMARRA'),(314,33,'06','MICAELA BASTIDAS'),(315,33,'07','PROGRESO'),(316,33,'08','PATAYPAMPA'),(317,33,'09','SAN ANTONIO'),(318,33,'10','TURPAY'),(319,33,'11','VILCABAMBA'),(320,33,'12','VIRUNDO'),(321,33,'13','SANTA ROSA'),(322,33,'14','CURASCO'),(323,34,'01','CHINCHEROS'),(324,34,'02','ONGOY'),(325,34,'03','OCOBAMBA'),(326,34,'04','COCHARCAS'),(327,34,'05','ANCO HUALLO'),(328,34,'06','HUACCANA'),(329,34,'07','URANMARCA'),(330,34,'08','RANRACANCHA'),(331,35,'01','AREQUIPA'),(332,35,'02','CAYMA'),(333,35,'03','CERRO COLORADO'),(334,35,'04','CHARACATO'),(335,35,'05','CHIGUATA'),(336,35,'06','LA JOYA'),(337,35,'07','MIRAFLORES'),(338,35,'08','MOLLEBAYA'),(339,35,'09','PAUCARPATA'),(340,35,'10','POCSI'),(341,35,'11','POLOBAYA'),(342,35,'12','QUEQUEÑA'),(343,35,'13','SABANDIA'),(344,35,'14','SACHACA'),(345,35,'15','SAN JUAN DE SIGUAS'),(346,35,'16','SAN JUAN DE TARUCANI'),(347,35,'17','SANTA ISABEL DE SIGUAS'),(348,35,'18','SANTA RITA DE SIHUAS'),(349,35,'19','SOCABAYA'),(350,35,'20','TIABAYA'),(351,35,'21','UCHUMAYO'),(352,35,'22','VITOR'),(353,35,'23','YANAHUARA'),(354,35,'24','YARABAMBA'),(355,35,'25','YURA'),(356,35,'26','MARIANO MELGAR'),(357,35,'27','JACOBO HUNTER'),(358,35,'28','ALTO SELVA ALEGRE'),(359,35,'29','JOSE LUIS BUSTAMANTE Y RIVERO'),(360,36,'01','CHIVAY'),(361,36,'02','ACHOMA'),(362,36,'03','CABANACONDE'),(363,36,'04','CAYLLOMA'),(364,36,'05','CALLALLI'),(365,36,'06','COPORAQUE'),(366,36,'07','HUAMBO'),(367,36,'08','HUANCA'),(368,36,'09','ICHUPAMPA'),(369,36,'10','LARI'),(370,36,'11','LLUTA'),(371,36,'12','MACA'),(372,36,'13','MADRIGAL'),(373,36,'14','SAN ANTONIO DE CHUCA'),(374,36,'15','SIBAYO'),(375,36,'16','TAPAY'),(376,36,'17','TISCO'),(377,36,'18','TUTI'),(378,36,'19','YANQUE'),(379,36,'20','MAJES'),(380,37,'01','CAMANA'),(381,37,'02','JOSE MARIA QUIMPER'),(382,37,'03','MARIANO NICOLAS VALCARCEL'),(383,37,'04','MARISCAL CACERES'),(384,37,'05','NICOLAS DE PIEROLA'),(385,37,'06','OCOÑA'),(386,37,'07','QUILCA'),(387,37,'08','SAMUEL PASTOR'),(388,38,'01','CARAVELI'),(389,38,'02','ACARI'),(390,38,'03','ATICO'),(391,38,'04','ATIQUIPA'),(392,38,'05','BELLA UNION'),(393,38,'06','CAHUACHO'),(394,38,'07','CHALA'),(395,38,'08','CHAPARRA'),(396,38,'09','HUANUHUANU'),(397,38,'10','JAQUI'),(398,38,'11','LOMAS'),(399,38,'12','QUICACHA'),(400,38,'13','YAUCA'),(401,39,'01','APLAO'),(402,39,'02','ANDAGUA'),(403,39,'03','AYO'),(404,39,'04','CHACHAS'),(405,39,'05','CHILCAYMARCA'),(406,39,'06','CHOCO'),(407,39,'07','HUANCARQUI'),(408,39,'08','MACHAGUAY'),(409,39,'09','ORCOPAMPA'),(410,39,'10','PAMPACOLCA'),(411,39,'11','TIPAN'),(412,39,'12','URACA'),(413,39,'13','UÑON'),(414,39,'14','VIRACO'),(415,40,'01','CHUQUIBAMBA'),(416,40,'02','ANDARAY'),(417,40,'03','CAYARANI'),(418,40,'04','CHICHAS'),(419,40,'05','IRAY'),(420,40,'06','SALAMANCA'),(421,40,'07','YANAQUIHUA'),(422,40,'08','RIO GRANDE'),(423,41,'01','MOLLENDO'),(424,41,'02','COCACHACRA'),(425,41,'03','DEAN VALDIVIA'),(426,41,'04','ISLAY'),(427,41,'05','MEJIA'),(428,41,'06','PUNTA DE BOMBON'),(429,42,'01','COTAHUASI'),(430,42,'02','ALCA'),(431,42,'03','CHARCANA'),(432,42,'04','HUAYNACOTAS'),(433,42,'05','PAMPAMARCA'),(434,42,'06','PUYCA'),(435,42,'07','QUECHUALLA'),(436,42,'08','SAYLA'),(437,42,'09','TAURIA'),(438,42,'10','TOMEPAMPA'),(439,42,'11','TORO'),(440,43,'01','AYACUCHO'),(441,43,'02','ACOS VINCHOS'),(442,43,'03','CARMEN ALTO'),(443,43,'04','CHIARA'),(444,43,'05','QUINUA'),(445,43,'06','SAN JOSE DE TICLLAS'),(446,43,'07','SAN JUAN BAUTISTA'),(447,43,'08','SANTIAGO DE PISCHA'),(448,43,'09','VINCHOS'),(449,43,'10','TAMBILLO'),(450,43,'11','ACOCRO'),(451,43,'12','SOCOS'),(452,43,'13','OCROS'),(453,43,'14','PACAYCASA'),(454,43,'15','JESUS NAZARENO'),(455,44,'01','CANGALLO'),(456,44,'04','CHUSCHI'),(457,44,'06','LOS MOROCHUCOS'),(458,44,'07','PARAS'),(459,44,'08','TOTOS'),(460,44,'11','MARIA PARADO DE BELLIDO'),(461,45,'01','HUANTA'),(462,45,'02','AYAHUANCO'),(463,45,'03','HUAMANGUILLA'),(464,45,'04','IGUAIN'),(465,45,'05','LURICOCHA'),(466,45,'07','SANTILLANA'),(467,45,'08','SIVIA'),(468,45,'09','LLOCHEGUA'),(469,46,'01','SAN MIGUEL'),(470,46,'02','ANCO'),(471,46,'03','AYNA'),(472,46,'04','CHILCAS'),(473,46,'05','CHUNGUI'),(474,46,'06','TAMBO'),(475,46,'07','LUIS CARRANZA'),(476,46,'08','SANTA ROSA'),(477,46,'09','SAMUGARI'),(478,47,'01','PUQUIO'),(479,47,'02','AUCARA'),(480,47,'03','CABANA'),(481,47,'04','CARMEN SALCEDO'),(482,47,'06','CHAVIÑA'),(483,47,'08','CHIPAO'),(484,47,'10','HUAC-HUAS'),(485,47,'11','LARAMATE'),(486,47,'12','LEONCIO PRADO'),(487,47,'13','LUCANAS'),(488,47,'14','LLAUTA'),(489,47,'16','OCAÑA'),(490,47,'17','OTOCA'),(491,47,'20','SANCOS'),(492,47,'21','SAN JUAN'),(493,47,'22','SAN PEDRO'),(494,47,'24','SANTA ANA DE HUAYCAHUACHO'),(495,47,'25','SANTA LUCIA'),(496,47,'29','SAISA'),(497,47,'31','SAN PEDRO DE PALCO'),(498,47,'32','SAN CRISTOBAL'),(499,48,'01','CORACORA'),(500,48,'04','CORONEL CASTAÑEDA'),(501,48,'05','CHUMPI'),(502,48,'08','PACAPAUSA'),(503,48,'11','PULLO'),(504,48,'12','PUYUSCA'),(505,48,'15','SAN FRANCISCO DE RAVACAYCO'),(506,48,'16','UPAHUACHO'),(507,49,'01','HUANCAPI'),(508,49,'02','ALCAMENCA'),(509,49,'03','APONGO'),(510,49,'04','CANARIA'),(511,49,'06','CAYARA'),(512,49,'07','COLCA'),(513,49,'08','HUALLA'),(514,49,'09','HUAMANQUIQUIA'),(515,49,'10','HUANCARAYLLA'),(516,49,'13','SARHUA'),(517,49,'14','VILCANCHOS'),(518,49,'15','ASQUIPATA'),(519,50,'01','SANCOS'),(520,50,'02','SACSAMARCA'),(521,50,'03','SANTIAGO DE LUCANAMARCA'),(522,50,'04','CARAPO'),(523,51,'01','VILCAS HUAMAN'),(524,51,'02','VISCHONGO'),(525,51,'03','ACCOMARCA'),(526,51,'04','CARHUANCA'),(527,51,'05','CONCEPCION'),(528,51,'06','HUAMBALPA'),(529,51,'07','SAURAMA'),(530,51,'08','INDEPENDENCIA'),(531,52,'01','PAUSA'),(532,52,'02','COLTA'),(533,52,'03','CORCULLA'),(534,52,'04','LAMPA'),(535,52,'05','MARCABAMBA'),(536,52,'06','OYOLO'),(537,52,'07','PARARCA'),(538,52,'08','SAN JAVIER DE ALPABAMBA'),(539,52,'09','SAN JOSE DE USHUA'),(540,52,'10','SARA SARA'),(541,53,'01','QUEROBAMBA'),(542,53,'02','BELEN'),(543,53,'03','CHALCOS'),(544,53,'04','SAN SALVADOR DE QUIJE'),(545,53,'05','PAICO'),(546,53,'06','SANTIAGO DE PAUCARAY'),(547,53,'07','SAN PEDRO DE LARCAY'),(548,53,'08','SORAS'),(549,53,'09','HUACAÑA'),(550,53,'10','CHILCAYOC'),(551,53,'11','MORCOLLA'),(552,54,'01','CAJAMARCA'),(553,54,'02','ASUNCION'),(554,54,'03','COSPAN'),(555,54,'04','CHETILLA'),(556,54,'05','ENCAÑADA'),(557,54,'06','JESUS'),(558,54,'07','LOS BAÑOS DEL INCA'),(559,54,'08','LLACANORA'),(560,54,'09','MAGDALENA'),(561,54,'10','MATARA'),(562,54,'11','NAMORA'),(563,54,'12','SAN JUAN'),(564,55,'01','CAJABAMBA'),(565,55,'02','CACHACHI'),(566,55,'03','CONDEBAMBA'),(567,55,'05','SITACOCHA'),(568,56,'01','CELENDIN'),(569,56,'02','CORTEGANA'),(570,56,'03','CHUMUCH'),(571,56,'04','HUASMIN'),(572,56,'05','JORGE CHAVEZ'),(573,56,'06','JOSE GALVEZ'),(574,56,'07','MIGUEL IGLESIAS'),(575,56,'08','OXAMARCA'),(576,56,'09','SOROCHUCO'),(577,56,'10','SUCRE'),(578,56,'11','UTCO'),(579,56,'12','LA LIBERTAD DE PALLAN'),(580,57,'01','CONTUMAZA'),(581,57,'03','CHILETE'),(582,57,'04','GUZMANGO'),(583,57,'05','SAN BENITO'),(584,57,'06','CUPISNIQUE'),(585,57,'07','TANTARICA'),(586,57,'08','YONAN'),(587,57,'09','SANTA CRUZ DE TOLED'),(588,58,'01','CUTERVO'),(589,58,'02','CALLAYUC'),(590,58,'03','CUJILLO'),(591,58,'04','CHOROS'),(592,58,'05','LA RAMADA'),(593,58,'06','PIMPINGOS'),(594,58,'07','QUEROCOTILLO'),(595,58,'08','SAN ANDRES DE CUTERVO'),(596,58,'09','SAN JUAN DE CUTERVO'),(597,58,'10','SAN LUIS DE LUCMA'),(598,58,'11','SANTA CRUZ'),(599,58,'12','SANTO DOMINGO DE LA CAPILLA'),(600,58,'13','SANTO TOMAS'),(601,58,'14','SOCOTA'),(602,58,'15','TORIBIO CASANOVA'),(603,59,'01','CHOTA'),(604,59,'02','ANGUIA'),(605,59,'03','COCHABAMBA'),(606,59,'04','CONCHAN'),(607,59,'05','CHADIN'),(608,59,'06','CHIGUIRIP'),(609,59,'07','CHIMBAN'),(610,59,'08','HUAMBOS'),(611,59,'09','LAJAS'),(612,59,'10','LLAMA'),(613,59,'11','MIRACOSTA'),(614,59,'12','PACCHA'),(615,59,'13','PION'),(616,59,'14','QUEROCOTO'),(617,59,'15','TACABAMBA'),(618,59,'16','TOCMOCHE'),(619,59,'17','SAN JUAN DE LICUPIS'),(620,59,'18','CHOROPAMPA'),(621,59,'19','CHALAMARCA'),(622,60,'01','BAMBAMARCA'),(623,60,'02','CHUGUR'),(624,60,'03','HUALGAYOC'),(625,61,'01','JAEN'),(626,61,'02','BELLAVISTA'),(627,61,'03','COLASAY'),(628,61,'04','CHONTALI'),(629,61,'05','POMAHUACA'),(630,61,'06','PUCARA'),(631,61,'07','SALLIQUE'),(632,61,'08','SAN FELIPE'),(633,61,'09','SAN JOSE DEL ALTO'),(634,61,'10','SANTA ROSA'),(635,61,'11','LAS PIRIAS'),(636,61,'12','HUABAL'),(637,62,'01','SANTA CRUZ'),(638,62,'02','CATACHE'),(639,62,'03','CHANCAYBAÑOS'),(640,62,'04','LA ESPERANZA'),(641,62,'05','NINABAMBA'),(642,62,'06','PULAN'),(643,62,'07','SEXI'),(644,62,'08','UTICYACU'),(645,62,'09','YAUYUCAN'),(646,62,'10','ANDABAMBA'),(647,62,'11','SAUCEPAMPA'),(648,63,'01','SAN MIGUEL'),(649,63,'02','CALQUIS'),(650,63,'03','LA FLORIDA'),(651,63,'04','LLAPA'),(652,63,'05','NANCHOC'),(653,63,'06','NIEPOS'),(654,63,'07','SAN GREGORIO'),(655,63,'08','SAN SILVESTRE DE COCHAN'),(656,63,'09','EL PRADO'),(657,63,'10','UNION AGUA BLANCA'),(658,63,'11','TONGOD'),(659,63,'12','CATILLUC'),(660,63,'13','BOLIVAR'),(661,64,'01','SAN IGNACIO'),(662,64,'02','CHIRINOS'),(663,64,'03','HUARANGO'),(664,64,'04','NAMBALLE'),(665,64,'05','LA COIPA'),(666,64,'06','SAN JOSE DE LOURDES'),(667,64,'07','TABACONAS'),(668,65,'01','PEDRO GALVEZ'),(669,65,'02','ICHOCAN'),(670,65,'03','GREGORIO PITA'),(671,65,'04','JOSE MANUEL QUIROZ'),(672,65,'05','EDUARDO VILLANUEVA'),(673,65,'06','JOSE SABOGAL'),(674,65,'07','CHANCAY'),(675,66,'01','SAN PABLO'),(676,66,'02','SAN BERNARDINO'),(677,66,'03','SAN LUIS'),(678,66,'04','TUMBADEN'),(679,67,'01','CUSCO'),(680,67,'02','CCORCA'),(681,67,'03','POROY'),(682,67,'04','SAN JERONIMO'),(683,67,'05','SAN SEBASTIAN'),(684,67,'06','SANTIAGO'),(685,67,'07','SAYLLA'),(686,67,'08','WANCHAQ'),(687,68,'01','ACOMAYO'),(688,68,'02','ACOPIA'),(689,68,'03','ACOS'),(690,68,'04','POMACANCHI'),(691,68,'05','RONDOCAN'),(692,68,'06','SANGARARA'),(693,68,'07','MOSOC LLACTA'),(694,69,'01','ANTA'),(695,69,'02','CHINCHAYPUJIO'),(696,69,'03','HUAROCONDO'),(697,69,'04','LIMATAMBO'),(698,69,'05','MOLLEPATA'),(699,69,'06','PUCYURA'),(700,69,'07','ZURITE'),(701,69,'08','CACHIMAYO'),(702,69,'09','ANCAHUASI'),(703,70,'01','CALCA'),(704,70,'02','COYA'),(705,70,'03','LAMAY'),(706,70,'04','LARES'),(707,70,'05','PISAC'),(708,70,'06','SAN SALVADOR'),(709,70,'07','TARAY'),(710,70,'08','YANATILE'),(711,71,'01','YANAOCA'),(712,71,'02','CHECCA'),(713,71,'03','KUNTURKANKI'),(714,71,'04','LANGUI'),(715,71,'05','LAYO'),(716,71,'06','PAMPAMARCA'),(717,71,'07','QUEHUE'),(718,71,'08','TUPAC AMARU'),(719,72,'01','SICUANI'),(720,72,'02','COMBAPATA'),(721,72,'03','CHECACUPE'),(722,72,'04','MARANGANI'),(723,72,'05','PITUMARCA'),(724,72,'06','SAN PABLO'),(725,72,'07','SAN PEDRO'),(726,72,'08','TINTA'),(727,73,'01','SANTO TOMAS'),(728,73,'02','CAPACMARCA'),(729,73,'03','COLQUEMARCA'),(730,73,'04','CHAMACA'),(731,73,'05','LIVITACA'),(732,73,'06','LLUSCO'),(733,73,'07','QUIÑOTA'),(734,73,'08','VELILLE'),(735,74,'01','ESPINAR'),(736,74,'02','CONDOROMA'),(737,74,'03','COPORAQUE'),(738,74,'04','OCORURO'),(739,74,'05','PALLPATA'),(740,74,'06','PICHIGUA'),(741,74,'07','SUYCKUTAMBO'),(742,74,'08','ALTO PICHIGUA'),(743,75,'01','SANTA ANA'),(744,75,'02','ECHARATE'),(745,75,'03','HUAYOPATA'),(746,75,'04','MARANURA'),(747,75,'05','OCOBAMBA'),(748,75,'06','SANTA TERESA'),(749,75,'07','VILCABAMBA'),(750,75,'08','QUELLOUNO'),(751,75,'09','KIMBIRI'),(752,75,'10','PICHARI'),(753,76,'01','PARURO'),(754,76,'02','ACCHA'),(755,76,'03','CCAPI'),(756,76,'04','COLCHA'),(757,76,'05','HUANOQUITE'),(758,76,'06','OMACHA'),(759,76,'07','YAURISQUE'),(760,76,'08','PACCARITAMBO'),(761,76,'09','PILLPINTO'),(762,77,'01','PAUCARTAMBO'),(763,77,'02','CAICAY'),(764,77,'03','COLQUEPATA'),(765,77,'04','CHALLABAMBA'),(766,77,'05','KOSÑIPATA'),(767,77,'06','HUANCARANI'),(768,78,'01','URCOS'),(769,78,'02','ANDAHUAYLILLAS'),(770,78,'03','CAMANTI'),(771,78,'04','CCARHUAYO'),(772,78,'05','CCATCA'),(773,78,'06','CUSIPATA'),(774,78,'07','HUARO'),(775,78,'08','LUCRE'),(776,78,'09','MARCAPATA'),(777,78,'10','OCONGATE'),(778,78,'11','OROPESA'),(779,78,'12','QUIQUIJANA'),(780,79,'01','URUBAMBA'),(781,79,'02','CHINCHERO'),(782,79,'03','HUAYLLABAMBA'),(783,79,'04','MACHUPICCHU'),(784,79,'05','MARAS'),(785,79,'06','OLLANTAYTAMBO'),(786,79,'07','YUCAY'),(787,80,'01','HUANCAVELICA'),(788,80,'02','ACOBAMBILLA'),(789,80,'03','ACORIA'),(790,80,'04','CONAYCA'),(791,80,'05','CUENCA'),(792,80,'06','HUACHOCOLPA'),(793,80,'08','HUAYLLAHUARA'),(794,80,'09','IZCUCHACA'),(795,80,'10','LARIA'),(796,80,'11','MANTA'),(797,80,'12','MARISCAL CACERES'),(798,80,'13','MOYA'),(799,80,'14','NUEVO OCCORO'),(800,80,'15','PALCA'),(801,80,'16','PILCHACA'),(802,80,'17','VILCA'),(803,80,'18','YAULI'),(804,80,'19','ASCENSION'),(805,80,'20','HUANDO'),(806,81,'01','ACOBAMBA'),(807,81,'02','ANTA'),(808,81,'03','ANDABAMBA'),(809,81,'04','CAJA'),(810,81,'05','MARCAS'),(811,81,'06','PAUCARA'),(812,81,'07','POMACOCHA'),(813,81,'08','ROSARIO'),(814,82,'01','LIRCAY'),(815,82,'02','ANCHONGA'),(816,82,'03','CALLANMARCA'),(817,82,'04','CONGALLA'),(818,82,'05','CHINCHO'),(819,82,'06','HUALLAY-GRANDE'),(820,82,'07','HUANCA-HUANCA'),(821,82,'08','JULCAMARCA'),(822,82,'09','SAN ANTONIO DE ANTAPARCO'),(823,82,'10','SANTO TOMAS DE PATA'),(824,82,'11','SECCLLA'),(825,82,'12','CCOCHACCASA'),(826,83,'01','CASTROVIRREYNA'),(827,83,'02','ARMA'),(828,83,'03','AURAHUA'),(829,83,'05','CAPILLAS'),(830,83,'06','COCAS'),(831,83,'08','CHUPAMARCA'),(832,83,'09','HUACHOS'),(833,83,'10','HUAMATAMBO'),(834,83,'14','MOLLEPAMPA'),(835,83,'22','SAN JUAN'),(836,83,'27','TANTARA'),(837,83,'28','TICRAPO'),(838,83,'29','SANTA ANA'),(839,84,'01','PAMPAS'),(840,84,'02','ACOSTAMBO'),(841,84,'03','ACRAQUIA'),(842,84,'04','AHUAYCHA'),(843,84,'06','COLCABAMBA'),(844,84,'09','DANIEL HERNANDEZ'),(845,84,'11','HUACHOCOLPA'),(846,84,'12','HUARIBAMBA'),(847,84,'15','ÑAHUIMPUQUIO'),(848,84,'17','PAZOS'),(849,84,'18','QUISHUAR'),(850,84,'19','SALCABAMBA'),(851,84,'20','SAN MARCOS DE ROCCHAC'),(852,84,'23','SURCUBAMBA'),(853,84,'25','TINTAY PUNCU'),(854,84,'26','SALCAHUASI'),(855,85,'01','AYAVI'),(856,85,'02','CORDOVA'),(857,85,'03','HUAYACUNDO ARMA'),(858,85,'04','HUAYTARA'),(859,85,'05','LARAMARCA'),(860,85,'06','OCOYO'),(861,85,'07','PILPICHACA'),(862,85,'08','QUERCO'),(863,85,'09','QUITO ARMA'),(864,85,'10','SAN ANTONIO DE CUSICANCHA'),(865,85,'11','SAN FRANCISCO DE SANGAYAICO'),(866,85,'12','SAN ISIDRO'),(867,85,'13','SANTIAGO DE CHOCORVOS'),(868,85,'14','SANTIAGO DE QUIRAHUARA'),(869,85,'15','SANTO DOMINGO DE CAPILLAS'),(870,85,'16','TAMBO'),(871,86,'01','CHURCAMPA'),(872,86,'02','ANCO'),(873,86,'03','CHINCHIHUASI'),(874,86,'04','EL CARMEN'),(875,86,'05','LA MERCED'),(876,86,'06','LOCROJA'),(877,86,'07','PAUCARBAMBA'),(878,86,'08','SAN MIGUEL DE MAYOCC'),(879,86,'09','SAN PEDRO DE CORIS'),(880,86,'10','PACHAMARCA'),(881,86,'11','COSME'),(882,87,'01','HUANUCO'),(883,87,'02','CHINCHAO'),(884,87,'03','CHURUBAMBA'),(885,87,'04','MARGOS'),(886,87,'05','QUISQUI'),(887,87,'06','SAN FRANCISCO DE CAYRAN'),(888,87,'07','SAN PEDRO DE CHAULAN'),(889,87,'08','SANTA MARIA DEL VALLE'),(890,87,'09','YARUMAYO'),(891,87,'10','AMARILIS'),(892,87,'11','PILLCO MARCA'),(893,87,'12','YACUS'),(894,88,'01','AMBO'),(895,88,'02','CAYNA'),(896,88,'03','COLPAS'),(897,88,'04','CONCHAMARCA'),(898,88,'05','HUACAR'),(899,88,'06','SAN FRANCISCO'),(900,88,'07','SAN RAFAEL'),(901,88,'08','TOMAY-KICHWA'),(902,89,'01','LA UNION'),(903,89,'07','CHUQUIS'),(904,89,'12','MARIAS'),(905,89,'14','PACHAS'),(906,89,'16','QUIVILLA'),(907,89,'17','RIPAN'),(908,89,'21','SHUNQUI'),(909,89,'22','SILLAPATA'),(910,89,'23','YANAS'),(911,90,'01','LLATA'),(912,90,'02','ARANCAY'),(913,90,'03','CHAVIN DE PARIARCA'),(914,90,'04','JACAS GRANDE'),(915,90,'05','JIRCAN'),(916,90,'06','MIRAFLORES'),(917,90,'07','MONZON'),(918,90,'08','PUNCHAO'),(919,90,'09','PUÑOS'),(920,90,'10','SINGA'),(921,90,'11','TANTAMAYO'),(922,91,'01','HUACRACHUCO'),(923,91,'02','CHOLON'),(924,91,'05','SAN BUENAVENTURA'),(925,92,'01','RUPA-RUPA'),(926,92,'02','DANIEL ALOMIA ROBLES'),(927,92,'03','HERMILIO VALDIZAN'),(928,92,'04','LUYANDO'),(929,92,'05','MARIANO DAMASO BERAUN'),(930,92,'06','JOSE CRESPO Y CASTILLO'),(931,93,'01','PANAO'),(932,93,'02','CHAGLLA'),(933,93,'04','MOLINO'),(934,93,'06','UMARI'),(935,94,'01','HONORIA'),(936,94,'02','PUERTO INCA'),(937,94,'03','CODO DEL POZUZO'),(938,94,'04','TOURNAVISTA'),(939,94,'05','YUYAPICHIS'),(940,95,'01','HUACAYBAMBA'),(941,95,'02','PINRA'),(942,95,'03','CANCHABAMBA'),(943,95,'04','COCHABAMBA'),(944,96,'01','JESUS'),(945,96,'02','BAÑOS'),(946,96,'03','SAN FRANCISCO DE ASIS'),(947,96,'04','QUEROPALCA'),(948,96,'05','SAN MIGUEL DE CAURI'),(949,96,'06','RONDOS'),(950,96,'07','JIVIA'),(951,97,'01','CHAVINILLO'),(952,97,'02','APARICIO POMARES'),(953,97,'03','CAHUAC'),(954,97,'04','CHACABAMBA'),(955,97,'05','JACAS CHICO'),(956,97,'06','OBAS'),(957,97,'07','PAMPAMARCA'),(958,97,'08','CHORAS'),(959,98,'01','ICA'),(960,98,'02','LA TINGUIÑA'),(961,98,'03','LOS AQUIJES'),(962,98,'04','PARCONA'),(963,98,'05','PUEBLO NUEVO'),(964,98,'06','SALAS'),(965,98,'07','SAN JOSE DE LOS MOLINOS'),(966,98,'08','SAN JUAN BAUTISTA'),(967,98,'09','SANTIAGO'),(968,98,'10','SUBTANJALLA'),(969,98,'11','YAUCA DEL ROSARIO'),(970,98,'12','TATE'),(971,98,'13','PACHACUTEC'),(972,98,'14','OCUCAJE'),(973,99,'01','CHINCHA ALTA'),(974,99,'02','CHAVIN'),(975,99,'03','CHINCHA BAJA'),(976,99,'04','EL CARMEN'),(977,99,'05','GROCIO PRADO'),(978,99,'06','SAN PEDRO DE HUACARPANA'),(979,99,'07','SUNAMPE'),(980,99,'08','TAMBO DE MORA'),(981,99,'09','ALTO LARAN'),(982,99,'10','PUEBLO NUEVO'),(983,99,'11','SAN JUAN DE YANAC'),(984,100,'01','NAZCA'),(985,100,'02','CHANGUILLO'),(986,100,'03','EL INGENIO'),(987,100,'04','MARCONA'),(988,100,'05','VISTA ALEGRE'),(989,101,'01','PISCO'),(990,101,'02','HUANCANO'),(991,101,'03','HUMAY'),(992,101,'04','INDEPENDENCIA'),(993,101,'05','PARACAS'),(994,101,'06','SAN ANDRES'),(995,101,'07','SAN CLEMENTE'),(996,101,'08','TUPAC AMARU INCA'),(997,102,'01','PALPA'),(998,102,'02','LLIPATA'),(999,102,'03','RIO GRANDE'),(1000,102,'04','SANTA CRUZ'),(1001,102,'05','TIBILLO'),(1002,103,'01','HUANCAYO'),(1003,103,'03','CARHUACALLANGA'),(1004,103,'04','COLCA'),(1005,103,'05','CULLHUAS'),(1006,103,'06','CHACAPAMPA'),(1007,103,'07','CHICCHE'),(1008,103,'08','CHILCA'),(1009,103,'09','CHONGOS ALTO'),(1010,103,'12','CHUPURO'),(1011,103,'13','EL TAMBO'),(1012,103,'14','HUACRAPUQUIO'),(1013,103,'16','HUALHUAS'),(1014,103,'18','HUANCAN'),(1015,103,'19','HUASICANCHA'),(1016,103,'20','HUAYUCACHI'),(1017,103,'21','INGENIO'),(1018,103,'22','PARIAHUANCA'),(1019,103,'23','PILCOMAYO'),(1020,103,'24','PUCARA'),(1021,103,'25','QUICHUAY'),(1022,103,'26','QUILCAS'),(1023,103,'27','SAN AGUSTIN'),(1024,103,'28','SAN JERONIMO DE TUNAN'),(1025,103,'31','SANTO DOMINGO DE ACOBAMBA'),(1026,103,'32','SAÑO'),(1027,103,'33','SAPALLANGA'),(1028,103,'34','SICAYA'),(1029,103,'36','VIQUES'),(1030,104,'01','CONCEPCION'),(1031,104,'02','ACO'),(1032,104,'03','ANDAMARCA'),(1033,104,'04','COMAS'),(1034,104,'05','COCHAS'),(1035,104,'06','CHAMBARA'),(1036,104,'07','HEROINAS TOLEDO'),(1037,104,'08','MANZANARES'),(1038,104,'09','MARISCAL CASTILLA'),(1039,104,'10','MATAHUASI'),(1040,104,'11','MITO'),(1041,104,'12','NUEVE DE JULIO'),(1042,104,'13','ORCOTUNA'),(1043,104,'14','SANTA ROSA DE OCOPA'),(1044,104,'15','SAN JOSE DE QUERO'),(1045,105,'01','JAUJA'),(1046,105,'02','ACOLLA'),(1047,105,'03','APATA'),(1048,105,'04','ATAURA'),(1049,105,'05','CANCHAYLLO'),(1050,105,'06','EL MANTARO'),(1051,105,'07','HUAMALI'),(1052,105,'08','HUARIPAMPA'),(1053,105,'09','HUERTAS'),(1054,105,'10','JANJAILLO'),(1055,105,'11','JULCAN'),(1056,105,'12','LEONOR ORDOÑEZ'),(1057,105,'13','LLOCLLAPAMPA'),(1058,105,'14','MARCO'),(1059,105,'15','MASMA'),(1060,105,'16','MOLINOS'),(1061,105,'17','MONOBAMBA'),(1062,105,'18','MUQUI'),(1063,105,'19','MUQUIYAUYO'),(1064,105,'20','PACA'),(1065,105,'21','PACCHA'),(1066,105,'22','PANCAN'),(1067,105,'23','PARCO'),(1068,105,'24','POMACANCHA'),(1069,105,'25','RICRAN'),(1070,105,'26','SAN LORENZO'),(1071,105,'27','SAN PEDRO DE CHUNAN'),(1072,105,'28','SINCOS'),(1073,105,'29','TUNAN MARCA'),(1074,105,'30','YAULI'),(1075,105,'31','CURICACA'),(1076,105,'32','MASMA CHICCHE'),(1077,105,'33','SAUSA'),(1078,105,'34','YAUYOS'),(1079,106,'01','JUNIN'),(1080,106,'02','CARHUAMAYO'),(1081,106,'03','ONDORES'),(1082,106,'04','ULCUMAYO'),(1083,107,'01','TARMA'),(1084,107,'02','ACOBAMBA'),(1085,107,'03','HUARICOLCA'),(1086,107,'04','HUASAHUASI'),(1087,107,'05','LA UNION'),(1088,107,'06','PALCA'),(1089,107,'07','PALCAMAYO'),(1090,107,'08','SAN PEDRO DE CAJAS'),(1091,107,'09','TAPO'),(1092,108,'01','LA OROYA'),(1093,108,'02','CHACAPALPA'),(1094,108,'03','HUAY HUAY'),(1095,108,'04','MARCAPOMACOCHA'),(1096,108,'05','MOROCOCHA'),(1097,108,'06','PACCHA'),(1098,108,'07','SANTA BARBARA DE CARHUACAYAN'),(1099,108,'08','SUITUCANCHA'),(1100,108,'09','YAULI'),(1101,108,'10','SANTA ROSA DE SACCO'),(1102,109,'01','SATIPO'),(1103,109,'02','COVIRIALI'),(1104,109,'03','LLAYLLA'),(1105,109,'04','MAZAMARI'),(1106,109,'05','PAMPA HERMOSA'),(1107,109,'06','PANGOA'),(1108,109,'07','RIO NEGRO'),(1109,109,'08','RIO TAMBO'),(1110,110,'01','CHANCHAMAYO'),(1111,110,'02','SAN RAMON'),(1112,110,'03','VITOC'),(1113,110,'04','SAN LUIS DE SHUARO'),(1114,110,'05','PICHANAQUI'),(1115,110,'06','PERENE'),(1116,111,'01','CHUPACA'),(1117,111,'02','AHUAC'),(1118,111,'03','CHONGOS BAJO'),(1119,111,'04','HUACHAC'),(1120,111,'05','HUAMANCACA CHICO'),(1121,111,'06','SAN JUAN DE YSCOS'),(1122,111,'07','SAN JUAN DE JARPA'),(1123,111,'08','TRES DE DICIEMBRE'),(1124,111,'09','YANACANCHA'),(1125,112,'01','TRUJILLO'),(1126,112,'02','HUANCHACO'),(1127,112,'03','LAREDO'),(1128,112,'04','MOCHE'),(1129,112,'05','SALAVERRY'),(1130,112,'06','SIMBAL'),(1131,112,'07','VICTOR LARCO HERRERA'),(1132,112,'09','POROTO'),(1133,112,'10','EL PORVENIR'),(1134,112,'11','LA ESPERANZA'),(1135,112,'12','FLORENCIA DE MORA'),(1136,113,'01','BOLIVAR'),(1137,113,'02','BAMBAMARCA'),(1138,113,'03','CONDORMARCA'),(1139,113,'04','LONGOTEA'),(1140,113,'05','UCUNCHA'),(1141,113,'06','UCHUMARCA'),(1142,114,'01','HUAMACHUCO'),(1143,114,'02','COCHORCO'),(1144,114,'03','CURGOS'),(1145,114,'04','CHUGAY'),(1146,114,'05','MARCABAL'),(1147,114,'06','SANAGORAN'),(1148,114,'07','SARIN'),(1149,114,'08','SARTIMBAMBA'),(1150,115,'01','OTUZCO'),(1151,115,'02','AGALLPAMPA'),(1152,115,'03','CHARAT'),(1153,115,'04','HUARANCHAL'),(1154,115,'05','LA CUESTA'),(1155,115,'08','PARANDAY'),(1156,115,'09','SALPO'),(1157,115,'10','SINSICAP'),(1158,115,'11','USQUIL'),(1159,115,'13','MACHE'),(1160,116,'01','SAN PEDRO DE LLOC'),(1161,116,'03','GUADALUPE'),(1162,116,'04','JEQUETEPEQUE'),(1163,116,'06','PACASMAYO'),(1164,116,'08','SAN JOSE'),(1165,117,'01','TAYABAMBA'),(1166,117,'02','BULDIBUYO'),(1167,117,'03','CHILLIA'),(1168,117,'04','HUAYLILLAS'),(1169,117,'05','HUANCASPATA'),(1170,117,'06','HUAYO'),(1171,117,'07','ONGON'),(1172,117,'08','PARCOY'),(1173,117,'09','PATAZ'),(1174,117,'10','PIAS'),(1175,117,'11','TAURIJA'),(1176,117,'12','URPAY'),(1177,117,'13','SANTIAGO DE CHALLAS'),(1178,118,'01','SANTIAGO DE CHUCO'),(1179,118,'02','CACHICADAN'),(1180,118,'03','MOLLEBAMBA'),(1181,118,'04','MOLLEPATA'),(1182,118,'05','QUIRUVILCA'),(1183,118,'06','SANTA CRUZ DE CHUCA'),(1184,118,'07','SITABAMBA'),(1185,118,'08','ANGASMARCA'),(1186,119,'01','ASCOPE'),(1187,119,'02','CHICAMA'),(1188,119,'03','CHOCOPE'),(1189,119,'04','SANTIAGO DE CAO'),(1190,119,'05','MAGDALENA DE CAO'),(1191,119,'06','PAIJAN'),(1192,119,'07','RAZURI'),(1193,120,'08','CASA GRANDE'),(1194,121,'01','CHEPEN'),(1195,121,'02','PACANGA'),(1196,121,'03','PUEBLO NUEVO'),(1197,122,'01','JULCAN'),(1198,122,'02','CARABAMBA'),(1199,122,'03','CALAMARCA'),(1200,122,'04','HUASO'),(1201,123,'01','CASCAS'),(1202,123,'02','LUCMA'),(1203,123,'03','MARMOT'),(1204,123,'04','SAYAPULLO'),(1205,124,'01','VIRU'),(1206,124,'02','CHAO'),(1207,124,'03','GUADALUPITO'),(1208,125,'01','CHICLAYO'),(1209,125,'02','CHONGOYAPE'),(1210,125,'03','ETEN'),(1211,125,'04','ETEN PUERTO'),(1212,125,'05','LAGUNAS'),(1213,125,'06','MONSEFU'),(1214,125,'07','NUEVA ARICA'),(1215,125,'08','OYOTUN'),(1216,125,'09','PICSI'),(1217,125,'10','PIMENTEL'),(1218,125,'11','REQUE'),(1219,125,'12','JOSE LEONARDO ORTIZ'),(1220,125,'13','SANTA ROSA'),(1221,125,'14','SAÑA'),(1222,125,'15','LA VICTORIA'),(1223,125,'16','CAYALTI'),(1224,125,'17','PATAPO'),(1225,125,'18','POMALCA'),(1226,125,'19','PUCALA'),(1227,125,'20','TUMAN'),(1228,126,'01','FERREÑAFE'),(1229,126,'02','INCAHUASI'),(1230,126,'03','CAÑARIS'),(1231,126,'04','PITIPO'),(1232,126,'05','PUEBLO NUEVO'),(1233,126,'06','MANUEL ANTONIO MESONES MURO'),(1234,127,'01','LAMBAYEQUE'),(1235,127,'02','CHOCHOPE'),(1236,127,'03','ILLIMO'),(1237,127,'04','JAYANCA'),(1238,127,'05','MOCHUMI'),(1239,127,'06','MORROPE'),(1240,127,'07','MOTUPE'),(1241,127,'08','OLMOS'),(1242,127,'09','PACORA'),(1243,127,'10','SALAS'),(1244,127,'11','SAN JOSE'),(1245,127,'12','TUCUME'),(1246,128,'01','LIMA'),(1247,128,'02','ANCON'),(1248,128,'03','ATE'),(1249,128,'04','BREÑA'),(1250,128,'05','CARABAYLLO'),(1251,128,'06','COMAS'),(1252,128,'07','CHACLACAYO'),(1253,128,'08','CHORRILLOS'),(1254,128,'09','LA VICTORIA'),(1255,128,'10','LA MOLINA'),(1256,128,'11','LINCE'),(1257,128,'12','LURIGANCHO'),(1258,128,'13','LURIN'),(1259,128,'14','MAGDALENA DEL MAR'),(1260,128,'15','MIRAFLORES'),(1261,128,'16','PACHACAMAC'),(1262,128,'17','PUEBLO LIBRE'),(1263,128,'18','PUCUSANA'),(1264,128,'19','PUENTE PIEDRA'),(1265,128,'20','PUNTA HERMOSA'),(1266,128,'21','PUNTA NEGRA'),(1267,128,'22','RIMAC'),(1268,128,'23','SAN BARTOLO'),(1269,128,'24','SAN ISIDRO'),(1270,128,'25','BARRANCO'),(1271,128,'26','SAN MARTIN DE PORRES'),(1272,128,'27','SAN MIGUEL'),(1273,128,'28','SANTA MARIA DEL MAR'),(1274,128,'29','SANTA ROSA'),(1275,128,'30','SANTIAGO DE SURCO'),(1276,128,'31','SURQUILLO'),(1277,128,'32','VILLA MARIA DEL TRIUNFO'),(1278,128,'33','JESUS MARIA'),(1279,128,'34','INDEPENDENCIA'),(1280,128,'35','EL AGUSTINO'),(1281,128,'36','SAN JUAN DE MIRAFLORES'),(1282,128,'37','SAN JUAN DE LURIGANCHO'),(1283,128,'38','SAN LUIS'),(1284,128,'39','CIENEGUILLA'),(1285,128,'40','SAN BORJA'),(1286,128,'41','VILLA EL SALVADOR'),(1287,128,'42','LOS OLIVOS'),(1288,128,'43','SANTA ANITA'),(1289,129,'01','CAJATAMBO'),(1290,129,'05','COPA'),(1291,129,'06','GORGOR'),(1292,129,'07','HUANCAPON'),(1293,129,'08','MANAS'),(1294,130,'01','CANTA'),(1295,130,'02','ARAHUAY'),(1296,130,'03','HUAMANTANGA'),(1297,130,'04','HUAROS'),(1298,130,'05','LACHAQUI'),(1299,130,'06','SAN BUENAVENTURA'),(1300,130,'07','SANTA ROSA DE QUIVES'),(1301,131,'01','SAN VICENTE DE CAÑETE'),(1302,131,'02','CALANGO'),(1303,131,'03','CERRO AZUL'),(1304,131,'04','COAYLLO'),(1305,131,'05','CHILCA'),(1306,131,'06','IMPERIAL'),(1307,131,'07','LUNAHUANA'),(1308,131,'08','MALA'),(1309,131,'09','NUEVO IMPERIAL'),(1310,131,'10','PACARAN'),(1311,131,'11','QUILMANA'),(1312,131,'12','SAN ANTONIO'),(1313,131,'13','SAN LUIS'),(1314,131,'14','SANTA CRUZ DE FLORES'),(1315,131,'15','ZUÑIGA'),(1316,131,'16','ASIA'),(1317,132,'01','HUACHO'),(1318,132,'02','AMBAR'),(1319,132,'04','CALETA DE CARQUIN'),(1320,132,'05','CHECRAS'),(1321,132,'06','HUALMAY'),(1322,132,'07','HUAURA'),(1323,132,'08','LEONCIO PRADO'),(1324,132,'09','PACCHO'),(1325,132,'11','SANTA LEONOR'),(1326,132,'12','SANTA MARIA'),(1327,132,'13','SAYAN'),(1328,132,'16','VEGUETA'),(1329,133,'01','MATUCANA'),(1330,133,'02','ANTIOQUIA'),(1331,133,'03','CALLAHUANCA'),(1332,133,'04','CARAMPOMA'),(1333,133,'05','CASTA'),(1334,133,'06','SAN JOSE DE LOS CHORRILLOS'),(1335,133,'07','CHICLA'),(1336,133,'08','HUANZA'),(1337,133,'09','HUAROCHIRI'),(1338,133,'10','LAHUAYTAMBO'),(1339,133,'11','LANGA'),(1340,133,'12','MARIATANA'),(1341,133,'13','RICARDO PALMA'),(1342,133,'14','SAN ANDRES DE TUPICOCHA'),(1343,133,'15','SAN ANTONIO'),(1344,133,'16','SAN BARTOLOME'),(1345,133,'17','SAN DAMIAN'),(1346,133,'18','SANGALLAYA'),(1347,133,'19','SAN JUAN DE TANTARANCHE'),(1348,133,'20','SAN LORENZO DE QUINTI'),(1349,133,'21','SAN MATEO'),(1350,133,'22','SAN MATEO DE OTAO'),(1351,133,'23','SAN PEDRO DE HUANCAYRE'),(1352,133,'24','SANTA CRUZ DE COCACHACRA'),(1353,133,'25','SANTA EULALIA'),(1354,133,'26','SANTIAGO DE ANCHUCAYA'),(1355,133,'27','SANTIAGO DE TUNA'),(1356,133,'28','SANTO DOMINGO DE LOS OLLEROS'),(1357,133,'29','SURCO'),(1358,133,'30','HUACHUPAMPA'),(1359,133,'31','LARAOS'),(1360,133,'32','SAN JUAN DE IRIS'),(1361,134,'01','YAUYOS'),(1362,134,'02','ALIS'),(1363,134,'03','ALLAUCA'),(1364,134,'04','AYAVIRI'),(1365,134,'05','AZANGARO'),(1366,134,'06','CACRA'),(1367,134,'07','CARANIA'),(1368,134,'08','COCHAS'),(1369,134,'09','COLONIA'),(1370,134,'10','CHOCOS'),(1371,134,'11','HUAMPARA'),(1372,134,'12','HUANCAYA'),(1373,134,'13','HUANGASCAR'),(1374,134,'14','HUANTAN'),(1375,134,'15','HUAÑEC'),(1376,134,'16','LARAOS'),(1377,134,'17','LINCHA'),(1378,134,'18','MIRAFLORES'),(1379,134,'19','OMAS'),(1380,134,'20','QUINCHES'),(1381,134,'21','QUINOCAY'),(1382,134,'22','SAN JOAQUIN'),(1383,134,'23','SAN PEDRO DE PILAS'),(1384,134,'24','TANTA'),(1385,134,'25','TAURIPAMPA'),(1386,134,'26','TUPE'),(1387,134,'27','TOMAS'),(1388,134,'28','VIÑAC'),(1389,134,'29','VITIS'),(1390,134,'30','HONGOS'),(1391,134,'31','MADEAN'),(1392,134,'32','PUTINZA'),(1393,134,'33','CATAHUASI'),(1394,135,'01','HUARAL'),(1395,135,'02','ATAVILLOS ALTO'),(1396,135,'03','ATAVILLOS BAJO'),(1397,135,'04','AUCALLAMA'),(1398,135,'05','CHANCAY'),(1399,135,'06','IHUARI'),(1400,135,'07','LAMPIAN'),(1401,135,'08','PACARAOS'),(1402,135,'09','SAN MIGUEL DE ACOS'),(1403,135,'10','VEINTISIETE DE NOVIEMBRE'),(1404,135,'11','SANTA CRUZ DE ANDAMARCA'),(1405,135,'12','SUMBILCA'),(1406,136,'01','BARRANCA'),(1407,136,'02','PARAMONGA'),(1408,136,'03','PATIVILCA'),(1409,136,'04','SUPE'),(1410,136,'05','SUPE PUERTO'),(1411,137,'01','OYON'),(1412,137,'02','NAVAN'),(1413,137,'03','CAUJUL'),(1414,137,'04','ANDAJES'),(1415,137,'05','PACHANGARA'),(1416,137,'06','COCHAMARCA'),(1417,138,'01','IQUITOS'),(1418,138,'02','ALTO NANAY'),(1419,138,'03','FERNANDO LORES'),(1420,138,'04','LAS AMAZONAS'),(1421,138,'05','MAZAN'),(1422,138,'06','NAPO'),(1423,138,'07','PUTUMAYO'),(1424,138,'08','TORRES CAUSANA'),(1425,138,'10','INDIANA'),(1426,138,'11','PUNCHANA'),(1427,138,'12','BELEN'),(1428,138,'13','SAN JUAN BAUTISTA'),(1429,138,'14','TENIENTE MANUEL CLAVERO'),(1430,139,'01','YURIMAGUAS'),(1431,139,'02','BALSAPUERTO'),(1432,139,'05','JEBEROS'),(1433,139,'06','LAGUNAS'),(1434,139,'10','SANTA CRUZ'),(1435,139,'11','TENIENTE CESAR LOPEZ ROJAS'),(1436,140,'01','NAUTA'),(1437,140,'02','PARINARI'),(1438,140,'03','TIGRE'),(1439,140,'04','URARINAS'),(1440,140,'05','TROMPETEROS'),(1441,141,'01','REQUENA'),(1442,141,'02','ALTO TAPICHE'),(1443,141,'03','CAPELO'),(1444,141,'04','EMILIO SAN MARTIN'),(1445,141,'05','MAQUIA'),(1446,141,'06','PUINAHUA'),(1447,141,'07','SAQUENA'),(1448,141,'08','SOPLIN'),(1449,141,'09','TAPICHE'),(1450,141,'10','JENARO HERRERA'),(1451,141,'11','YAQUERANA'),(1452,142,'01','CONTAMANA'),(1453,142,'02','VARGAS GUERRA'),(1454,142,'03','PADRE MARQUEZ'),(1455,142,'04','PAMPA HERMOSA'),(1456,142,'05','SARAYACU'),(1457,142,'06','INAHUAYA'),(1458,143,'01','RAMON CASTILLA'),(1459,143,'02','PEBAS'),(1460,143,'03','YAVARI'),(1461,143,'04','SAN PABLO'),(1462,144,'01','BARRANCA'),(1463,144,'02','ANDOAS'),(1464,144,'03','CAHUAPANAS'),(1465,144,'04','MANSERICHE'),(1466,144,'05','MORONA'),(1467,144,'06','PASTAZA'),(1468,145,'01','TAMBOPATA'),(1469,145,'02','INAMBARI'),(1470,145,'03','LAS PIEDRAS'),(1471,145,'04','LABERINTO'),(1472,146,'01','MANU'),(1473,146,'02','FITZCARRALD'),(1474,146,'03','MADRE DE DIOS'),(1475,146,'04','HUEPETUHE'),(1476,147,'01','IÑAPARI'),(1477,147,'02','IBERIA'),(1478,147,'03','TAHUAMANU'),(1479,148,'01','MOQUEGUA'),(1480,148,'02','CARUMAS'),(1481,148,'03','CUCHUMBAYA'),(1482,148,'04','SAN CRISTOBAL'),(1483,148,'05','TORATA'),(1484,148,'06','SAMEGUA'),(1485,149,'01','OMATE'),(1486,149,'02','COALAQUE'),(1487,149,'03','CHOJATA'),(1488,149,'04','ICHUÑA'),(1489,149,'05','LA CAPILLA'),(1490,149,'06','LLOQUE'),(1491,149,'07','MATALAQUE'),(1492,149,'08','PUQUINA'),(1493,149,'09','QUINISTAQUILLAS'),(1494,149,'10','UBINAS'),(1495,149,'11','YUNGA'),(1496,150,'01','ILO'),(1497,150,'02','EL ALGARROBAL'),(1498,150,'03','PACOCHA'),(1499,151,'01','CHAUPIMARCA'),(1500,151,'03','HUACHON'),(1501,151,'04','HUARIACA'),(1502,151,'05','HUAYLLAY'),(1503,151,'06','NINACACA'),(1504,151,'07','PALLANCHACRA'),(1505,151,'08','PAUCARTAMBO'),(1506,151,'09','SAN FCO DE ASIS DE YARUSYACAN'),(1507,151,'10','SIMON BOLIVAR'),(1508,151,'11','TICLACAYAN'),(1509,151,'12','TINYAHUARCO'),(1510,151,'13','VICCO'),(1511,151,'14','YANACANCHA'),(1512,152,'01','YANAHUANCA'),(1513,152,'02','CHACAYAN'),(1514,152,'03','GOYLLARISQUIZGA'),(1515,152,'04','PAUCAR'),(1516,152,'05','SAN PEDRO DE PILLAO'),(1517,152,'06','SANTA ANA DE TUSI'),(1518,152,'07','TAPUC'),(1519,152,'08','VILCABAMBA'),(1520,153,'01','OXAPAMPA'),(1521,153,'02','CHONTABAMBA'),(1522,153,'03','HUANCABAMBA'),(1523,153,'04','PUERTO BERMUDEZ'),(1524,153,'05','VILLA RICA'),(1525,153,'06','POZUZO'),(1526,153,'07','PALCAZU'),(1527,153,'08','CONSTITUCION'),(1528,154,'01','PIURA'),(1529,154,'03','CASTILLA'),(1530,154,'04','CATACAOS'),(1531,154,'05','LA ARENA'),(1532,154,'06','LA UNION'),(1533,154,'07','LAS LOMAS'),(1534,154,'09','TAMBO GRANDE'),(1535,154,'13','CURA MORI'),(1536,154,'14','EL TALLAN'),(1537,154,'15','VEINTISEIS DE OCTUBRE'),(1538,155,'01','AYABACA'),(1539,155,'02','FRIAS'),(1540,155,'03','LAGUNAS'),(1541,155,'04','MONTERO'),(1542,155,'05','PACAIPAMPA'),(1543,155,'06','SAPILLICA'),(1544,155,'07','SICCHEZ'),(1545,155,'08','SUYO'),(1546,155,'09','JILILI'),(1547,155,'10','PAIMAS'),(1548,156,'01','HUANCABAMBA'),(1549,156,'02','CANCHAQUE'),(1550,156,'03','HUARMACA'),(1551,156,'04','SONDOR'),(1552,156,'05','SONDORILLO'),(1553,156,'06','EL CARMEN DE LA FRONTERA'),(1554,156,'07','SAN MIGUEL DE EL FAIQUE'),(1555,156,'08','LALAQUIZ'),(1556,157,'01','CHULUCANAS'),(1557,157,'02','BUENOS AIRES'),(1558,157,'03','CHALACO'),(1559,157,'04','MORROPON'),(1560,157,'05','SALITRAL'),(1561,157,'06','SANTA CATALINA DE MOSSA'),(1562,157,'07','SANTO DOMINGO'),(1563,157,'08','LA MATANZA'),(1564,157,'09','YAMANGO'),(1565,157,'10','SAN JUAN DE BIGOTE'),(1566,158,'01','PAITA'),(1567,158,'02','AMOTAPE'),(1568,158,'03','ARENAL'),(1569,158,'04','LA HUACA'),(1570,158,'05','COLAN'),(1571,158,'06','TAMARINDO'),(1572,158,'07','VICHAYAL'),(1573,159,'01','SULLANA'),(1574,159,'02','BELLAVISTA'),(1575,159,'03','LANCONES'),(1576,159,'04','MARCAVELICA'),(1577,159,'05','MIGUEL CHECA'),(1578,159,'06','QUERECOTILLO'),(1579,159,'07','SALITRAL'),(1580,159,'08','IGNACIO ESCUDERO'),(1581,160,'01','PARIÑAS'),(1582,160,'02','EL ALTO'),(1583,160,'03','LA BREA'),(1584,160,'04','LOBITOS'),(1585,160,'05','MANCORA'),(1586,160,'06','LOS ORGANOS'),(1587,161,'01','SECHURA'),(1588,161,'02','VICE'),(1589,161,'03','BERNAL'),(1590,161,'04','BELLAVISTA DE LA UNION'),(1591,161,'05','CRISTO NOS VALGA'),(1592,161,'06','RINCONADA-LLICUAR'),(1593,162,'01','PUNO'),(1594,162,'02','ACORA'),(1595,162,'03','ATUNCOLLA'),(1596,162,'04','CAPACHICA'),(1597,162,'05','COATA'),(1598,162,'06','CHUCUITO'),(1599,162,'07','HUATA'),(1600,162,'08','MAÑAZO'),(1601,162,'09','PAUCARCOLLA'),(1602,162,'10','PICHACANI'),(1603,162,'11','SAN ANTONIO'),(1604,162,'12','TIQUILLACA'),(1605,162,'13','VILQUE'),(1606,162,'14','PLATERIA'),(1607,162,'15','AMANTANI'),(1608,163,'01','AZANGARO'),(1609,163,'02','ACHAYA'),(1610,163,'03','ARAPA'),(1611,163,'04','ASILLO'),(1612,163,'05','CAMINACA'),(1613,163,'06','CHUPA'),(1614,163,'07','JOSE DOMINGO CHOQUEHUANCA'),(1615,163,'08','MUÑANI'),(1616,163,'10','POTONI'),(1617,163,'12','SAMAN'),(1618,163,'13','SAN ANTON'),(1619,163,'14','SAN JOSE'),(1620,163,'15','SAN JUAN DE SALINAS'),(1621,163,'16','SANTIAGO DE PUPUJA'),(1622,163,'17','TIRAPATA'),(1623,164,'01','MACUSANI'),(1624,164,'02','AJOYANI'),(1625,164,'03','AYAPATA'),(1626,164,'04','COASA'),(1627,164,'05','CORANI'),(1628,164,'06','CRUCERO'),(1629,164,'07','ITUATA'),(1630,164,'08','OLLACHEA'),(1631,164,'09','SAN GABAN'),(1632,164,'10','USICAYOS'),(1633,165,'01','JULI'),(1634,165,'02','DESAGUADERO'),(1635,165,'03','HUACULLANI'),(1636,165,'06','PISACOMA'),(1637,165,'07','POMATA'),(1638,165,'10','ZEPITA'),(1639,165,'12','KELLUYO'),(1640,166,'01','HUANCANE'),(1641,166,'02','COJATA'),(1642,166,'04','INCHUPALLA'),(1643,166,'06','PUSI'),(1644,166,'07','ROSASPATA'),(1645,166,'08','TARACO'),(1646,166,'09','VILQUE CHICO'),(1647,166,'11','HUATASANI'),(1648,167,'01','LAMPA'),(1649,167,'02','CABANILLA'),(1650,167,'03','CALAPUJA'),(1651,167,'04','NICASIO'),(1652,167,'05','OCUVIRI'),(1653,167,'06','PALCA'),(1654,167,'07','PARATIA'),(1655,167,'08','PUCARA'),(1656,167,'09','SANTA LUCIA'),(1657,167,'10','VILAVILA'),(1658,168,'01','AYAVIRI'),(1659,168,'02','ANTAUTA'),(1660,168,'03','CUPI'),(1661,168,'04','LLALLI'),(1662,168,'05','MACARI'),(1663,168,'06','NUÑOA'),(1664,168,'07','ORURILLO'),(1665,168,'08','SANTA ROSA'),(1666,168,'09','UMACHIRI'),(1667,169,'01','SANDIA'),(1668,169,'03','CUYOCUYO'),(1669,169,'04','LIMBANI'),(1670,169,'05','PHARA'),(1671,169,'06','PATAMBUCO'),(1672,169,'07','QUIACA'),(1673,169,'08','SAN JUAN DEL ORO'),(1674,169,'10','YANAHUAYA'),(1675,169,'11','ALTO INAMBARI'),(1676,169,'12','SAN PEDRO DE PUTINA PUNCO'),(1677,170,'01','JULIACA'),(1678,170,'02','CABANA'),(1679,170,'03','CABANILLAS'),(1680,170,'04','CARACOTO'),(1681,171,'01','YUNGUYO'),(1682,171,'02','UNICACHI'),(1683,171,'03','ANAPIA'),(1684,171,'04','COPANI'),(1685,171,'05','CUTURAPI'),(1686,171,'06','OLLARAYA'),(1687,171,'07','TINICACHI'),(1688,172,'01','PUTINA'),(1689,172,'02','PEDRO VILCA APAZA'),(1690,172,'03','QUILCAPUNCU'),(1691,172,'04','ANANEA'),(1692,172,'05','SINA'),(1693,173,'01','ILAVE'),(1694,173,'02','PILCUYO'),(1695,173,'03','SANTA ROSA'),(1696,173,'04','CAPASO'),(1697,173,'05','CONDURIRI'),(1698,174,'01','MOHO'),(1699,174,'02','CONIMA'),(1700,174,'03','TILALI'),(1701,174,'04','HUAYRAPATA'),(1702,175,'01','MOYOBAMBA'),(1703,175,'02','CALZADA'),(1704,175,'03','HABANA'),(1705,175,'04','JEPELACIO'),(1706,175,'05','SORITOR'),(1707,175,'06','YANTALO'),(1708,176,'01','SAPOSOA'),(1709,176,'02','PISCOYACU'),(1710,176,'03','SACANCHE'),(1711,176,'04','TINGO DE SAPOSOA'),(1712,176,'05','ALTO SAPOSOA'),(1713,176,'06','EL ESLABON'),(1714,177,'01','LAMAS'),(1715,177,'03','BARRANQUITA'),(1716,177,'04','CAYNARACHI'),(1717,177,'05','CUÑUMBUQUI'),(1718,177,'06','PINTO RECODO'),(1719,177,'07','RUMISAPA'),(1720,177,'11','SHANAO'),(1721,177,'13','TABALOSOS'),(1722,177,'14','ZAPATERO'),(1723,177,'15','ALONSO DE ALVARADO'),(1724,177,'16','SAN ROQUE DE CUMBAZA'),(1725,178,'01','JUANJUI'),(1726,178,'02','CAMPANILLA'),(1727,178,'03','HUICUNGO'),(1728,178,'04','PACHIZA'),(1729,178,'05','PAJARILLO'),(1730,179,'01','RIOJA'),(1731,179,'02','POSIC'),(1732,179,'03','YORONGOS'),(1733,179,'04','YURACYACU'),(1734,179,'05','NUEVA CAJAMARCA'),(1735,179,'06','ELIAS SOPLIN VARGAS'),(1736,179,'07','SAN FERNANDO'),(1737,179,'08','PARDO MIGUEL'),(1738,179,'09','AWAJUN'),(1739,180,'01','TARAPOTO'),(1740,180,'02','ALBERTO LEVEAU'),(1741,180,'04','CACATACHI'),(1742,180,'06','CHAZUTA'),(1743,180,'07','CHIPURANA'),(1744,180,'08','EL PORVENIR'),(1745,180,'09','HUIMBAYOC'),(1746,180,'10','JUAN GUERRA'),(1747,180,'11','MORALES'),(1748,180,'12','PAPAPLAYA'),(1749,180,'16','SAN ANTONIO'),(1750,180,'19','SAUCE'),(1751,180,'20','SHAPAJA'),(1752,180,'21','LA BANDA DE SHILCAYO'),(1753,181,'01','BELLAVISTA'),(1754,181,'02','SAN RAFAEL'),(1755,181,'03','SAN PABLO'),(1756,181,'04','ALTO BIAVO'),(1757,181,'05','HUALLAGA'),(1758,181,'06','BAJO BIAVO'),(1759,182,'01','TOCACHE'),(1760,182,'02','NUEVO PROGRESO'),(1761,182,'03','POLVORA'),(1762,182,'04','SHUNTE'),(1763,182,'05','UCHIZA'),(1764,183,'01','PICOTA'),(1765,183,'02','BUENOS AIRES'),(1766,183,'03','CASPIZAPA'),(1767,183,'04','PILLUANA'),(1768,183,'05','PUCACACA'),(1769,183,'06','SAN CRISTOBAL'),(1770,183,'07','SAN HILARION'),(1771,183,'08','TINGO DE PONASA'),(1772,183,'09','TRES UNIDOS'),(1773,183,'10','SHAMBOYACU'),(1774,184,'01','SAN JOSE DE SISA'),(1775,184,'02','AGUA BLANCA'),(1776,184,'03','SHATOJA'),(1777,184,'04','SAN MARTIN'),(1778,184,'05','SANTA ROSA'),(1779,185,'01','TACNA'),(1780,185,'02','CALANA'),(1781,185,'04','INCLAN'),(1782,185,'07','PACHIA'),(1783,185,'08','PALCA'),(1784,185,'09','POCOLLAY'),(1785,185,'10','SAMA'),(1786,185,'11','ALTO DE LA ALIANZA'),(1787,185,'12','CIUDAD NUEVA'),(1788,185,'13','CORONEL GREGORIO ALBARRACIN L.'),(1789,186,'01','TARATA'),(1790,186,'05','HEROES ALBARRACIN'),(1791,186,'06','ESTIQUE'),(1792,186,'07','ESTIQUE PAMPA'),(1793,186,'10','SITAJARA'),(1794,186,'11','SUSAPAYA'),(1795,186,'12','TARUCACHI'),(1796,186,'13','TICACO'),(1797,187,'01','LOCUMBA'),(1798,187,'02','ITE'),(1799,187,'03','ILABAYA'),(1800,188,'01','CANDARAVE'),(1801,188,'02','CAIRANI'),(1802,188,'03','CURIBAYA'),(1803,188,'04','HUANUARA'),(1804,188,'05','QUILAHUANI'),(1805,188,'06','CAMILACA'),(1806,189,'01','TUMBES'),(1807,189,'02','CORRALES'),(1808,189,'03','LA CRUZ'),(1809,189,'04','PAMPAS DE HOSPITAL'),(1810,189,'05','SAN JACINTO'),(1811,189,'06','SAN JUAN DE LA VIRGEN'),(1812,190,'01','ZORRITOS'),(1813,190,'02','CASITAS'),(1814,190,'03','CANOAS DE PUNTA SAL'),(1815,191,'01','ZARUMILLA'),(1816,191,'02','MATAPALO'),(1817,191,'03','PAPAYAL'),(1818,191,'04','AGUAS VERDES'),(1819,192,'01','CALLAO'),(1820,192,'02','BELLAVISTA'),(1821,192,'03','LA PUNTA'),(1822,192,'04','CARMEN DE LA LEGUA-REYNOSO'),(1823,192,'05','LA PERLA'),(1824,192,'06','VENTANILLA'),(1825,193,'01','CALLERIA'),(1826,193,'02','YARINACOCHA'),(1827,193,'03','MASISEA'),(1828,193,'04','CAMPOVERDE'),(1829,193,'05','IPARIA'),(1830,193,'06','NUEVA REQUENA'),(1831,193,'07','MANANTAY'),(1832,194,'01','PADRE ABAD'),(1833,194,'02','IRAZOLA'),(1834,194,'03','CURIMANA'),(1835,195,'01','RAIMONDI'),(1836,195,'02','TAHUANIA'),(1837,195,'03','YURUA'),(1838,195,'04','SEPAHUA'),(1839,196,'01','PURUS');

UNLOCK TABLES;

/*Table structure for table `docente` */

DROP TABLE IF EXISTS `docente`;

CREATE TABLE `docente` (
  `doceID` int(11) unsigned NOT NULL AUTO_INCREMENT,
  `enti_ID` int(11) unsigned NOT NULL,
  `doce_name` varchar(100) NOT NULL,
  `doce_lastname` varchar(100) NOT NULL,
  `doce_dni` varchar(8) NOT NULL,
  `doce_sexo` bit(1) NOT NULL,
  `doce_specialty` varchar(200) DEFAULT NULL,
  `doce_email` varchar(150) DEFAULT NULL,
  `doce_active` bit(1) NOT NULL DEFAULT b'0',
  `doce_request_number` varchar(60) NOT NULL,
  `doce_username` varchar(15) NOT NULL,
  `doce_password` varchar(60) NOT NULL,
  `doce_locked` bit(1) NOT NULL DEFAULT b'0',
  `doce_pin` varchar(4) DEFAULT NULL,
  `doce_last_access` datetime DEFAULT NULL,
  `doce_date_created` datetime DEFAULT NULL,
  `doce_date_modified` datetime DEFAULT NULL,
  `doce_status` bit(1) NOT NULL DEFAULT b'1',
  PRIMARY KEY (`doceID`),
  KEY `fk_docentes_entidad_1` (`enti_ID`),
  CONSTRAINT `fk_docentes_entidad_1` FOREIGN KEY (`enti_ID`) REFERENCES `entidad` (`entiID`)
) ENGINE=InnoDB AUTO_INCREMENT=15 DEFAULT CHARSET=utf8;

/*Data for the table `docente` */

LOCK TABLES `docente` WRITE;

insert  into `docente`(`doceID`,`enti_ID`,`doce_name`,`doce_lastname`,`doce_dni`,`doce_sexo`,`doce_specialty`,`doce_email`,`doce_active`,`doce_request_number`,`doce_username`,`doce_password`,`doce_locked`,`doce_pin`,`doce_last_access`,`doce_date_created`,`doce_date_modified`,`doce_status`) values (1,34,'Victor Andrés','Hostos Chumpitazi','08137560','\0','Economista','vhostos@pcm.gob.pe','','','vHostosc','218f530b5fdb8652f417f67c3e05d84992c08fa7','\0',NULL,'2016-05-20 16:09:14','2016-04-25 23:41:13','2016-05-03 12:46:03',''),(5,34,'Flora Leonor','Huamán Oré','40210000','','G.C','fhuamanore@pcm.gob.pe','\0','51fc6f524b32bb7c9c817436a010c42b2e0deb1b','chuaman863','5539311a656fdc31ff47b9e4e72b39ea393caa36','\0',NULL,NULL,'2016-05-02 15:04:30','2016-05-02 15:41:20','\0'),(6,34,'Flora','Huaman','40210001','','g.c','fhuamanore@gmail.com','','7ee0caa704e7f55743af56a0624ad636b99d94e4','chuaman863','668e5806a02af6a6b02146913f49b2ead676d761','\0',NULL,'2016-05-06 08:32:22','2016-05-02 15:42:47','2016-05-06 10:25:50',''),(7,15,'Victor Franco','Chinchay Alburqueque','47484946','\0','Ingeniero informatico','support@treffpunkt-liebefeld.ch','','8279524a5fa3752649c750ef35d846dc9fab9e19','cchinchay584','7c4a8d09ca3762af61e59520943dc26494f8941b','\0',NULL,'2016-05-05 14:01:28','2016-05-05 15:59:16','2016-05-05 15:59:16',''),(8,34,'Franco','Alburqueque Chinchay','71850908','\0','Sistemas','franco_chinchay@hotmail.com,vchinchay@pcm.gob.pe','','2f62e2a4ca2c895d66d4ed7db6f6190b0c9cc530','calburqueque600','7c4a8d09ca3762af61e59520943dc26494f8941b','\0',NULL,'2016-05-10 13:09:41','2016-05-09 13:56:30','2016-05-09 13:56:30',''),(9,34,'Jonathan Joel','Villar Tang','45400165','\0','Tic','fhuaman@pcm.gob.pe','\0','5db1baf6e16ebe73d627a8feab7eb3bc2630d944','cvillar605','7c4a8d09ca3762af61e59520943dc26494f8941b','\0',NULL,NULL,'2016-05-27 15:28:02','2016-05-27 15:28:02',''),(10,34,'Guillermo','Beltran Delgado','15151515','\0','Ing.sistemas','fhuaman@pcm.gob.pe','','5804b4afe62d3c119547bceacebc3317903c8928','cbeltran383','7c4a8d09ca3762af61e59520943dc26494f8941b','\0',NULL,'2016-06-23 22:04:09','2016-05-31 10:48:07','2016-05-31 10:48:07',''),(11,1,'Juan Carlos','Guerra','14141414','\0','Ing. electrónico','fhuaman@pcm.gob.pe,fhuamanore@gmail.com','','34a5e6d3e13312f6b1bd9c08e17cdd40ea30824d','cguerra154','7c4a8d09ca3762af61e59520943dc26494f8941b','\0',NULL,'2016-06-01 11:44:05','2016-06-01 10:57:44','2016-06-01 11:04:43',''),(12,34,'Sebastian','Rivera Cheng','46210351','\0',NULL,'lrivera@pcm.gob.pe','','44ea82db12477c38c35aa46645c4a9291769d456','crivera184','7c4a8d09ca3762af61e59520943dc26494f8941b','\0',NULL,NULL,'2016-06-14 09:18:09','2016-06-14 09:18:09',''),(13,34,'Sonia','Barrios','08569017','',NULL,'sbarrios@pcm.gob.pe','','d3d2e1efb0f21546bda1c46c4e6e0ad9dd2477d2','cbarrios389','7c4a8d09ca3762af61e59520943dc26494f8941b','\0',NULL,'2016-06-21 16:01:16','2016-06-14 10:21:14','2016-06-14 10:21:14',''),(14,34,'Heber','Cusma Saldaña','27437789','\0','Abogado','hcusma@pcm.gob.pe','','fa4d8cc3eaab1b3af35006ef098f014430a13557','ccusma847','7c4a8d09ca3762af61e59520943dc26494f8941b','\0',NULL,NULL,'2016-06-16 10:03:47','2016-06-16 10:03:47','');

UNLOCK TABLES;

/*Table structure for table `entidad` */

DROP TABLE IF EXISTS `entidad`;

CREATE TABLE `entidad` (
  `entiID` int(11) unsigned NOT NULL AUTO_INCREMENT,
  `ensu_ID` int(11) unsigned NOT NULL,
  `enti_ubigeo` varchar(6) NOT NULL,
  `enti_cue` varchar(10) DEFAULT NULL,
  `enti_name` varchar(200) NOT NULL,
  `enti_description` text,
  `enti_date_created` datetime DEFAULT NULL,
  `enti_date_modified` datetime DEFAULT NULL,
  `enti_status` bit(1) NOT NULL DEFAULT b'1',
  PRIMARY KEY (`entiID`),
  KEY `fk_entidad_entidad_subtipo_1` (`ensu_ID`),
  CONSTRAINT `fk_entidad_entidad_subtipo_1` FOREIGN KEY (`ensu_ID`) REFERENCES `entidad_subtipo` (`ensuID`)
) ENGINE=InnoDB AUTO_INCREMENT=3054 DEFAULT CHARSET=utf8;

/*Data for the table `entidad` */

LOCK TABLES `entidad` WRITE;

insert  into `entidad`(`entiID`,`ensu_ID`,`enti_ubigeo`,`enti_cue`,`enti_name`,`enti_description`,`enti_date_created`,`enti_date_modified`,`enti_status`) values (1,1,'','00000001','CONGRESO DE LA REPUBLICA',NULL,'2016-04-29 05:50:31','2016-04-29 05:50:31',''),(2,2,'','00000002','ACADEMIA DE LA MAGISTRATURA',NULL,'2016-04-29 05:50:31','2016-04-29 05:50:31',''),(3,2,'','00000003','PODER JUDICIAL',NULL,'2016-04-29 05:50:31','2016-04-29 05:50:31',''),(4,3,'','00000004','BANCO CENTRAL DE RESERVA DEL PERU',NULL,'2016-04-29 05:50:31','2016-04-29 05:50:31',''),(5,3,'','00000005','CONSEJO NACIONAL DE LA MAGISTRATURA',NULL,'2016-04-29 05:50:31','2016-04-29 05:50:31',''),(6,3,'','00000006','CONTRALORIA GENERAL DE LA REPUBLICA',NULL,'2016-04-29 05:50:31','2016-04-29 05:50:31',''),(7,3,'','00000007','DEFENSORIA DEL PUEBLO',NULL,'2016-04-29 05:50:31','2016-04-29 05:50:31',''),(8,3,'','00000008','JURADO NACIONAL DE ELECCIONES',NULL,'2016-04-29 05:50:31','2016-04-29 05:50:31',''),(9,3,'','00000009','MINISTERIO PUBLICO FISCALIA DE LA NACION',NULL,'2016-04-29 05:50:31','2016-04-29 05:50:31',''),(10,3,'','00000010','OFICINA NACIONAL DE PROCESOS ELECTORALES',NULL,'2016-04-29 05:50:31','2016-04-29 05:50:31',''),(11,3,'','00000011','REGISTRO NACIONAL DE IDENTIFICACION Y ESTADO CIVIL',NULL,'2016-04-29 05:50:31','2016-04-29 05:50:31',''),(12,3,'','00000012','SUPERINTENDENCIA DE BANCA, SEGUROS Y ADMINISTRADORAS PRIVADAS DE FONDOS DE PENSIONES',NULL,'2016-04-29 05:50:31','2016-04-29 05:50:31',''),(13,3,'','00000013','SUPERINTENDENCIA DE TRANSPORTE TERRESTRE DE PERSONAS, CARGA Y MERCANCIAS',NULL,'2016-04-29 05:50:31','2016-04-29 05:50:31',''),(14,3,'','00000014','TRIBUNAL CONSTITUCIONAL',NULL,'2016-04-29 05:50:31','2016-04-29 05:50:31',''),(15,4,'','00000015','PRESIDENCIA DE LA REPUBLICA - DESPACHO PRESIDENCIAL',NULL,'2016-04-29 05:50:31','2016-04-29 05:50:31',''),(16,5,'','00000016','MINISTERIO DE AGRICULTURA Y RIEGO',NULL,'2016-04-29 05:50:31','2016-04-29 05:50:31',''),(17,5,'','00000017','MINISTERIO DE COMERCIO EXTERIOR Y TURISMO',NULL,'2016-04-29 05:50:31','2016-04-29 05:50:31',''),(18,5,'','00000018','MINISTERIO DE CULTURA',NULL,'2016-04-29 05:50:31','2016-04-29 05:50:31',''),(19,5,'','00000019','MINISTERIO DE DEFENSA',NULL,'2016-04-29 05:50:31','2016-04-29 05:50:31',''),(20,5,'','00000020','MINISTERIO DE DESARROLLO E INCLUSION SOCIAL',NULL,'2016-04-29 05:50:31','2016-04-29 05:50:31',''),(21,5,'','00000021','MINISTERIO DE ECONOMIA Y FINANZAS',NULL,'2016-04-29 05:50:31','2016-04-29 05:50:31',''),(22,5,'','00000022','MINISTERIO DE EDUCACION',NULL,'2016-04-29 05:50:31','2016-04-29 05:50:31',''),(23,5,'','00000023','MINISTERIO DE ENERGIA Y MINAS',NULL,'2016-04-29 05:50:31','2016-04-29 05:50:31',''),(24,5,'','00000024','MINISTERIO DE JUSTICIA Y DERECHOS HUMANOS',NULL,'2016-04-29 05:50:31','2016-04-29 05:50:31',''),(25,5,'','00000025','MINISTERIO DE LA MUJER Y POBLACIONES VULNERABLES',NULL,'2016-04-29 05:50:31','2016-04-29 05:50:31',''),(26,5,'','00000026','MINISTERIO DE LA PRODUCCION',NULL,'2016-04-29 05:50:31','2016-04-29 05:50:31',''),(27,5,'','00000027','MINISTERIO DE RELACIONES EXTERIORES',NULL,'2016-04-29 05:50:31','2016-04-29 05:50:31',''),(28,5,'','00000028','MINISTERIO DE SALUD',NULL,'2016-04-29 05:50:31','2016-04-29 05:50:31',''),(29,5,'','00000029','MINISTERIO DE TRABAJO Y PROMOCION DEL EMPLEO',NULL,'2016-04-29 05:50:31','2016-04-29 05:50:31',''),(30,5,'','00000030','MINISTERIO DE TRANSPORTES Y COMUNICACIONES',NULL,'2016-04-29 05:50:31','2016-04-29 05:50:31',''),(31,5,'','00000031','MINISTERIO DE VIVIENDA, CONSTRUCCIÓN Y SANEAMIENTO',NULL,'2016-04-29 05:50:31','2016-04-29 05:50:31',''),(32,5,'','00000032','MINISTERIO DEL AMBIENTE',NULL,'2016-04-29 05:50:31','2016-04-29 05:50:31',''),(33,5,'','00000033','MINISTERIO DEL INTERIOR',NULL,'2016-04-29 05:50:31','2016-04-29 05:50:31',''),(34,5,'','00000034','PRESIDENCIA DEL CONSEJO DE MINISTROS',NULL,'2016-04-29 05:50:31','2016-04-29 05:50:31',''),(35,6,'','00000035','ACADEMIA MAYOR DE LA LENGUA QUECHUA',NULL,'2016-04-29 05:50:31','2016-04-29 05:50:31',''),(36,6,'','00000036','AGENCIA DE COMPRAS DE LAS FUERZAS ARMADAS',NULL,'2016-04-29 05:50:31','2016-04-29 05:50:31',''),(37,6,'','00000037','AGENCIA DE PROMOCION DE LA INVERSION PRIVADA',NULL,'2016-04-29 05:50:31','2016-04-29 05:50:31',''),(38,6,'','00000038','AGENCIA PERUANA DE COOPERACION INTERNACIONAL',NULL,'2016-04-29 05:50:31','2016-04-29 05:50:31',''),(39,6,'','00000039','ARCHIVO GENERAL DE LA NACION',NULL,'2016-04-29 05:50:31','2016-04-29 05:50:31',''),(40,6,'','00000040','ASAMBLEA NACIONAL DE RECTORES',NULL,'2016-04-29 05:50:31','2016-04-29 05:50:31',''),(41,6,'','00000041','AUTORIDAD NACIONAL DEL AGUA',NULL,'2016-04-29 05:50:31','2016-04-29 05:50:31',''),(42,6,'','00000042','AUTORIDAD NACIONAL DEL SERVICIO CIVIL',NULL,'2016-04-29 05:50:31','2016-04-29 05:50:31',''),(43,6,'','00000043','AUTORIDAD PORTUARIA NACIONAL',NULL,'2016-04-29 05:50:31','2016-04-29 05:50:31',''),(44,6,'','00000044','BIBLIOTECA NACIONAL DEL PERU',NULL,'2016-04-29 05:50:31','2016-04-29 05:50:31',''),(45,6,'','00000045','CAJA DE PENSIONES MILITAR - POLICIAL',NULL,'2016-04-29 05:50:31','2016-04-29 05:50:31',''),(46,6,'','00000046','CENTRO DE FORMACION EN TURISMO',NULL,'2016-04-29 05:50:31','2016-04-29 05:50:31',''),(47,6,'','00000047','CENTRO NACIONAL DE ESTIMACION PREVENCION Y REDUCCION DEL RIESGO DE DESASTRES',NULL,'2016-04-29 05:50:31','2016-04-29 05:50:31',''),(48,6,'','00000048','CENTRO NACIONAL DE PLANEAMIENTO ESTRATEGICO',NULL,'2016-04-29 05:50:31','2016-04-29 05:50:31',''),(49,6,'','00000049','CENTRO VACACIONAL HUAMPANI',NULL,'2016-04-29 05:50:31','2016-04-29 05:50:31',''),(50,6,'','00000050','COMISION DE PROMOCION DEL PERU PARA LA EXPORTACION Y EL TURISMO',NULL,'2016-04-29 05:50:31','2016-04-29 05:50:31',''),(51,6,'','00000051','COMISION NACIONAL DE BIENES INCAUTADOS',NULL,'2016-04-29 05:50:31','2016-04-29 05:50:31',''),(52,6,'','00000052','COMISION NACIONAL DE INVESTIGACION Y DESARROLLO AEROESPACIAL',NULL,'2016-04-29 05:50:31','2016-04-29 05:50:31',''),(53,6,'','00000053','COMISIÓN NACIONAL PARA EL DESARROLLO Y VIDA SIN DROGAS',NULL,'2016-04-29 05:50:31','2016-04-29 05:50:31',''),(54,6,'','00000054','CONSEJO NACIONAL DE CIENCIA, TECNOLOGIA E INNOVACION TECNOLOGICA',NULL,'2016-04-29 05:50:31','2016-04-29 05:50:31',''),(55,6,'','00000055','CONSEJO NACIONAL PARA LA INTEGRACION DE LA PERSONA CON DISCAPACIDAD',NULL,'2016-04-29 05:50:31','2016-04-29 05:50:31',''),(56,6,'','00000056','CONSERVATORIO NACIONAL DE MUSICA',NULL,'2016-04-29 05:50:31','2016-04-29 05:50:31',''),(57,6,'','00000057','CUERPO GENERAL DE BOMBEROS VOLUNTARIOS DEL PERU',NULL,'2016-04-29 05:50:31','2016-04-29 05:50:31',''),(58,6,'','00000058','DIRECCION NACIONAL DE INTELIGENCIA',NULL,'2016-04-29 05:50:31','2016-04-29 05:50:31',''),(59,6,'','00000059','EJERCITO PERUANO',NULL,'2016-04-29 05:50:31','2016-04-29 05:50:31',''),(60,6,'','00000060','ESCUELA NACIONAL DE MARINA MERCANTE',NULL,'2016-04-29 05:50:31','2016-04-29 05:50:31',''),(61,6,'','00000061','ESCUELA NACIONAL SUPERIOR DE FOLKLORE JOSE MARIA ARGUEDAS',NULL,'2016-04-29 05:50:31','2016-04-29 05:50:31',''),(62,6,'','00000062','ESCUELA SUPERIOR AUTONOMA DE BELLAS ARTES',NULL,'2016-04-29 05:50:31','2016-04-29 05:50:31',''),(63,6,'','00000063','FONDO DE COOPERACION PARA EL DESARROLLO SOCIAL',NULL,'2016-04-29 05:50:31','2016-04-29 05:50:31',''),(64,6,'','00000064','FONDO NACIONAL DE DESARROLLO PESQUERO',NULL,'2016-04-29 05:50:31','2016-04-29 05:50:31',''),(65,6,'','00000065','FUERO MILITAR POLICIAL',NULL,'2016-04-29 05:50:31','2016-04-29 05:50:31',''),(66,6,'','00000066','FUERZA AEREA DEL PERU',NULL,'2016-04-29 05:50:31','2016-04-29 05:50:31',''),(67,6,'','00000067','GERENCIA REGIONAL DE SALUD LA LIBERTAD',NULL,'2016-04-29 05:50:31','2016-04-29 05:50:31',''),(68,6,'','00000068','HOSPITAL ANTONIO LORENA DEL CUSCO- GORE CUSCO',NULL,'2016-04-29 05:50:31','2016-04-29 05:50:31',''),(69,6,'','00000069','HOSPITAL DANIEL ALCIDES CARRION - GORE PASCO',NULL,'2016-04-29 05:50:31','2016-04-29 05:50:31',''),(70,6,'','00000070','HOSPITAL DE APOYO BAGUA - GORE AMAZONAS',NULL,'2016-04-29 05:50:31','2016-04-29 05:50:31',''),(71,6,'','00000071','HOSPITAL DEPARTAMENTAL DE HUANCAVELICA - GORE HUANCAVELICA',NULL,'2016-04-29 05:50:31','2016-04-29 05:50:31',''),(72,6,'','00000072','HOSPITAL EL CARMEN - GORE JUNIN',NULL,'2016-04-29 05:50:31','2016-04-29 05:50:31',''),(73,6,'','00000073','HOSPITAL GENERAL DE JAEN - GORE CAJAMARCA',NULL,'2016-04-29 05:50:31','2016-04-29 05:50:31',''),(74,6,'','00000074','HOSPITAL GOYENECHE - GORE AREQUIPA',NULL,'2016-04-29 05:50:31','2016-04-29 05:50:31',''),(75,6,'','00000075','HOSPITAL GUILLERMO DIAZ DE LA VEGA - GORE APURIMAC',NULL,'2016-04-29 05:50:31','2016-04-29 05:50:31',''),(76,6,'','00000076','HOSPITAL IQUITOS CESAR GARAYAR GARCIA - GORE LORETO',NULL,'2016-04-29 05:50:31','2016-04-29 05:50:31',''),(77,6,'','00000077','HOSPITAL NUESTRA SEÑORA DE LAS MERCEDES - GORE PIURA',NULL,'2016-04-29 05:50:31','2016-04-29 05:50:31',''),(78,6,'','00000078','HOSPITAL REGIONAL DE AYACUCHO - GORE AYACUCHO',NULL,'2016-04-29 05:50:31','2016-04-29 05:50:31',''),(79,6,'','00000079','HOSPITAL REGIONAL DE HUACHO-GORE LIMA',NULL,'2016-04-29 05:50:31','2016-04-29 05:50:31',''),(80,6,'','00000080','HOSPITAL REGIONAL DE ICA - GORE ICA',NULL,'2016-04-29 05:50:31','2016-04-29 05:50:31',''),(81,6,'','00000081','HOSPITAL REGIONAL DE LORETO - GORE LORETO',NULL,'2016-04-29 05:50:31','2016-04-29 05:50:31',''),(82,6,'','00000082','HOSPITAL REGIONAL DEL CUSCO -GORE CUSCO',NULL,'2016-04-29 05:50:31','2016-04-29 05:50:31',''),(83,6,'','00000083','HOSPITAL REGIONAL DOCENTE DE TRUJILLO - GORE LA LIBERTAD',NULL,'2016-04-29 05:50:31','2016-04-29 05:50:31',''),(84,6,'','00000084','HOSPITAL REGIONAL HERMILIO VALDIZAN - GORE HUANUCO',NULL,'2016-04-29 05:50:31','2016-04-29 05:50:31',''),(85,6,'','00000085','HOSPITAL REGIONAL HONORIO DELGADO - GORE AREQUIPA',NULL,'2016-04-29 05:50:31','2016-04-29 05:50:31',''),(86,6,'','00000086','HOSPITAL REGIONAL VIRGEN DE FATIMA - GORE AMAZONAS',NULL,'2016-04-29 05:50:31','2016-04-29 05:50:31',''),(87,6,'','00000087','HOSPITAL SAN JUAN DE DIOS DE PISCO - GORE ICA',NULL,'2016-04-29 05:50:31','2016-04-29 05:50:31',''),(88,6,'','00000088','HOSPITAL SANTA MARIA DEL SOCORRO - GORE ICA',NULL,'2016-04-29 05:50:31','2016-04-29 05:50:31',''),(89,6,'','00000089','HOSPITAL SANTA ROSA - GORE MADRE DE DIOS',NULL,'2016-04-29 05:50:31','2016-04-29 05:50:31',''),(90,6,'','00000090','HOSPITAL SUBREGIONAL DE ANDAHUAYLAS - GORE APURIMAC',NULL,'2016-04-29 05:50:31','2016-04-29 05:50:31',''),(91,6,'','00000091','HOSPITAL VICTOR RAMOS GUARDIA - GORE ANCASH',NULL,'2016-04-29 05:50:31','2016-04-29 05:50:31',''),(92,6,'','00000092','INSTITUTO DE GESTION DE SERVICIOS DE SALUD',NULL,'2016-04-29 05:50:31','2016-04-29 05:50:31',''),(93,6,'','00000093','JUNTA DE PARTICIPACION SOCIAL DE MOCHE',NULL,'2016-04-29 05:50:31','2016-04-29 05:50:31',''),(94,6,'','00000094','MARINA DE GUERRA DEL PERU',NULL,'2016-04-29 05:50:31','2016-04-29 05:50:31',''),(95,6,'','00000095','OFICINA DE NORMALIZACION PREVISIONAL',NULL,'2016-04-29 05:50:31','2016-04-29 05:50:31',''),(96,6,'','00000096','OFICINA NACIONAL DE GOBIERNO INTERIOR',NULL,'2016-04-29 05:50:31','2016-04-29 05:50:31',''),(97,6,'','00000097','OFICINA PREVISIONAL DE LAS FUERZAS ARMADAS',NULL,'2016-04-29 05:50:31','2016-04-29 05:50:31',''),(98,6,'','00000098','ORGANISMO DE EVALUACION Y FISCALIZACION AMBIENTAL',NULL,'2016-04-29 05:50:31','2016-04-29 05:50:31',''),(99,6,'','00000099','ORGANISMO DE FORMALIZACION DE LA PROPIEDAD INFORMAL',NULL,'2016-04-29 05:50:31','2016-04-29 05:50:31',''),(100,6,'','00000100','POLICIA NACIONAL DEL PERU',NULL,'2016-04-29 05:50:31','2016-04-29 05:50:31',''),(101,6,'','00000101','PROGRAMA DE APOYO A LA REFORMA DEL SERTOR SALUD',NULL,'2016-04-29 05:50:31','2016-04-29 05:50:31',''),(102,6,'','00000102','PROGRAMA INTEGRAL NACIONAL PARA EL BIENESTAR FAMILIAR',NULL,'2016-04-29 05:50:31','2016-04-29 05:50:31',''),(103,6,'','00000103','PROGRAMA NACIONAL DE CONSERVACION DE BOSQUES PARA LA MITIGACION DEL CAMBIO CLIMATICO',NULL,'2016-04-29 05:50:31','2016-04-29 05:50:31',''),(104,6,'','00000104','PROGRAMA SUBSECTORIAL DE IRRIGACIONES',NULL,'2016-04-29 05:50:31','2016-04-29 05:50:31',''),(105,6,'','00000105','PROYECTO ESPECIAL ALTO HUALLAGA',NULL,'2016-04-29 05:50:31','2016-04-29 05:50:31',''),(106,6,'','00000106','PROYECTO ESPECIAL DE INFRAESTRUCTURA DE TRANSPORTE DESCENTRALIZADO',NULL,'2016-04-29 05:50:31','2016-04-29 05:50:31',''),(107,6,'','00000107','PROYECTO ESPECIAL DE INFRAESTRUCTURA DE TRANSPORTE NACIONAL',NULL,'2016-04-29 05:50:31','2016-04-29 05:50:31',''),(108,6,'','00000108','SECRETARIA DE SEGURIDAD Y DEFENSA NACIONAL',NULL,'2016-04-29 05:50:31','2016-04-29 05:50:31',''),(109,6,'','00000109','SEGURO INTEGRAL DE SALUD',NULL,'2016-04-29 05:50:31','2016-04-29 05:50:31',''),(110,6,'','00000110','SEGURO SOCIAL DE  SALUD',NULL,'2016-04-29 05:50:31','2016-04-29 05:50:31',''),(111,6,'','00000111','SERVICIO DE PARQUES DE LIMA',NULL,'2016-04-29 05:50:31','2016-04-29 05:50:31',''),(112,6,'','00000112','SERVICIO NACIONAL DE CERTIFICACION AMBIENTAL PARA LAS INVERSIONES SOSTENIBLES',NULL,'2016-04-29 05:50:31','2016-04-29 05:50:31',''),(113,6,'','00000113','SIERRA EXPORTADORA',NULL,'2016-04-29 05:50:31','2016-04-29 05:50:31',''),(114,6,'','00000114','SUPERINTENDENCIA DEL MERCADO DE VALORES',NULL,'2016-04-29 05:50:31','2016-04-29 05:50:31',''),(115,7,'','00000115','UNIVERSIDAD NACIONAL AGRARIA DE LA SELVA',NULL,'2016-04-29 05:50:31','2016-04-29 05:50:31',''),(116,7,'','00000116','UNIVERSIDAD NACIONAL AGRARIA LA MOLINA',NULL,'2016-04-29 05:50:31','2016-04-29 05:50:31',''),(117,7,'','00000117','UNIVERSIDAD NACIONAL AMAZONICA DE MADRE DE DIOS',NULL,'2016-04-29 05:50:31','2016-04-29 05:50:31',''),(118,7,'','00000118','UNIVERSIDAD NACIONAL AUTONOMA DE CHOTA',NULL,'2016-04-29 05:50:31','2016-04-29 05:50:31',''),(119,7,'','00000119','UNIVERSIDAD NACIONAL DANIEL ALCIDES CARRION',NULL,'2016-04-29 05:50:31','2016-04-29 05:50:31',''),(120,7,'','00000120','UNIVERSIDAD NACIONAL DE BARRANCA',NULL,'2016-04-29 05:50:31','2016-04-29 05:50:31',''),(121,7,'','00000121','UNIVERSIDAD NACIONAL DE CAJAMARCA',NULL,'2016-04-29 05:50:31','2016-04-29 05:50:31',''),(122,7,'','00000122','UNIVERSIDAD NACIONAL DE CAÑETE',NULL,'2016-04-29 05:50:31','2016-04-29 05:50:31',''),(123,7,'','00000123','UNIVERSIDAD NACIONAL DE EDUCACION ENRIQUE GUZMAN Y VALLE',NULL,'2016-04-29 05:50:31','2016-04-29 05:50:31',''),(124,7,'','00000124','UNIVERSIDAD NACIONAL DE FRONTERA',NULL,'2016-04-29 05:50:31','2016-04-29 05:50:31',''),(125,7,'','00000125','UNIVERSIDAD NACIONAL DE HUANCAVELICA',NULL,'2016-04-29 05:50:31','2016-04-29 05:50:31',''),(126,7,'','00000126','UNIVERSIDAD NACIONAL DE INGENIERIA',NULL,'2016-04-29 05:50:31','2016-04-29 05:50:31',''),(127,7,'','00000127','UNIVERSIDAD NACIONAL DE JAEN',NULL,'2016-04-29 05:50:31','2016-04-29 05:50:31',''),(128,7,'','00000128','UNIVERSIDAD NACIONAL DE JULIACA',NULL,'2016-04-29 05:50:31','2016-04-29 05:50:31',''),(129,7,'','00000129','UNIVERSIDAD NACIONAL DE LA AMAZONIA PERUANA',NULL,'2016-04-29 05:50:31','2016-04-29 05:50:31',''),(130,7,'','00000130','UNIVERSIDAD NACIONAL DE MOQUEGUA',NULL,'2016-04-29 05:50:31','2016-04-29 05:50:31',''),(131,7,'','00000131','UNIVERSIDAD NACIONAL DE PIURA',NULL,'2016-04-29 05:50:31','2016-04-29 05:50:31',''),(132,7,'','00000132','UNIVERSIDAD NACIONAL DE SAN MARTIN',NULL,'2016-04-29 05:50:31','2016-04-29 05:50:31',''),(133,7,'','00000133','UNIVERSIDAD NACIONAL DE TRUJILLO',NULL,'2016-04-29 05:50:31','2016-04-29 05:50:31',''),(134,7,'','00000134','UNIVERSIDAD NACIONAL DE TUMBES',NULL,'2016-04-29 05:50:31','2016-04-29 05:50:31',''),(135,7,'','00000135','UNIVERSIDAD NACIONAL DE UCAYALI',NULL,'2016-04-29 05:50:31','2016-04-29 05:50:31',''),(136,7,'','00000136','UNIVERSIDAD NACIONAL DEL ALTIPLANO',NULL,'2016-04-29 05:50:31','2016-04-29 05:50:31',''),(137,7,'','00000137','UNIVERSIDAD NACIONAL DEL CALLAO',NULL,'2016-04-29 05:50:31','2016-04-29 05:50:31',''),(138,7,'','00000138','UNIVERSIDAD NACIONAL DEL CENTRO DEL PERU',NULL,'2016-04-29 05:50:31','2016-04-29 05:50:31',''),(139,7,'','00000139','UNIVERSIDAD NACIONAL DEL SANTA',NULL,'2016-04-29 05:50:31','2016-04-29 05:50:31',''),(140,7,'','00000140','UNIVERSIDAD NACIONAL FEDERICO VILLARREAL',NULL,'2016-04-29 05:50:31','2016-04-29 05:50:31',''),(141,7,'','00000141','UNIVERSIDAD NACIONAL HERMILIO VALDIZAN',NULL,'2016-04-29 05:50:31','2016-04-29 05:50:31',''),(142,7,'','00000142','UNIVERSIDAD NACIONAL INTERCULTURAL DE LA AMAZONIA',NULL,'2016-04-29 05:50:31','2016-04-29 05:50:31',''),(143,7,'','00000143','UNIVERSIDAD NACIONAL INTERCULTURAL DE LA SELVA CENTRAL JUAN SANTOS ATAHUALPA',NULL,'2016-04-29 05:50:31','2016-04-29 05:50:31',''),(144,7,'','00000144','UNIVERSIDAD NACIONAL JORGE BASADRE GROHMANN',NULL,'2016-04-29 05:50:31','2016-04-29 05:50:31',''),(145,7,'','00000145','UNIVERSIDAD NACIONAL JOSE FAUSTINO SANCHEZ CARRION',NULL,'2016-04-29 05:50:31','2016-04-29 05:50:31',''),(146,7,'','00000146','UNIVERSIDAD NACIONAL JOSE MARIA ARGUEDAS',NULL,'2016-04-29 05:50:31','2016-04-29 05:50:31',''),(147,7,'','00000147','UNIVERSIDAD NACIONAL MAYOR DE SAN MARCOS',NULL,'2016-04-29 05:50:31','2016-04-29 05:50:31',''),(148,7,'','00000148','UNIVERSIDAD NACIONAL MICAELA BASTIDAS DE APURIMAC',NULL,'2016-04-29 05:50:31','2016-04-29 05:50:31',''),(149,7,'','00000149','UNIVERSIDAD NACIONAL PEDRO RUIZ GALLO',NULL,'2016-04-29 05:50:31','2016-04-29 05:50:31',''),(150,7,'','00000150','UNIVERSIDAD NACIONAL SAN AGUSTIN',NULL,'2016-04-29 05:50:31','2016-04-29 05:50:31',''),(151,7,'','00000151','UNIVERSIDAD NACIONAL SAN ANTONIO DE ABAD DEL CUSCO',NULL,'2016-04-29 05:50:31','2016-04-29 05:50:31',''),(152,7,'','00000152','UNIVERSIDAD NACIONAL SAN CRISTOBAL DE HUAMANGA',NULL,'2016-04-29 05:50:31','2016-04-29 05:50:31',''),(153,7,'','00000153','UNIVERSIDAD NACIONAL SAN LUIS GONZAGA DE ICA',NULL,'2016-04-29 05:50:31','2016-04-29 05:50:31',''),(154,7,'','00000154','UNIVERSIDAD NACIONAL SANTIAGO ANTUNEZ DE MAYOLO',NULL,'2016-04-29 05:50:31','2016-04-29 05:50:31',''),(155,7,'','00000155','UNIVERSIDAD NACIONAL TECNOLOGICA DEL CONO SUR DE LIMA',NULL,'2016-04-29 05:50:31','2016-04-29 05:50:31',''),(156,7,'','00000156','UNIVERSIDAD NACIONAL TORIBIO RODRIGUEZ DE MENDOZA',NULL,'2016-04-29 05:50:31','2016-04-29 05:50:31',''),(157,8,'','00000157','SOCIEDAD DE BENEFICENCIA PUBLICA DE ABANCAY',NULL,'2016-04-29 05:50:31','2016-04-29 05:50:31',''),(158,8,'','00000158','SOCIEDAD DE BENEFICENCIA PUBLICA DE AIJA',NULL,'2016-04-29 05:50:31','2016-04-29 05:50:31',''),(159,8,'','00000159','SOCIEDAD DE BENEFICENCIA PUBLICA DE ANDAHUAYLAS',NULL,'2016-04-29 05:50:31','2016-04-29 05:50:31',''),(160,8,'','00000160','SOCIEDAD DE BENEFICENCIA PUBLICA DE APLAO',NULL,'2016-04-29 05:50:31','2016-04-29 05:50:31',''),(161,8,'','00000161','SOCIEDAD DE BENEFICENCIA PUBLICA DE AREQUIPA',NULL,'2016-04-29 05:50:31','2016-04-29 05:50:31',''),(162,8,'','00000162','SOCIEDAD DE BENEFICENCIA PUBLICA DE AYABACA',NULL,'2016-04-29 05:50:31','2016-04-29 05:50:31',''),(163,8,'','00000163','SOCIEDAD DE BENEFICENCIA PUBLICA DE AYACUCHO',NULL,'2016-04-29 05:50:31','2016-04-29 05:50:31',''),(164,8,'','00000164','SOCIEDAD DE BENEFICENCIA PUBLICA DE AYMARAES',NULL,'2016-04-29 05:50:31','2016-04-29 05:50:31',''),(165,8,'','00000165','SOCIEDAD DE BENEFICENCIA PUBLICA DE AZANGARO',NULL,'2016-04-29 05:50:31','2016-04-29 05:50:31',''),(166,8,'','00000166','SOCIEDAD DE BENEFICENCIA PUBLICA DE BAMBAMARCA',NULL,'2016-04-29 05:50:31','2016-04-29 05:50:31',''),(167,8,'','00000167','SOCIEDAD DE BENEFICENCIA PUBLICA DE BARRANCA',NULL,'2016-04-29 05:50:31','2016-04-29 05:50:31',''),(168,8,'','00000168','SOCIEDAD DE BENEFICENCIA PUBLICA DE BONGARA',NULL,'2016-04-29 05:50:31','2016-04-29 05:50:31',''),(169,8,'','00000169','SOCIEDAD DE BENEFICENCIA PUBLICA DE CAJABAMBA',NULL,'2016-04-29 05:50:31','2016-04-29 05:50:31',''),(170,8,'','00000170','SOCIEDAD DE BENEFICENCIA PUBLICA DE CAJAMARCA',NULL,'2016-04-29 05:50:31','2016-04-29 05:50:31',''),(171,8,'','00000171','SOCIEDAD DE BENEFICENCIA PUBLICA DE CALLAO',NULL,'2016-04-29 05:50:31','2016-04-29 05:50:31',''),(172,8,'','00000172','SOCIEDAD DE BENEFICENCIA PUBLICA DE CAMANA',NULL,'2016-04-29 05:50:31','2016-04-29 05:50:31',''),(173,8,'','00000173','SOCIEDAD DE BENEFICENCIA PUBLICA DE CAÑETE',NULL,'2016-04-29 05:50:31','2016-04-29 05:50:31',''),(174,8,'','00000174','SOCIEDAD DE BENEFICENCIA PUBLICA DE CARAVELI',NULL,'2016-04-29 05:50:31','2016-04-29 05:50:31',''),(175,8,'','00000175','SOCIEDAD DE BENEFICENCIA PUBLICA DE CARAZ',NULL,'2016-04-29 05:50:31','2016-04-29 05:50:31',''),(176,8,'','00000176','SOCIEDAD DE BENEFICENCIA PUBLICA DE CARHUAZ',NULL,'2016-04-29 05:50:31','2016-04-29 05:50:31',''),(177,8,'','00000177','SOCIEDAD DE BENEFICENCIA PUBLICA DE CASMA',NULL,'2016-04-29 05:50:31','2016-04-29 05:50:31',''),(178,8,'','00000178','SOCIEDAD DE BENEFICENCIA PUBLICA DE CATACAOS',NULL,'2016-04-29 05:50:31','2016-04-29 05:50:31',''),(179,8,'','00000179','SOCIEDAD DE BENEFICENCIA PUBLICA DE CELENDIN',NULL,'2016-04-29 05:50:31','2016-04-29 05:50:31',''),(180,8,'','00000180','SOCIEDAD DE BENEFICENCIA PUBLICA DE CERRO DE PASCO',NULL,'2016-04-29 05:50:31','2016-04-29 05:50:31',''),(181,8,'','00000181','SOCIEDAD DE BENEFICENCIA PUBLICA DE CHACHAPOYAS',NULL,'2016-04-29 05:50:31','2016-04-29 05:50:31',''),(182,8,'','00000182','SOCIEDAD DE BENEFICENCIA PUBLICA DE CHICLAYO',NULL,'2016-04-29 05:50:31','2016-04-29 05:50:31',''),(183,8,'','00000183','SOCIEDAD DE BENEFICENCIA PUBLICA DE CHIMBOTE',NULL,'2016-04-29 05:50:31','2016-04-29 05:50:31',''),(184,8,'','00000184','SOCIEDAD DE BENEFICENCIA PUBLICA DE CHINCHA',NULL,'2016-04-29 05:50:31','2016-04-29 05:50:31',''),(185,8,'','00000185','SOCIEDAD DE BENEFICENCIA PUBLICA DE CHIQUIAN',NULL,'2016-04-29 05:50:31','2016-04-29 05:50:31',''),(186,8,'','00000186','SOCIEDAD DE BENEFICENCIA PUBLICA DE CHIVAY',NULL,'2016-04-29 05:50:31','2016-04-29 05:50:31',''),(187,8,'','00000187','SOCIEDAD DE BENEFICENCIA PUBLICA DE CHONGOYAPE',NULL,'2016-04-29 05:50:31','2016-04-29 05:50:31',''),(188,8,'','00000188','SOCIEDAD DE BENEFICENCIA PUBLICA DE CHOTA',NULL,'2016-04-29 05:50:31','2016-04-29 05:50:31',''),(189,8,'','00000189','SOCIEDAD DE BENEFICENCIA PUBLICA DE CHUCUITO',NULL,'2016-04-29 05:50:31','2016-04-29 05:50:31',''),(190,8,'','00000190','SOCIEDAD DE BENEFICENCIA PUBLICA DE CHUQUIBAMBA',NULL,'2016-04-29 05:50:31','2016-04-29 05:50:31',''),(191,8,'','00000191','SOCIEDAD DE BENEFICENCIA PUBLICA DE CONCEPCION',NULL,'2016-04-29 05:50:31','2016-04-29 05:50:31',''),(192,8,'','00000192','SOCIEDAD DE BENEFICENCIA PUBLICA DE CONTUMAZA',NULL,'2016-04-29 05:50:31','2016-04-29 05:50:31',''),(193,8,'','00000193','SOCIEDAD DE BENEFICENCIA PUBLICA DE CORACORA',NULL,'2016-04-29 05:50:31','2016-04-29 05:50:31',''),(194,8,'','00000194','SOCIEDAD DE BENEFICENCIA PUBLICA DE CORONGO',NULL,'2016-04-29 05:50:31','2016-04-29 05:50:31',''),(195,8,'','00000195','SOCIEDAD DE BENEFICENCIA PUBLICA DE CUSCO',NULL,'2016-04-29 05:50:31','2016-04-29 05:50:31',''),(196,8,'','00000196','SOCIEDAD DE BENEFICENCIA PUBLICA DE CUTERVO',NULL,'2016-04-29 05:50:31','2016-04-29 05:50:31',''),(197,8,'','00000197','SOCIEDAD DE BENEFICENCIA PUBLICA DE DOS DE MAYO',NULL,'2016-04-29 05:50:31','2016-04-29 05:50:31',''),(198,8,'','00000198','SOCIEDAD DE BENEFICENCIA PUBLICA DE GUADALUPE',NULL,'2016-04-29 05:50:31','2016-04-29 05:50:31',''),(199,8,'','00000199','SOCIEDAD DE BENEFICENCIA PUBLICA DE HUACHO',NULL,'2016-04-29 05:50:31','2016-04-29 05:50:31',''),(200,8,'','00000200','SOCIEDAD DE BENEFICENCIA PUBLICA DE HUAMACHUCO',NULL,'2016-04-29 05:50:31','2016-04-29 05:50:31',''),(201,8,'','00000201','SOCIEDAD DE BENEFICENCIA PUBLICA DE HUANCABAMBA',NULL,'2016-04-29 05:50:31','2016-04-29 05:50:31',''),(202,8,'','00000202','SOCIEDAD DE BENEFICENCIA PUBLICA DE HUANCANE',NULL,'2016-04-29 05:50:31','2016-04-29 05:50:31',''),(203,8,'','00000203','SOCIEDAD DE BENEFICENCIA PUBLICA DE HUANCARQUI',NULL,'2016-04-29 05:50:31','2016-04-29 05:50:31',''),(204,8,'','00000204','SOCIEDAD DE BENEFICENCIA PUBLICA DE HUANCAVELICA',NULL,'2016-04-29 05:50:31','2016-04-29 05:50:31',''),(205,8,'','00000205','SOCIEDAD DE BENEFICENCIA PUBLICA DE HUANCAYO',NULL,'2016-04-29 05:50:31','2016-04-29 05:50:31',''),(206,8,'','00000206','SOCIEDAD DE BENEFICENCIA PUBLICA DE HUANTA',NULL,'2016-04-29 05:50:31','2016-04-29 05:50:31',''),(207,8,'','00000207','SOCIEDAD DE BENEFICENCIA PUBLICA DE HUANUCO',NULL,'2016-04-29 05:50:31','2016-04-29 05:50:31',''),(208,8,'','00000208','SOCIEDAD DE BENEFICENCIA PUBLICA DE HUARAZ',NULL,'2016-04-29 05:50:31','2016-04-29 05:50:31',''),(209,8,'','00000209','SOCIEDAD DE BENEFICENCIA PUBLICA DE HUARI',NULL,'2016-04-29 05:50:31','2016-04-29 05:50:31',''),(210,8,'','00000210','SOCIEDAD DE BENEFICENCIA PUBLICA DE HUMALIES',NULL,'2016-04-29 05:50:31','2016-04-29 05:50:31',''),(211,8,'','00000211','SOCIEDAD DE BENEFICENCIA PUBLICA DE ICA',NULL,'2016-04-29 05:50:31','2016-04-29 05:50:31',''),(212,8,'','00000212','SOCIEDAD DE BENEFICENCIA PUBLICA DE ILO',NULL,'2016-04-29 05:50:31','2016-04-29 05:50:31',''),(213,8,'','00000213','SOCIEDAD DE BENEFICENCIA PUBLICA DE IQUITOS',NULL,'2016-04-29 05:50:31','2016-04-29 05:50:31',''),(214,8,'','00000214','SOCIEDAD DE BENEFICENCIA PUBLICA DE JAEN',NULL,'2016-04-29 05:50:31','2016-04-29 05:50:31',''),(215,8,'','00000215','SOCIEDAD DE BENEFICENCIA PUBLICA DE JAUJA',NULL,'2016-04-29 05:50:31','2016-04-29 05:50:31',''),(216,8,'','00000216','SOCIEDAD DE BENEFICENCIA PUBLICA DE JUANJUI',NULL,'2016-04-29 05:50:31','2016-04-29 05:50:31',''),(217,8,'','00000217','SOCIEDAD DE BENEFICENCIA PUBLICA DE LA OROYA',NULL,'2016-04-29 05:50:31','2016-04-29 05:50:31',''),(218,8,'','00000218','SOCIEDAD DE BENEFICENCIA PUBLICA DE LAMAS',NULL,'2016-04-29 05:50:31','2016-04-29 05:50:31',''),(219,8,'','00000219','SOCIEDAD DE BENEFICENCIA PUBLICA DE LAMBAYEQUE',NULL,'2016-04-29 05:50:31','2016-04-29 05:50:31',''),(220,8,'','00000220','SOCIEDAD DE BENEFICENCIA PUBLICA DE LAMPA',NULL,'2016-04-29 05:50:31','2016-04-29 05:50:31',''),(221,8,'','00000221','SOCIEDAD DE BENEFICENCIA PUBLICA DE LIMA',NULL,'2016-04-29 05:50:31','2016-04-29 05:50:31',''),(222,8,'','00000222','SOCIEDAD DE BENEFICENCIA PUBLICA DE MATUCANA',NULL,'2016-04-29 05:50:31','2016-04-29 05:50:31',''),(223,8,'','00000223','SOCIEDAD DE BENEFICENCIA PUBLICA DE MELGAR',NULL,'2016-04-29 05:50:31','2016-04-29 05:50:31',''),(224,8,'','00000224','SOCIEDAD DE BENEFICENCIA PUBLICA DE MOLLENDO',NULL,'2016-04-29 05:50:31','2016-04-29 05:50:31',''),(225,8,'','00000225','SOCIEDAD DE BENEFICENCIA PUBLICA DE MONSEFU',NULL,'2016-04-29 05:50:31','2016-04-29 05:50:31',''),(226,8,'','00000226','SOCIEDAD DE BENEFICENCIA PUBLICA DE MOQUEGUA',NULL,'2016-04-29 05:50:31','2016-04-29 05:50:31',''),(227,8,'','00000227','SOCIEDAD DE BENEFICENCIA PUBLICA DE MORROPON',NULL,'2016-04-29 05:50:31','2016-04-29 05:50:31',''),(228,8,'','00000228','SOCIEDAD DE BENEFICENCIA PUBLICA DE MOTUPE',NULL,'2016-04-29 05:50:31','2016-04-29 05:50:31',''),(229,8,'','00000229','SOCIEDAD DE BENEFICENCIA PUBLICA DE MOYOBAMBA',NULL,'2016-04-29 05:50:31','2016-04-29 05:50:31',''),(230,8,'','00000230','SOCIEDAD DE BENEFICENCIA PUBLICA DE NAZCA',NULL,'2016-04-29 05:50:31','2016-04-29 05:50:31',''),(231,8,'','00000231','SOCIEDAD DE BENEFICENCIA PUBLICA DE OMATE',NULL,'2016-04-29 05:50:31','2016-04-29 05:50:31',''),(232,8,'','00000232','SOCIEDAD DE BENEFICENCIA PUBLICA DE OTUZCO',NULL,'2016-04-29 05:50:31','2016-04-29 05:50:31',''),(233,8,'','00000233','SOCIEDAD DE BENEFICENCIA PUBLICA DE PAITA',NULL,'2016-04-29 05:50:31','2016-04-29 05:50:31',''),(234,8,'','00000234','SOCIEDAD DE BENEFICENCIA PUBLICA DE PALLASCA',NULL,'2016-04-29 05:50:31','2016-04-29 05:50:31',''),(235,8,'','00000235','SOCIEDAD DE BENEFICENCIA PUBLICA DE PALPA',NULL,'2016-04-29 05:50:31','2016-04-29 05:50:31',''),(236,8,'','00000236','SOCIEDAD DE BENEFICENCIA PUBLICA DE PISCO',NULL,'2016-04-29 05:50:31','2016-04-29 05:50:31',''),(237,8,'','00000237','SOCIEDAD DE BENEFICENCIA PUBLICA DE PIURA',NULL,'2016-04-29 05:50:31','2016-04-29 05:50:31',''),(238,8,'','00000238','SOCIEDAD DE BENEFICENCIA PUBLICA DE POMABAMBA',NULL,'2016-04-29 05:50:31','2016-04-29 05:50:31',''),(239,8,'','00000239','SOCIEDAD DE BENEFICENCIA PUBLICA DE PUERTO MALDONADO',NULL,'2016-04-29 05:50:31','2016-04-29 05:50:31',''),(240,8,'','00000240','SOCIEDAD DE BENEFICENCIA PUBLICA DE PUNO',NULL,'2016-04-29 05:50:31','2016-04-29 05:50:31',''),(241,8,'','00000241','SOCIEDAD DE BENEFICENCIA PUBLICA DE PUQUIO',NULL,'2016-04-29 05:50:31','2016-04-29 05:50:31',''),(242,8,'','00000242','SOCIEDAD DE BENEFICENCIA PUBLICA DE RECUAY',NULL,'2016-04-29 05:50:31','2016-04-29 05:50:31',''),(243,8,'','00000243','SOCIEDAD DE BENEFICENCIA PUBLICA DE RODRIGUEZ DE MENDOZA',NULL,'2016-04-29 05:50:31','2016-04-29 05:50:31',''),(244,8,'','00000244','SOCIEDAD DE BENEFICENCIA PUBLICA DE SAN MIGUEL',NULL,'2016-04-29 05:50:31','2016-04-29 05:50:31',''),(245,8,'','00000245','SOCIEDAD DE BENEFICENCIA PUBLICA DE SAN PEDRO DE LLOC',NULL,'2016-04-29 05:50:31','2016-04-29 05:50:31',''),(246,8,'','00000246','SOCIEDAD DE BENEFICENCIA PUBLICA DE SAN ROMAN ',NULL,'2016-04-29 05:50:31','2016-04-29 05:50:31',''),(247,8,'','00000247','SOCIEDAD DE BENEFICENCIA PUBLICA DE SANTIAGO DE CHUCO',NULL,'2016-04-29 05:50:31','2016-04-29 05:50:31',''),(248,8,'','00000248','SOCIEDAD DE BENEFICENCIA PUBLICA DE SICUANI',NULL,'2016-04-29 05:50:31','2016-04-29 05:50:31',''),(249,8,'','00000249','SOCIEDAD DE BENEFICENCIA PUBLICA DE SULLANA',NULL,'2016-04-29 05:50:31','2016-04-29 05:50:31',''),(250,8,'','00000250','SOCIEDAD DE BENEFICENCIA PUBLICA DE TACNA',NULL,'2016-04-29 05:50:31','2016-04-29 05:50:31',''),(251,8,'','00000251','SOCIEDAD DE BENEFICENCIA PUBLICA DE TARAPOTO',NULL,'2016-04-29 05:50:31','2016-04-29 05:50:31',''),(252,8,'','00000252','SOCIEDAD DE BENEFICENCIA PUBLICA DE TARATA',NULL,'2016-04-29 05:50:31','2016-04-29 05:50:31',''),(253,8,'','00000253','SOCIEDAD DE BENEFICENCIA PUBLICA DE TARMA',NULL,'2016-04-29 05:50:31','2016-04-29 05:50:31',''),(254,8,'','00000254','SOCIEDAD DE BENEFICENCIA PUBLICA DE TAYACAJA',NULL,'2016-04-29 05:50:31','2016-04-29 05:50:31',''),(255,8,'','00000255','SOCIEDAD DE BENEFICENCIA PUBLICA DE TRUJILLO',NULL,'2016-04-29 05:50:31','2016-04-29 05:50:31',''),(256,8,'','00000256','SOCIEDAD DE BENEFICENCIA PUBLICA DE TUMBES',NULL,'2016-04-29 05:50:31','2016-04-29 05:50:31',''),(257,8,'','00000257','SOCIEDAD DE BENEFICENCIA PUBLICA DE YUNGAY',NULL,'2016-04-29 05:50:31','2016-04-29 05:50:31',''),(258,9,'','00000258','HOSPITAL CHANCAY Y SERVICIOS BASICOS DE SALUD',NULL,'2016-04-29 05:50:31','2016-04-29 05:50:31',''),(259,9,'','00000259','HOSPITAL DE EMERGENCIAS JOSE CASIMIRO ULLOA',NULL,'2016-04-29 05:50:31','2016-04-29 05:50:31',''),(260,9,'','00000260','HOSPITAL DE EMERGENCIAS PEDIATRICAS',NULL,'2016-04-29 05:50:31','2016-04-29 05:50:31',''),(261,9,'','00000261','HOSPITAL DE VITARTE',NULL,'2016-04-29 05:50:31','2016-04-29 05:50:31',''),(262,9,'','00000262','HOSPITAL HERMILIO VALDIZAN',NULL,'2016-04-29 05:50:31','2016-04-29 05:50:31',''),(263,9,'','00000263','HOSPITAL JOSE AGURTO TELLO DE CHOSICA',NULL,'2016-04-29 05:50:31','2016-04-29 05:50:31',''),(264,9,'','00000264','HOSPITAL MARIA AUXILIADORA',NULL,'2016-04-29 05:50:31','2016-04-29 05:50:31',''),(265,9,'','00000265','HOSPITAL NACIONAL ARZOBISPO LOAYZA',NULL,'2016-04-29 05:50:31','2016-04-29 05:50:31',''),(266,9,'','00000266','HOSPITAL NACIONAL CAYETANO HEREDIA',NULL,'2016-04-29 05:50:31','2016-04-29 05:50:31',''),(267,9,'','00000267','HOSPITAL NACIONAL DANIEL ALCIDES CARRION',NULL,'2016-04-29 05:50:31','2016-04-29 05:50:31',''),(268,9,'','00000268','HOSPITAL NACIONAL DOCENTE MADRE NIÑO SAN BARTOLOME',NULL,'2016-04-29 05:50:31','2016-04-29 05:50:31',''),(269,9,'','00000269','HOSPITAL NACIONAL DOS DE MAYO',NULL,'2016-04-29 05:50:31','2016-04-29 05:50:31',''),(270,9,'','00000270','HOSPITAL NACIONAL HIPOLITO UNANUE',NULL,'2016-04-29 05:50:31','2016-04-29 05:50:31',''),(271,9,'','00000271','HOSPITAL PUENTE PIEDRA - CARLOS LANFRANCO LA HOZ',NULL,'2016-04-29 05:50:31','2016-04-29 05:50:31',''),(272,9,'','00000272','HOSPITAL REZOLA',NULL,'2016-04-29 05:50:31','2016-04-29 05:50:31',''),(273,9,'','00000273','HOSPITAL SAN JOSE',NULL,'2016-04-29 05:50:31','2016-04-29 05:50:31',''),(274,9,'','00000274','HOSPITAL SAN JUAN DE LURIGANCHO',NULL,'2016-04-29 05:50:31','2016-04-29 05:50:31',''),(275,9,'','00000275','HOSPITAL SANTA ROSA',NULL,'2016-04-29 05:50:31','2016-04-29 05:50:31',''),(276,9,'','00000276','HOSPITAL SERGIO E BERNALES',NULL,'2016-04-29 05:50:31','2016-04-29 05:50:31',''),(277,9,'','00000277','HOSPITAL VICTOR LARCO HERRERA',NULL,'2016-04-29 05:50:31','2016-04-29 05:50:31',''),(278,10,'','00000278','COMANDO CONJUNTO DE LAS FUERZAS ARMADAS',NULL,'2016-04-29 05:50:31','2016-04-29 05:50:31',''),(279,11,'','00000279','ORGANISMO DE SUPERVISION DE LOS RECURSOS FORESTALES Y DE FAUNA SILVESTRE',NULL,'2016-04-29 05:50:31','2016-04-29 05:50:31',''),(280,11,'','00000280','ORGANISMO SUPERVISOR DE INVERSION PRIVADA EN TELECOMUNICACIONES',NULL,'2016-04-29 05:50:31','2016-04-29 05:50:31',''),(281,11,'','00000281','ORGANISMO SUPERVISOR DE LA INVERSION EN ENERGIA Y MINERIA',NULL,'2016-04-29 05:50:31','2016-04-29 05:50:31',''),(282,11,'','00000282','ORGANISMO SUPERVISOR DE LA INVERSION EN INFRAESTRUCTURA DE TRANSPORTE DE USO PUBLICO',NULL,'2016-04-29 05:50:31','2016-04-29 05:50:31',''),(283,11,'','00000283','ORGANISMO SUPERVISOR DE LAS CONTRATACIONES DEL ESTADO',NULL,'2016-04-29 05:50:31','2016-04-29 05:50:31',''),(284,11,'','00000284','SUPERINTENDENCIA NACIONAL DE ADMINISTRACION TRIBUTARIA',NULL,'2016-04-29 05:50:31','2016-04-29 05:50:31',''),(285,11,'','00000285','SUPERINTENDENCIA NACIONAL DE BIENES ESTATALES',NULL,'2016-04-29 05:50:31','2016-04-29 05:50:31',''),(286,11,'','00000286','SUPERINTENDENCIA NACIONAL DE LOS REGISTROS PUBLICOS',NULL,'2016-04-29 05:50:31','2016-04-29 05:50:31',''),(287,11,'','00000287','SUPERINTENDENCIA NACIONAL DE SALUD',NULL,'2016-04-29 05:50:31','2016-04-29 05:50:31',''),(288,11,'','00000288','SUPERINTENDENCIA NACIONAL DE SERVICIOS DE SANEAMIENTO',NULL,'2016-04-29 05:50:31','2016-04-29 05:50:31',''),(289,12,'','00000289','INSTITUTO DE INVESTIGACIONES DE LA AMAZONIA PERUANA',NULL,'2016-04-29 05:50:31','2016-04-29 05:50:31',''),(290,12,'','00000290','INSTITUTO DEL MAR DEL PERU',NULL,'2016-04-29 05:50:31','2016-04-29 05:50:31',''),(291,12,'','00000291','INSTITUTO GEOFISICO DEL PERU',NULL,'2016-04-29 05:50:31','2016-04-29 05:50:31',''),(292,12,'','00000292','INSTITUTO GEOGRAFICO NACIONAL',NULL,'2016-04-29 05:50:31','2016-04-29 05:50:31',''),(293,12,'','00000293','INSTITUTO GEOLOGICO MINERO Y METALURGICO',NULL,'2016-04-29 05:50:31','2016-04-29 05:50:31',''),(294,12,'','00000294','INSTITUTO NACIONAL DE CALIDAD',NULL,'2016-04-29 05:50:31','2016-04-29 05:50:31',''),(295,12,'','00000295','INSTITUTO NACIONAL DE CIENCIAS NEUROLOGICAS',NULL,'2016-04-29 05:50:31','2016-04-29 05:50:31',''),(296,12,'','00000296','INSTITUTO NACIONAL DE CULTURA',NULL,'2016-04-29 05:50:31','2016-04-29 05:50:31',''),(297,12,'','00000297','INSTITUTO NACIONAL DE DEFENSA CIVIL',NULL,'2016-04-29 05:50:31','2016-04-29 05:50:31',''),(298,12,'','00000298','INSTITUTO NACIONAL DE DEFENSA DE LA COMPETENCIA Y DE LA PROTECCION DE LA PROPIEDAD INTELECTUAL',NULL,'2016-04-29 05:50:31','2016-04-29 05:50:31',''),(299,12,'','00000299','INSTITUTO NACIONAL DE DESARROLLO DE PUEBLOS ANDINOS, AMAZONICOS Y AFROPERUANO',NULL,'2016-04-29 05:50:31','2016-04-29 05:50:31',''),(300,12,'','00000300','INSTITUTO NACIONAL DE ENFERMEDADES NEOPLASICAS',NULL,'2016-04-29 05:50:31','2016-04-29 05:50:31',''),(301,12,'','00000301','INSTITUTO NACIONAL DE ESTADISTICA E INFORMATICA',NULL,'2016-04-29 05:50:31','2016-04-29 05:50:31',''),(302,12,'','00000302','INSTITUTO NACIONAL DE INNOVACION AGRARIA',NULL,'2016-04-29 05:50:31','2016-04-29 05:50:31',''),(303,12,'','00000303','INSTITUTO NACIONAL DE INVESTIGACION EN GLACIARES Y ECOSISTEMAS DE MONTAÑA',NULL,'2016-04-29 05:50:31','2016-04-29 05:50:31',''),(304,12,'','00000304','INSTITUTO NACIONAL DE OFTALMOLOGIA',NULL,'2016-04-29 05:50:31','2016-04-29 05:50:31',''),(305,12,'','00000305','INSTITUTO NACIONAL DE RADIO Y TELEVISION DEL PERU',NULL,'2016-04-29 05:50:31','2016-04-29 05:50:31',''),(306,12,'','00000306','INSTITUTO NACIONAL DE REHABILITACION DRA. ADRIANA REBAZA FLORES',NULL,'2016-04-29 05:50:31','2016-04-29 05:50:31',''),(307,12,'','00000307','INSTITUTO NACIONAL DE SALUD',NULL,'2016-04-29 05:50:31','2016-04-29 05:50:31',''),(308,12,'','00000308','INSTITUTO NACIONAL DE SALUD DEL NIÑO',NULL,'2016-04-29 05:50:31','2016-04-29 05:50:31',''),(309,12,'','00000309','INSTITUTO NACIONAL DE SALUD MENTAL HONORIO DELGADO - HIDEYO NOGUCHI',NULL,'2016-04-29 05:50:31','2016-04-29 05:50:31',''),(310,12,'','00000310','INSTITUTO NACIONAL MATERNO PERINATAL',NULL,'2016-04-29 05:50:31','2016-04-29 05:50:31',''),(311,12,'','00000311','INSTITUTO NACIONAL PENITENCIARIO',NULL,'2016-04-29 05:50:31','2016-04-29 05:50:31',''),(312,12,'','00000312','INSTITUTO PERUANO DE ENERGIA NUCLEAR',NULL,'2016-04-29 05:50:31','2016-04-29 05:50:31',''),(313,12,'','00000313','INSTITUTO PERUANO DEL DEPORTE',NULL,'2016-04-29 05:50:31','2016-04-29 05:50:31',''),(314,12,'','00000314','INSTITUTO REGIONAL DE ENFERMEDADES NEOPLASICAS DEL SUR - GORE AREQUIPA',NULL,'2016-04-29 05:50:31','2016-04-29 05:50:31',''),(315,12,'','00000315','INSTITUTO REGIONAL DE ENFERMEDADES NEOPLASICAS LUIS PINILLOS GANOZA - GORE LA LIBERTAD',NULL,'2016-04-29 05:50:31','2016-04-29 05:50:31',''),(316,12,'','00000316','INSTITUTO REGIONAL DE OFTALMOLOGIA - GORE LA LIBERTAD',NULL,'2016-04-29 05:50:31','2016-04-29 05:50:31',''),(317,12,'','00000317','INSTITUTO TECNOLOGICO DE LA PRODUCCION',NULL,'2016-04-29 05:50:31','2016-04-29 05:50:31',''),(318,12,'','00000318','ORGANISMO NACIONAL DE SANIDAD PESQUERA',NULL,'2016-04-29 05:50:31','2016-04-29 05:50:31',''),(319,12,'','00000319','ORGANISMO TECNICO DE LA ADMINISTRACION DE LOS SERVICIOS DE SANEAMIENTO',NULL,'2016-04-29 05:50:31','2016-04-29 05:50:31',''),(320,12,'','00000320','SERVICIO NACIONAL DE AREAS NATURALES PROTEGIDAS POR EL ESTADO',NULL,'2016-04-29 05:50:31','2016-04-29 05:50:31',''),(321,12,'','00000321','SERVICIO NACIONAL DE CAPACITACION PARA LA INDUSTRIA DE LA CONSTRUCCION',NULL,'2016-04-29 05:50:31','2016-04-29 05:50:31',''),(322,12,'','00000322','SERVICIO NACIONAL DE METEOROLOGIA E HIDROLOGIA DEL PERU',NULL,'2016-04-29 05:50:31','2016-04-29 05:50:31',''),(323,12,'','00000323','SERVICIO NACIONAL DE SANIDAD AGRARIA',NULL,'2016-04-29 05:50:31','2016-04-29 05:50:31',''),(324,12,'','00000324','SERVICIO NACIONAL FORESTAL Y DE FAUNA SILVESTRE',NULL,'2016-04-29 05:50:31','2016-04-29 05:50:31',''),(325,12,'','00000325','SISTEMA NACIONAL DE EVALUACION, ACREDITACION Y CERTIFICACION DE LA CALIDAD EDUCATIVA',NULL,'2016-04-29 05:50:31','2016-04-29 05:50:31',''),(326,12,'','00000326','SUPERINTENDENCIA NACIONAL DE CONTROL DE SERVICIOS DE SEGURIDAD,ARMAS,MUNICIONES Y EXPLOSIVOS DE USO',NULL,'2016-04-29 05:50:31','2016-04-29 05:50:31',''),(327,12,'','00000327','SUPERINTENDENCIA NACIONAL DE EDUCACION SUPERIOR UNIVERSITARIA',NULL,'2016-04-29 05:50:31','2016-04-29 05:50:31',''),(328,12,'','00000328','SUPERINTENDENCIA NACIONAL DE FISCALIZACION LABORAL',NULL,'2016-04-29 05:50:31','2016-04-29 05:50:31',''),(329,12,'','00000329','SUPERINTENDENCIA NACIONAL DE MIGRACIONES',NULL,'2016-04-29 05:50:31','2016-04-29 05:50:31',''),(330,13,'','00000330','ACTIVOS MINEROS S.A.C.',NULL,'2016-04-29 05:50:31','2016-04-29 05:50:31',''),(331,13,'','00000331','ALMACENES GENERALES DE DEPOSITO KOLKANDINA S.A.',NULL,'2016-04-29 05:50:31','2016-04-29 05:50:31',''),(332,13,'','00000332','BANCO AGROPECUARIO',NULL,'2016-04-29 05:50:31','2016-04-29 05:50:31',''),(333,13,'','00000333','BANCO DE LA NACION',NULL,'2016-04-29 05:50:31','2016-04-29 05:50:31',''),(334,13,'','00000334','BANCO DE LA VIVIENDA DEL PERU ',NULL,'2016-04-29 05:50:31','2016-04-29 05:50:31',''),(335,13,'','00000335','BANCO DE MATERIALES S.A.C.',NULL,'2016-04-29 05:50:31','2016-04-29 05:50:31',''),(336,13,'','00000336','BANCO INDUSTRIAL DEL PERU ',NULL,'2016-04-29 05:50:31','2016-04-29 05:50:31',''),(337,13,'','00000337','COMPAÑIA DE NEGOCIACIONES MOBILIARIAS E INMOBILIARIAS S.A.',NULL,'2016-04-29 05:50:31','2016-04-29 05:50:31',''),(338,13,'','00000338','CORPORACION FINANCIERA DE DESARROLLO S.A.',NULL,'2016-04-29 05:50:31','2016-04-29 05:50:31',''),(339,13,'','00000339','CORPORACION PERUANA DE AEROPUERTOS Y AVIACION COMERCIAL S.A.',NULL,'2016-04-29 05:50:31','2016-04-29 05:50:31',''),(340,13,'','00000340','ELECTROLIMA S.A.',NULL,'2016-04-29 05:50:31','2016-04-29 05:50:31',''),(341,13,'','00000341','EMPRESA CONCESIONARIA DE ELECTRICIDAD DE UCAYALI S.A.',NULL,'2016-04-29 05:50:31','2016-04-29 05:50:31',''),(342,13,'','00000342','EMPRESA DE ADMINISTRACION DE INFRAESTRUCTURA ELECTRICA S.A.',NULL,'2016-04-29 05:50:31','2016-04-29 05:50:31',''),(343,13,'','00000343','EMPRESA DE ELECTRICIDAD DEL PERU S.A.',NULL,'2016-04-29 05:50:31','2016-04-29 05:50:31',''),(344,13,'','00000344','EMPRESA DE GENERACION ELECTRICA DE AREQUIPA S.A.',NULL,'2016-04-29 05:50:31','2016-04-29 05:50:31',''),(345,13,'','00000345','EMPRESA DE GENERACION ELECTRICA DEL SUR S.A.',NULL,'2016-04-29 05:50:31','2016-04-29 05:50:31',''),(346,13,'','00000346','EMPRESA DE GENERACION ELECTRICA MACHUPICCHU S.A.',NULL,'2016-04-29 05:50:31','2016-04-29 05:50:31',''),(347,13,'','00000347','EMPRESA DE GENERACION ELECTRICA SAN GABAN S.A.',NULL,'2016-04-29 05:50:31','2016-04-29 05:50:31',''),(348,13,'','00000348','EMPRESA DE SEGURIDAD,VIGILANCIA Y CONTROL S.A.C',NULL,'2016-04-29 05:50:31','2016-04-29 05:50:31',''),(349,13,'','00000349','EMPRESA DE SERVICIO PUBLICO DE ELECTRICIDAD ELECTRO NORTE MEDIO S.A',NULL,'2016-04-29 05:50:31','2016-04-29 05:50:31',''),(350,13,'','00000350','EMPRESA DE TRANSMISION ELECTRICA DE SUR S.A.',NULL,'2016-04-29 05:50:31','2016-04-29 05:50:31',''),(351,13,'','00000351','EMPRESA DE TRASMISION ELECTRICA CENTRO NORTE S.A.',NULL,'2016-04-29 05:50:31','2016-04-29 05:50:31',''),(352,13,'','00000352','EMPRESA MINERA DEL CENTRO DEL PERU',NULL,'2016-04-29 05:50:31','2016-04-29 05:50:31',''),(353,13,'','00000353','EMPRESA NACIONAL DE COMERCIALIZACION DE INSUMOS S.A.',NULL,'2016-04-29 05:50:31','2016-04-29 05:50:31',''),(354,13,'','00000354','EMPRESA NACIONAL DE EDIFICACIONES',NULL,'2016-04-29 05:50:31','2016-04-29 05:50:31',''),(355,13,'','00000355','EMPRESA NACIONAL DE FERROCARRILES S.A.',NULL,'2016-04-29 05:50:31','2016-04-29 05:50:31',''),(356,13,'','00000356','EMPRESA NACIONAL DE LA COCA S.A.',NULL,'2016-04-29 05:50:31','2016-04-29 05:50:31',''),(357,13,'','00000357','EMPRESA NACIONAL DE PUERTOS S.A.',NULL,'2016-04-29 05:50:31','2016-04-29 05:50:31',''),(358,13,'','00000358','EMPRESA NACIONAL PESQUERA S.A.',NULL,'2016-04-29 05:50:31','2016-04-29 05:50:31',''),(359,13,'','00000359','EMPRESA PERUANA DE SERVICIOS EDITORIALES S.A.',NULL,'2016-04-29 05:50:31','2016-04-29 05:50:31',''),(360,13,'','00000360','EMPRESA REGIONAL DE SERVICIO PUBLICO DE ELECTRICIDAD DE PUNO S.A.A.',NULL,'2016-04-29 05:50:31','2016-04-29 05:50:31',''),(361,13,'','00000361','EMPRESA REGIONAL DE SERVICIO PUBLICO DE ELECTRICIDAD DEL CENTRO S.A.',NULL,'2016-04-29 05:50:31','2016-04-29 05:50:31',''),(362,13,'','00000362','EMPRESA REGIONAL DE SERVICIO PUBLICO DE ELECTRICIDAD DEL NORTE S.A',NULL,'2016-04-29 05:50:31','2016-04-29 05:50:31',''),(363,13,'','00000363','EMPRESA REGIONAL DE SERVICIO PUBLICO DE ELECTRICIDAD DEL ORIENTE S.A.',NULL,'2016-04-29 05:50:31','2016-04-29 05:50:31',''),(364,13,'','00000364','EMPRESA REGIONAL DE SERVICIO PUBLICO DE ELECTRICIDAD DEL SUR ESTE S.A.A.',NULL,'2016-04-29 05:50:31','2016-04-29 05:50:31',''),(365,13,'','00000365','EMPRESA REGIONAL DE SERVICIO PUBLICO DE ELECTRICIDAD DEL SUR S.A.',NULL,'2016-04-29 05:50:31','2016-04-29 05:50:31',''),(366,13,'','00000366','EMPRESA REGIONAL DE SERVICIO PUBLICO DE ELECTRICIDAD ELECTRONOROESTE S.A.',NULL,'2016-04-29 05:50:31','2016-04-29 05:50:31',''),(367,13,'','00000367','FABRICA DE ARMAS Y MUNICIONES DEL EJERCITO S.A.C.',NULL,'2016-04-29 05:50:31','2016-04-29 05:50:31',''),(368,13,'','00000368','FONDO MIVIVIENDA S.A.',NULL,'2016-04-29 05:50:31','2016-04-29 05:50:31',''),(369,13,'','00000369','FONDO NACIONAL DE FINANCIAMIENTO DE LA ACTIVIDAD EMPRESARIAL',NULL,'2016-04-29 05:50:31','2016-04-29 05:50:31',''),(370,13,'','00000370','INDUSTRIA AERONAUTICA DEL PERU',NULL,'2016-04-29 05:50:31','2016-04-29 05:50:31',''),(371,13,'','00000371','INMOBILIARIA MILENIA S.A.',NULL,'2016-04-29 05:50:31','2016-04-29 05:50:31',''),(372,13,'','00000372','MERCADOS DEL PUEBLO S.A.',NULL,'2016-04-29 05:50:31','2016-04-29 05:50:31',''),(373,13,'','00000373','PERUINVEST ',NULL,'2016-04-29 05:50:31','2016-04-29 05:50:31',''),(374,13,'','00000374','PERUPETRO S.A.',NULL,'2016-04-29 05:50:31','2016-04-29 05:50:31',''),(375,13,'','00000375','POPULAR Y PORVENIR',NULL,'2016-04-29 05:50:31','2016-04-29 05:50:31',''),(376,13,'','00000376','SERVICIO DE AGUA POTABLE Y ALCANTARILLADO DE LIMA',NULL,'2016-04-29 05:50:31','2016-04-29 05:50:31',''),(377,13,'','00000377','SERVICIOS INDUSTRIALES DE LA MARINA IQUITOS S.R.LTDA.',NULL,'2016-04-29 05:50:31','2016-04-29 05:50:31',''),(378,13,'','00000378','SERVICIOS INDUSTRIALES DE LA MARINA S.A.',NULL,'2016-04-29 05:50:31','2016-04-29 05:50:31',''),(379,13,'','00000379','SERVICIOS INTEGRADOS DE LIMPIEZA SA',NULL,'2016-04-29 05:50:31','2016-04-29 05:50:31',''),(380,13,'','00000380','SERVICIOS POSTALES DEL PERU S.A',NULL,'2016-04-29 05:50:31','2016-04-29 05:50:31',''),(381,13,'','00000381','SOCIEDAD ELECTRICA DEL SUR OESTE S.A.',NULL,'2016-04-29 05:50:31','2016-04-29 05:50:31',''),(382,13,'','00000382','SOCIEDAD PARAMONGA LIMITADA S.A.',NULL,'2016-04-29 05:50:31','2016-04-29 05:50:31',''),(383,14,'','00000383','EMPRESA MUNICIPAL DE SERVICIOS DE AGUA POTABLE Y ALCANTARILLADO DE AMAZONAS',NULL,'2016-04-29 05:50:31','2016-04-29 05:50:31',''),(384,15,'','00000384','GOBIERNO REGIONAL DE AMAZONAS',NULL,'2016-04-29 05:50:31','2016-04-29 05:50:31',''),(385,15,'','00000385','GOBIERNO REGIONAL DE ANCASH',NULL,'2016-04-29 05:50:31','2016-04-29 05:50:31',''),(386,15,'','00000386','GOBIERNO REGIONAL DE APURIMAC',NULL,'2016-04-29 05:50:31','2016-04-29 05:50:31',''),(387,15,'','00000387','GOBIERNO REGIONAL DE AREQUIPA',NULL,'2016-04-29 05:50:31','2016-04-29 05:50:31',''),(388,15,'','00000388','GOBIERNO REGIONAL DE AYACUCHO',NULL,'2016-04-29 05:50:31','2016-04-29 05:50:31',''),(389,15,'','00000389','GOBIERNO REGIONAL DE CAJAMARCA',NULL,'2016-04-29 05:50:31','2016-04-29 05:50:31',''),(390,15,'','00000390','GOBIERNO REGIONAL DE HUANCAVELICA',NULL,'2016-04-29 05:50:31','2016-04-29 05:50:31',''),(391,15,'','00000391','GOBIERNO REGIONAL DE HUANUCO',NULL,'2016-04-29 05:50:31','2016-04-29 05:50:31',''),(392,15,'','00000392','GOBIERNO REGIONAL DE ICA',NULL,'2016-04-29 05:50:31','2016-04-29 05:50:31',''),(393,15,'','00000393','GOBIERNO REGIONAL DE JUNIN',NULL,'2016-04-29 05:50:31','2016-04-29 05:50:31',''),(394,15,'','00000394','GOBIERNO REGIONAL DE LA LIBERTAD',NULL,'2016-04-29 05:50:31','2016-04-29 05:50:31',''),(395,15,'','00000395','GOBIERNO REGIONAL DE LAMBAYEQUE',NULL,'2016-04-29 05:50:31','2016-04-29 05:50:31',''),(396,15,'','00000396','GOBIERNO REGIONAL DE LIMA',NULL,'2016-04-29 05:50:31','2016-04-29 05:50:31',''),(397,15,'','00000397','GOBIERNO REGIONAL DE LORETO',NULL,'2016-04-29 05:50:31','2016-04-29 05:50:31',''),(398,15,'','00000398','GOBIERNO REGIONAL DE MADRE DE DIOS',NULL,'2016-04-29 05:50:31','2016-04-29 05:50:31',''),(399,15,'','00000399','GOBIERNO REGIONAL DE MOQUEGUA',NULL,'2016-04-29 05:50:31','2016-04-29 05:50:31',''),(400,15,'','00000400','GOBIERNO REGIONAL DE PASCO',NULL,'2016-04-29 05:50:31','2016-04-29 05:50:31',''),(401,15,'','00000401','GOBIERNO REGIONAL DE PIURA',NULL,'2016-04-29 05:50:31','2016-04-29 05:50:31',''),(402,15,'','00000402','GOBIERNO REGIONAL DE PUNO',NULL,'2016-04-29 05:50:31','2016-04-29 05:50:31',''),(403,15,'','00000403','GOBIERNO REGIONAL DE SAN MARTIN',NULL,'2016-04-29 05:50:31','2016-04-29 05:50:31',''),(404,15,'','00000404','GOBIERNO REGIONAL DE TACNA',NULL,'2016-04-29 05:50:31','2016-04-29 05:50:31',''),(405,15,'','00000405','GOBIERNO REGIONAL DE TUMBES',NULL,'2016-04-29 05:50:31','2016-04-29 05:50:31',''),(406,15,'','00000406','GOBIERNO REGIONAL DE UCAYALI',NULL,'2016-04-29 05:50:31','2016-04-29 05:50:31',''),(407,15,'','00000407','GOBIERNO REGIONAL DEL CALLAO',NULL,'2016-04-29 05:50:31','2016-04-29 05:50:31',''),(408,15,'','00000408','GOBIERNO REGIONAL DEL CUSCO',NULL,'2016-04-29 05:50:31','2016-04-29 05:50:31',''),(409,16,'','00000409','CENTRO DE ALTOS ESTUDIOS NACIONALES',NULL,'2016-04-29 05:50:31','2016-04-29 05:50:31',''),(410,16,'','00000410','FOMENTO AL CONSUMO HUMANO DIRECTO A COMER PESCADO',NULL,'2016-04-29 05:50:31','2016-04-29 05:50:31',''),(411,16,'','00000411','FONDO METROPOLITANO DE INVERSIONES',NULL,'2016-04-29 05:50:31','2016-04-29 05:50:31',''),(412,16,'','00000412','INSTITUTO METROPOLITANO PROTRANSPORTE DE LIMA',NULL,'2016-04-29 05:50:31','2016-04-29 05:50:31',''),(413,16,'','00000413','PROGRAMA NACIONAL DE INFRAESTRUCTURA EDUCATIVA',NULL,'2016-04-29 05:50:31','2016-04-29 05:50:31',''),(414,16,'','00000414','SERVICIO DE ADMINISTRACION TRIBUTARIA',NULL,'2016-04-29 05:50:31','2016-04-29 05:50:31',''),(415,16,'','00000415','SERVICIO DE ADMINISTRACION TRIBUTARIA DE TRUJILLO',NULL,'2016-04-29 05:50:31','2016-04-29 05:50:31',''),(416,16,'','00000416','TRABAJA PERU',NULL,'2016-04-29 05:50:31','2016-04-29 05:50:31',''),(417,17,'','00000417','MUNICIPALIDAD METROPOLITANA DE LIMA',NULL,'2016-04-29 05:50:31','2016-04-29 05:50:31',''),(418,17,'','00000418','MUNICIPALIDAD PRONVICIAL DE AYACUCHO',NULL,'2016-04-29 05:50:31','2016-04-29 05:50:31',''),(419,17,'','00000419','MUNICIPALIDAD PRONVICIAL DE HUACHO',NULL,'2016-04-29 05:50:31','2016-04-29 05:50:31',''),(420,17,'','00000420','MUNICIPALIDAD PRONVICIAL DE JUANJUI',NULL,'2016-04-29 05:50:31','2016-04-29 05:50:31',''),(421,17,'','00000421','MUNICIPALIDAD PRONVICIAL DE JULIACA',NULL,'2016-04-29 05:50:31','2016-04-29 05:50:31',''),(422,17,'','00000422','MUNICIPALIDAD PRONVICIAL DE LIMA',NULL,'2016-04-29 05:50:31','2016-04-29 05:50:31',''),(423,17,'','00000423','MUNICIPALIDAD PRONVICIAL DE LOCUMBA',NULL,'2016-04-29 05:50:31','2016-04-29 05:50:31',''),(424,17,'','00000424','MUNICIPALIDAD PRONVICIAL DE SAN LUIS',NULL,'2016-04-29 05:50:31','2016-04-29 05:50:31',''),(425,17,'','00000425','MUNICIPALIDAD PRONVICIAL DE SICUANI',NULL,'2016-04-29 05:50:31','2016-04-29 05:50:31',''),(426,17,'','00000426','MUNICIPALIDAD PRONVICIAL DE URCOS',NULL,'2016-04-29 05:50:31','2016-04-29 05:50:31',''),(427,17,'','00000427','MUNICIPALIDAD PROVINCIAL DE ABANCAY',NULL,'2016-04-29 05:50:31','2016-04-29 05:50:31',''),(428,17,'','00000428','MUNICIPALIDAD PROVINCIAL DE ACOBAMBA',NULL,'2016-04-29 05:50:31','2016-04-29 05:50:31',''),(429,17,'','00000429','MUNICIPALIDAD PROVINCIAL DE ACOMAYO',NULL,'2016-04-29 05:50:31','2016-04-29 05:50:31',''),(430,17,'','00000430','MUNICIPALIDAD PROVINCIAL DE AIJA',NULL,'2016-04-29 05:50:31','2016-04-29 05:50:31',''),(431,17,'','00000431','MUNICIPALIDAD PROVINCIAL DE ALTO AMAZONAS',NULL,'2016-04-29 05:50:31','2016-04-29 05:50:31',''),(432,17,'','00000432','MUNICIPALIDAD PROVINCIAL DE AMBO',NULL,'2016-04-29 05:50:31','2016-04-29 05:50:31',''),(433,17,'','00000433','MUNICIPALIDAD PROVINCIAL DE ANDAHUAYLAS',NULL,'2016-04-29 05:50:31','2016-04-29 05:50:31',''),(434,17,'','00000434','MUNICIPALIDAD PROVINCIAL DE ANGARAES',NULL,'2016-04-29 05:50:31','2016-04-29 05:50:31',''),(435,17,'','00000435','MUNICIPALIDAD PROVINCIAL DE ANTA',NULL,'2016-04-29 05:50:31','2016-04-29 05:50:31',''),(436,17,'','00000436','MUNICIPALIDAD PROVINCIAL DE ANTABAMBA',NULL,'2016-04-29 05:50:31','2016-04-29 05:50:31',''),(437,17,'','00000437','MUNICIPALIDAD PROVINCIAL DE ANTONIO RAYMONDI',NULL,'2016-04-29 05:50:31','2016-04-29 05:50:31',''),(438,17,'','00000438','MUNICIPALIDAD PROVINCIAL DE AREQUIPA',NULL,'2016-04-29 05:50:31','2016-04-29 05:50:31',''),(439,17,'','00000439','MUNICIPALIDAD PROVINCIAL DE ASCOPE',NULL,'2016-04-29 05:50:31','2016-04-29 05:50:31',''),(440,17,'','00000440','MUNICIPALIDAD PROVINCIAL DE ASUNCION',NULL,'2016-04-29 05:50:31','2016-04-29 05:50:31',''),(441,17,'','00000441','MUNICIPALIDAD PROVINCIAL DE ATALAYA',NULL,'2016-04-29 05:50:31','2016-04-29 05:50:31',''),(442,17,'','00000442','MUNICIPALIDAD PROVINCIAL DE AYABACA',NULL,'2016-04-29 05:50:31','2016-04-29 05:50:31',''),(443,17,'','00000443','MUNICIPALIDAD PROVINCIAL DE AYMARAES',NULL,'2016-04-29 05:50:31','2016-04-29 05:50:31',''),(444,17,'','00000444','MUNICIPALIDAD PROVINCIAL DE AZANGARO',NULL,'2016-04-29 05:50:31','2016-04-29 05:50:31',''),(445,17,'','00000445','MUNICIPALIDAD PROVINCIAL DE BAGUA',NULL,'2016-04-29 05:50:31','2016-04-29 05:50:31',''),(446,17,'','00000446','MUNICIPALIDAD PROVINCIAL DE BARRANCA',NULL,'2016-04-29 05:50:31','2016-04-29 05:50:31',''),(447,17,'','00000447','MUNICIPALIDAD PROVINCIAL DE BELLAVISTA',NULL,'2016-04-29 05:50:31','2016-04-29 05:50:31',''),(448,17,'','00000448','MUNICIPALIDAD PROVINCIAL DE BOLIVAR',NULL,'2016-04-29 05:50:31','2016-04-29 05:50:31',''),(449,17,'','00000449','MUNICIPALIDAD PROVINCIAL DE BOLOGNESI',NULL,'2016-04-29 05:50:31','2016-04-29 05:50:31',''),(450,17,'','00000450','MUNICIPALIDAD PROVINCIAL DE BONGARA',NULL,'2016-04-29 05:50:31','2016-04-29 05:50:31',''),(451,17,'','00000451','MUNICIPALIDAD PROVINCIAL DE CAJABAMBA',NULL,'2016-04-29 05:50:31','2016-04-29 05:50:31',''),(452,17,'','00000452','MUNICIPALIDAD PROVINCIAL DE CAJAMARCA',NULL,'2016-04-29 05:50:31','2016-04-29 05:50:31',''),(453,17,'','00000453','MUNICIPALIDAD PROVINCIAL DE CAJATAMBO',NULL,'2016-04-29 05:50:31','2016-04-29 05:50:31',''),(454,17,'','00000454','MUNICIPALIDAD PROVINCIAL DE CALCA',NULL,'2016-04-29 05:50:31','2016-04-29 05:50:31',''),(455,17,'','00000455','MUNICIPALIDAD PROVINCIAL DE CAMANA',NULL,'2016-04-29 05:50:31','2016-04-29 05:50:31',''),(456,17,'','00000456','MUNICIPALIDAD PROVINCIAL DE CANAS',NULL,'2016-04-29 05:50:31','2016-04-29 05:50:31',''),(457,17,'','00000457','MUNICIPALIDAD PROVINCIAL DE CANCHIS',NULL,'2016-04-29 05:50:31','2016-04-29 05:50:31',''),(458,17,'','00000458','MUNICIPALIDAD PROVINCIAL DE CANDARAVE',NULL,'2016-04-29 05:50:31','2016-04-29 05:50:31',''),(459,17,'','00000459','MUNICIPALIDAD PROVINCIAL DE CANGALLO',NULL,'2016-04-29 05:50:31','2016-04-29 05:50:31',''),(460,17,'','00000460','MUNICIPALIDAD PROVINCIAL DE CANTA',NULL,'2016-04-29 05:50:31','2016-04-29 05:50:31',''),(461,17,'','00000461','MUNICIPALIDAD PROVINCIAL DE CAÑETE',NULL,'2016-04-29 05:50:31','2016-04-29 05:50:31',''),(462,17,'','00000462','MUNICIPALIDAD PROVINCIAL DE CARABAYA',NULL,'2016-04-29 05:50:31','2016-04-29 05:50:31',''),(463,17,'','00000463','MUNICIPALIDAD PROVINCIAL DE CARAVELI',NULL,'2016-04-29 05:50:31','2016-04-29 05:50:31',''),(464,17,'','00000464','MUNICIPALIDAD PROVINCIAL DE CARHUAZ',NULL,'2016-04-29 05:50:31','2016-04-29 05:50:31',''),(465,17,'','00000465','MUNICIPALIDAD PROVINCIAL DE CARLOS FERMIN FITZCARRALD',NULL,'2016-04-29 05:50:31','2016-04-29 05:50:31',''),(466,17,'','00000466','MUNICIPALIDAD PROVINCIAL DE CASMA',NULL,'2016-04-29 05:50:31','2016-04-29 05:50:31',''),(467,17,'','00000467','MUNICIPALIDAD PROVINCIAL DE CASTILLA',NULL,'2016-04-29 05:50:31','2016-04-29 05:50:31',''),(468,17,'','00000468','MUNICIPALIDAD PROVINCIAL DE CASTROVIRREYNA',NULL,'2016-04-29 05:50:31','2016-04-29 05:50:31',''),(469,17,'','00000469','MUNICIPALIDAD PROVINCIAL DE CAYLLOMA',NULL,'2016-04-29 05:50:31','2016-04-29 05:50:31',''),(470,17,'','00000470','MUNICIPALIDAD PROVINCIAL DE CELENDIN',NULL,'2016-04-29 05:50:31','2016-04-29 05:50:31',''),(471,17,'','00000471','MUNICIPALIDAD PROVINCIAL DE CHACHAPOYAS',NULL,'2016-04-29 05:50:31','2016-04-29 05:50:31',''),(472,17,'','00000472','MUNICIPALIDAD PROVINCIAL DE CHANCHAMAYO',NULL,'2016-04-29 05:50:31','2016-04-29 05:50:31',''),(473,17,'','00000473','MUNICIPALIDAD PROVINCIAL DE CHEPEN',NULL,'2016-04-29 05:50:31','2016-04-29 05:50:31',''),(474,17,'','00000474','MUNICIPALIDAD PROVINCIAL DE CHICLAYO',NULL,'2016-04-29 05:50:31','2016-04-29 05:50:31',''),(475,17,'','00000475','MUNICIPALIDAD PROVINCIAL DE CHINCHA',NULL,'2016-04-29 05:50:31','2016-04-29 05:50:31',''),(476,17,'','00000476','MUNICIPALIDAD PROVINCIAL DE CHINCHEROS',NULL,'2016-04-29 05:50:31','2016-04-29 05:50:31',''),(477,17,'','00000477','MUNICIPALIDAD PROVINCIAL DE CHOTA',NULL,'2016-04-29 05:50:31','2016-04-29 05:50:31',''),(478,17,'','00000478','MUNICIPALIDAD PROVINCIAL DE CHUCUITO',NULL,'2016-04-29 05:50:31','2016-04-29 05:50:31',''),(479,17,'','00000479','MUNICIPALIDAD PROVINCIAL DE CHUMBIVILCAS',NULL,'2016-04-29 05:50:31','2016-04-29 05:50:31',''),(480,17,'','00000480','MUNICIPALIDAD PROVINCIAL DE CHUPACA',NULL,'2016-04-29 05:50:31','2016-04-29 05:50:31',''),(481,17,'','00000481','MUNICIPALIDAD PROVINCIAL DE CHURCAMPA',NULL,'2016-04-29 05:50:31','2016-04-29 05:50:31',''),(482,17,'','00000482','MUNICIPALIDAD PROVINCIAL DE CONCEPCION',NULL,'2016-04-29 05:50:31','2016-04-29 05:50:31',''),(483,17,'','00000483','MUNICIPALIDAD PROVINCIAL DE CONDESUYOS',NULL,'2016-04-29 05:50:31','2016-04-29 05:50:31',''),(484,17,'','00000484','MUNICIPALIDAD PROVINCIAL DE CONDORCANQUI',NULL,'2016-04-29 05:50:31','2016-04-29 05:50:31',''),(485,17,'','00000485','MUNICIPALIDAD PROVINCIAL DE CONTRALMIRANTE VILLAR',NULL,'2016-04-29 05:50:31','2016-04-29 05:50:31',''),(486,17,'','00000486','MUNICIPALIDAD PROVINCIAL DE CONTUMAZA',NULL,'2016-04-29 05:50:31','2016-04-29 05:50:31',''),(487,17,'','00000487','MUNICIPALIDAD PROVINCIAL DE CORONEL PORTILLO',NULL,'2016-04-29 05:50:31','2016-04-29 05:50:31',''),(488,17,'','00000488','MUNICIPALIDAD PROVINCIAL DE CORONGO',NULL,'2016-04-29 05:50:31','2016-04-29 05:50:31',''),(489,17,'','00000489','MUNICIPALIDAD PROVINCIAL DE COTABAMBAS',NULL,'2016-04-29 05:50:31','2016-04-29 05:50:31',''),(490,17,'','00000490','MUNICIPALIDAD PROVINCIAL DE CUTERVO',NULL,'2016-04-29 05:50:31','2016-04-29 05:50:31',''),(491,17,'','00000491','MUNICIPALIDAD PROVINCIAL DE DANIEL ALCIDES CARRION',NULL,'2016-04-29 05:50:31','2016-04-29 05:50:31',''),(492,17,'','00000492','MUNICIPALIDAD PROVINCIAL DE DATEM DEL MARAÑON',NULL,'2016-04-29 05:50:31','2016-04-29 05:50:31',''),(493,17,'','00000493','MUNICIPALIDAD PROVINCIAL DE DOS DE MAYO',NULL,'2016-04-29 05:50:31','2016-04-29 05:50:31',''),(494,17,'','00000494','MUNICIPALIDAD PROVINCIAL DE EL COLLAO',NULL,'2016-04-29 05:50:31','2016-04-29 05:50:31',''),(495,17,'','00000495','MUNICIPALIDAD PROVINCIAL DE EL DORADO',NULL,'2016-04-29 05:50:31','2016-04-29 05:50:31',''),(496,17,'','00000496','MUNICIPALIDAD PROVINCIAL DE ESPINAR',NULL,'2016-04-29 05:50:31','2016-04-29 05:50:31',''),(497,17,'','00000497','MUNICIPALIDAD PROVINCIAL DE FERREÑAFE',NULL,'2016-04-29 05:50:31','2016-04-29 05:50:31',''),(498,17,'','00000498','MUNICIPALIDAD PROVINCIAL DE GENERAL SANCHEZ CERRO',NULL,'2016-04-29 05:50:31','2016-04-29 05:50:31',''),(499,17,'','00000499','MUNICIPALIDAD PROVINCIAL DE GRAN CHIMU',NULL,'2016-04-29 05:50:31','2016-04-29 05:50:31',''),(500,17,'','00000500','MUNICIPALIDAD PROVINCIAL DE GRAU',NULL,'2016-04-29 05:50:31','2016-04-29 05:50:31',''),(501,17,'','00000501','MUNICIPALIDAD PROVINCIAL DE HUACAYBAMBA',NULL,'2016-04-29 05:50:31','2016-04-29 05:50:31',''),(502,17,'','00000502','MUNICIPALIDAD PROVINCIAL DE HUALGAYOC',NULL,'2016-04-29 05:50:31','2016-04-29 05:50:31',''),(503,17,'','00000503','MUNICIPALIDAD PROVINCIAL DE HUALLAGA',NULL,'2016-04-29 05:50:31','2016-04-29 05:50:31',''),(504,17,'','00000504','MUNICIPALIDAD PROVINCIAL DE HUAMALIES',NULL,'2016-04-29 05:50:31','2016-04-29 05:50:31',''),(505,17,'','00000505','MUNICIPALIDAD PROVINCIAL DE HUAMANGA',NULL,'2016-04-29 05:50:31','2016-04-29 05:50:31',''),(506,17,'','00000506','MUNICIPALIDAD PROVINCIAL DE HUANCA SANCOS',NULL,'2016-04-29 05:50:31','2016-04-29 05:50:31',''),(507,17,'','00000507','MUNICIPALIDAD PROVINCIAL DE HUANCABAMBA',NULL,'2016-04-29 05:50:31','2016-04-29 05:50:31',''),(508,17,'','00000508','MUNICIPALIDAD PROVINCIAL DE HUANCANE',NULL,'2016-04-29 05:50:31','2016-04-29 05:50:31',''),(509,17,'','00000509','MUNICIPALIDAD PROVINCIAL DE HUANCAVELICA',NULL,'2016-04-29 05:50:31','2016-04-29 05:50:31',''),(510,17,'','00000510','MUNICIPALIDAD PROVINCIAL DE HUANCAYO',NULL,'2016-04-29 05:50:31','2016-04-29 05:50:31',''),(511,17,'','00000511','MUNICIPALIDAD PROVINCIAL DE HUANTA',NULL,'2016-04-29 05:50:31','2016-04-29 05:50:31',''),(512,17,'','00000512','MUNICIPALIDAD PROVINCIAL DE HUANUCO',NULL,'2016-04-29 05:50:31','2016-04-29 05:50:31',''),(513,17,'','00000513','MUNICIPALIDAD PROVINCIAL DE HUARAL',NULL,'2016-04-29 05:50:31','2016-04-29 05:50:31',''),(514,17,'','00000514','MUNICIPALIDAD PROVINCIAL DE HUARAZ',NULL,'2016-04-29 05:50:31','2016-04-29 05:50:31',''),(515,17,'','00000515','MUNICIPALIDAD PROVINCIAL DE HUARI',NULL,'2016-04-29 05:50:31','2016-04-29 05:50:31',''),(516,17,'','00000516','MUNICIPALIDAD PROVINCIAL DE HUARMEY',NULL,'2016-04-29 05:50:31','2016-04-29 05:50:31',''),(517,17,'','00000517','MUNICIPALIDAD PROVINCIAL DE HUAROCHIRI',NULL,'2016-04-29 05:50:31','2016-04-29 05:50:31',''),(518,17,'','00000518','MUNICIPALIDAD PROVINCIAL DE HUAURA',NULL,'2016-04-29 05:50:31','2016-04-29 05:50:31',''),(519,17,'','00000519','MUNICIPALIDAD PROVINCIAL DE HUAYLAS',NULL,'2016-04-29 05:50:31','2016-04-29 05:50:31',''),(520,17,'','00000520','MUNICIPALIDAD PROVINCIAL DE HUAYTARA',NULL,'2016-04-29 05:50:31','2016-04-29 05:50:31',''),(521,17,'','00000521','MUNICIPALIDAD PROVINCIAL DE ICA',NULL,'2016-04-29 05:50:31','2016-04-29 05:50:31',''),(522,17,'','00000522','MUNICIPALIDAD PROVINCIAL DE ILO',NULL,'2016-04-29 05:50:31','2016-04-29 05:50:31',''),(523,17,'','00000523','MUNICIPALIDAD PROVINCIAL DE IQUITOS',NULL,'2016-04-29 05:50:31','2016-04-29 05:50:31',''),(524,17,'','00000524','MUNICIPALIDAD PROVINCIAL DE ISLAY',NULL,'2016-04-29 05:50:31','2016-04-29 05:50:31',''),(525,17,'','00000525','MUNICIPALIDAD PROVINCIAL DE JAEN',NULL,'2016-04-29 05:50:31','2016-04-29 05:50:31',''),(526,17,'','00000526','MUNICIPALIDAD PROVINCIAL DE JAUJA',NULL,'2016-04-29 05:50:31','2016-04-29 05:50:31',''),(527,17,'','00000527','MUNICIPALIDAD PROVINCIAL DE JORGE BASADRE',NULL,'2016-04-29 05:50:31','2016-04-29 05:50:31',''),(528,17,'','00000528','MUNICIPALIDAD PROVINCIAL DE JULCAN',NULL,'2016-04-29 05:50:31','2016-04-29 05:50:31',''),(529,17,'','00000529','MUNICIPALIDAD PROVINCIAL DE JUNIN',NULL,'2016-04-29 05:50:31','2016-04-29 05:50:31',''),(530,17,'','00000530','MUNICIPALIDAD PROVINCIAL DE LA CONVENCION',NULL,'2016-04-29 05:50:31','2016-04-29 05:50:31',''),(531,17,'','00000531','MUNICIPALIDAD PROVINCIAL DE LA MAR',NULL,'2016-04-29 05:50:31','2016-04-29 05:50:31',''),(532,17,'','00000532','MUNICIPALIDAD PROVINCIAL DE LA UNION',NULL,'2016-04-29 05:50:31','2016-04-29 05:50:31',''),(533,17,'','00000533','MUNICIPALIDAD PROVINCIAL DE LAMAS',NULL,'2016-04-29 05:50:31','2016-04-29 05:50:31',''),(534,17,'','00000534','MUNICIPALIDAD PROVINCIAL DE LAMBAYEQUE',NULL,'2016-04-29 05:50:31','2016-04-29 05:50:31',''),(535,17,'','00000535','MUNICIPALIDAD PROVINCIAL DE LAMPA',NULL,'2016-04-29 05:50:31','2016-04-29 05:50:31',''),(536,17,'','00000536','MUNICIPALIDAD PROVINCIAL DE LAURICOCHA',NULL,'2016-04-29 05:50:31','2016-04-29 05:50:31',''),(537,17,'','00000537','MUNICIPALIDAD PROVINCIAL DE LEONCIO PRADO',NULL,'2016-04-29 05:50:31','2016-04-29 05:50:31',''),(538,17,'','00000538','MUNICIPALIDAD PROVINCIAL DE LORETO',NULL,'2016-04-29 05:50:31','2016-04-29 05:50:31',''),(539,17,'','00000539','MUNICIPALIDAD PROVINCIAL DE LUCANAS',NULL,'2016-04-29 05:50:31','2016-04-29 05:50:31',''),(540,17,'','00000540','MUNICIPALIDAD PROVINCIAL DE LUYA',NULL,'2016-04-29 05:50:31','2016-04-29 05:50:31',''),(541,17,'','00000541','MUNICIPALIDAD PROVINCIAL DE MANU',NULL,'2016-04-29 05:50:31','2016-04-29 05:50:31',''),(542,17,'','00000542','MUNICIPALIDAD PROVINCIAL DE MARAÑON',NULL,'2016-04-29 05:50:31','2016-04-29 05:50:31',''),(543,17,'','00000543','MUNICIPALIDAD PROVINCIAL DE MARISCAL CACERES',NULL,'2016-04-29 05:50:31','2016-04-29 05:50:31',''),(544,17,'','00000544','MUNICIPALIDAD PROVINCIAL DE MARISCAL LUZURIAGA',NULL,'2016-04-29 05:50:31','2016-04-29 05:50:31',''),(545,17,'','00000545','MUNICIPALIDAD PROVINCIAL DE MARISCAL NIETO',NULL,'2016-04-29 05:50:31','2016-04-29 05:50:31',''),(546,17,'','00000546','MUNICIPALIDAD PROVINCIAL DE MARISCAL RAMON CASTILLA',NULL,'2016-04-29 05:50:31','2016-04-29 05:50:31',''),(547,17,'','00000547','MUNICIPALIDAD PROVINCIAL DE MAYNAS',NULL,'2016-04-29 05:50:31','2016-04-29 05:50:31',''),(548,17,'','00000548','MUNICIPALIDAD PROVINCIAL DE MELGAR',NULL,'2016-04-29 05:50:31','2016-04-29 05:50:31',''),(549,17,'','00000549','MUNICIPALIDAD PROVINCIAL DE MOHO',NULL,'2016-04-29 05:50:31','2016-04-29 05:50:31',''),(550,17,'','00000550','MUNICIPALIDAD PROVINCIAL DE MORROPON',NULL,'2016-04-29 05:50:31','2016-04-29 05:50:31',''),(551,17,'','00000551','MUNICIPALIDAD PROVINCIAL DE MOYOBAMBA',NULL,'2016-04-29 05:50:31','2016-04-29 05:50:31',''),(552,17,'','00000552','MUNICIPALIDAD PROVINCIAL DE NAZCA',NULL,'2016-04-29 05:50:31','2016-04-29 05:50:31',''),(553,17,'','00000553','MUNICIPALIDAD PROVINCIAL DE OCROS',NULL,'2016-04-29 05:50:31','2016-04-29 05:50:31',''),(554,17,'','00000554','MUNICIPALIDAD PROVINCIAL DE OTUZCO',NULL,'2016-04-29 05:50:31','2016-04-29 05:50:31',''),(555,17,'','00000555','MUNICIPALIDAD PROVINCIAL DE OXAPAMPA',NULL,'2016-04-29 05:50:31','2016-04-29 05:50:31',''),(556,17,'','00000556','MUNICIPALIDAD PROVINCIAL DE OYON',NULL,'2016-04-29 05:50:31','2016-04-29 05:50:31',''),(557,17,'','00000557','MUNICIPALIDAD PROVINCIAL DE PACASMAYO',NULL,'2016-04-29 05:50:31','2016-04-29 05:50:31',''),(558,17,'','00000558','MUNICIPALIDAD PROVINCIAL DE PACHITEA',NULL,'2016-04-29 05:50:31','2016-04-29 05:50:31',''),(559,17,'','00000559','MUNICIPALIDAD PROVINCIAL DE PADRE ABAD',NULL,'2016-04-29 05:50:31','2016-04-29 05:50:31',''),(560,17,'','00000560','MUNICIPALIDAD PROVINCIAL DE PAITA',NULL,'2016-04-29 05:50:31','2016-04-29 05:50:31',''),(561,17,'','00000561','MUNICIPALIDAD PROVINCIAL DE PALLASCA',NULL,'2016-04-29 05:50:31','2016-04-29 05:50:31',''),(562,17,'','00000562','MUNICIPALIDAD PROVINCIAL DE PALPA',NULL,'2016-04-29 05:50:31','2016-04-29 05:50:31',''),(563,17,'','00000563','MUNICIPALIDAD PROVINCIAL DE PARINACOCHAS',NULL,'2016-04-29 05:50:31','2016-04-29 05:50:31',''),(564,17,'','00000564','MUNICIPALIDAD PROVINCIAL DE PARIÑAS',NULL,'2016-04-29 05:50:31','2016-04-29 05:50:31',''),(565,17,'','00000565','MUNICIPALIDAD PROVINCIAL DE PARURO',NULL,'2016-04-29 05:50:31','2016-04-29 05:50:31',''),(566,17,'','00000566','MUNICIPALIDAD PROVINCIAL DE PASCO',NULL,'2016-04-29 05:50:31','2016-04-29 05:50:31',''),(567,17,'','00000567','MUNICIPALIDAD PROVINCIAL DE PATAZ',NULL,'2016-04-29 05:50:31','2016-04-29 05:50:31',''),(568,17,'','00000568','MUNICIPALIDAD PROVINCIAL DE PAUCAR DEL SARA SARA',NULL,'2016-04-29 05:50:31','2016-04-29 05:50:31',''),(569,17,'','00000569','MUNICIPALIDAD PROVINCIAL DE PAUCARTAMBO',NULL,'2016-04-29 05:50:31','2016-04-29 05:50:31',''),(570,17,'','00000570','MUNICIPALIDAD PROVINCIAL DE PICOTA',NULL,'2016-04-29 05:50:31','2016-04-29 05:50:31',''),(571,17,'','00000571','MUNICIPALIDAD PROVINCIAL DE PISCO',NULL,'2016-04-29 05:50:31','2016-04-29 05:50:31',''),(572,17,'','00000572','MUNICIPALIDAD PROVINCIAL DE PIURA',NULL,'2016-04-29 05:50:31','2016-04-29 05:50:31',''),(573,17,'','00000573','MUNICIPALIDAD PROVINCIAL DE POMABAMBA',NULL,'2016-04-29 05:50:31','2016-04-29 05:50:31',''),(574,17,'','00000574','MUNICIPALIDAD PROVINCIAL DE PUERTO INCA',NULL,'2016-04-29 05:50:31','2016-04-29 05:50:31',''),(575,17,'','00000575','MUNICIPALIDAD PROVINCIAL DE PUNO',NULL,'2016-04-29 05:50:31','2016-04-29 05:50:31',''),(576,17,'','00000576','MUNICIPALIDAD PROVINCIAL DE PURUS',NULL,'2016-04-29 05:50:31','2016-04-29 05:50:31',''),(577,17,'','00000577','MUNICIPALIDAD PROVINCIAL DE QUISPICANCHI',NULL,'2016-04-29 05:50:31','2016-04-29 05:50:31',''),(578,17,'','00000578','MUNICIPALIDAD PROVINCIAL DE RECUAY',NULL,'2016-04-29 05:50:31','2016-04-29 05:50:31',''),(579,17,'','00000579','MUNICIPALIDAD PROVINCIAL DE REQUENA',NULL,'2016-04-29 05:50:31','2016-04-29 05:50:31',''),(580,17,'','00000580','MUNICIPALIDAD PROVINCIAL DE RIOJA',NULL,'2016-04-29 05:50:31','2016-04-29 05:50:31',''),(581,17,'','00000581','MUNICIPALIDAD PROVINCIAL DE RODRIGUEZ DE MENDOZA',NULL,'2016-04-29 05:50:31','2016-04-29 05:50:31',''),(582,17,'','00000582','MUNICIPALIDAD PROVINCIAL DE SAN ANTONIO DE PUTINA',NULL,'2016-04-29 05:50:31','2016-04-29 05:50:31',''),(583,17,'','00000583','MUNICIPALIDAD PROVINCIAL DE SAN IGNACIO',NULL,'2016-04-29 05:50:31','2016-04-29 05:50:31',''),(584,17,'','00000584','MUNICIPALIDAD PROVINCIAL DE SAN MARCOS',NULL,'2016-04-29 05:50:31','2016-04-29 05:50:31',''),(585,17,'','00000585','MUNICIPALIDAD PROVINCIAL DE SAN MARTIN',NULL,'2016-04-29 05:50:31','2016-04-29 05:50:31',''),(586,17,'','00000586','MUNICIPALIDAD PROVINCIAL DE SAN MIGUEL',NULL,'2016-04-29 05:50:31','2016-04-29 05:50:31',''),(587,17,'','00000587','MUNICIPALIDAD PROVINCIAL DE SAN PABLO',NULL,'2016-04-29 05:50:31','2016-04-29 05:50:31',''),(588,17,'','00000588','MUNICIPALIDAD PROVINCIAL DE SAN ROMAN',NULL,'2016-04-29 05:50:31','2016-04-29 05:50:31',''),(589,17,'','00000589','MUNICIPALIDAD PROVINCIAL DE SANCHEZ CARRION',NULL,'2016-04-29 05:50:31','2016-04-29 05:50:31',''),(590,17,'','00000590','MUNICIPALIDAD PROVINCIAL DE SANDIA',NULL,'2016-04-29 05:50:31','2016-04-29 05:50:31',''),(591,17,'','00000591','MUNICIPALIDAD PROVINCIAL DE SANTA CRUZ',NULL,'2016-04-29 05:50:31','2016-04-29 05:50:31',''),(592,17,'','00000592','MUNICIPALIDAD PROVINCIAL DE SANTIAGO DE CHUCO',NULL,'2016-04-29 05:50:31','2016-04-29 05:50:31',''),(593,17,'','00000593','MUNICIPALIDAD PROVINCIAL DE SATIPO',NULL,'2016-04-29 05:50:31','2016-04-29 05:50:31',''),(594,17,'','00000594','MUNICIPALIDAD PROVINCIAL DE SECHURA',NULL,'2016-04-29 05:50:31','2016-04-29 05:50:31',''),(595,17,'','00000595','MUNICIPALIDAD PROVINCIAL DE SIHUAS',NULL,'2016-04-29 05:50:31','2016-04-29 05:50:31',''),(596,17,'','00000596','MUNICIPALIDAD PROVINCIAL DE SUCRE',NULL,'2016-04-29 05:50:31','2016-04-29 05:50:31',''),(597,17,'','00000597','MUNICIPALIDAD PROVINCIAL DE SULLANA',NULL,'2016-04-29 05:50:31','2016-04-29 05:50:31',''),(598,17,'','00000598','MUNICIPALIDAD PROVINCIAL DE TACNA',NULL,'2016-04-29 05:50:31','2016-04-29 05:50:31',''),(599,17,'','00000599','MUNICIPALIDAD PROVINCIAL DE TAHUAMANU',NULL,'2016-04-29 05:50:31','2016-04-29 05:50:31',''),(600,17,'','00000600','MUNICIPALIDAD PROVINCIAL DE TALARA',NULL,'2016-04-29 05:50:31','2016-04-29 05:50:31',''),(601,17,'','00000601','MUNICIPALIDAD PROVINCIAL DE TAMBOPATA',NULL,'2016-04-29 05:50:31','2016-04-29 05:50:31',''),(602,17,'','00000602','MUNICIPALIDAD PROVINCIAL DE TARATA',NULL,'2016-04-29 05:50:31','2016-04-29 05:50:31',''),(603,17,'','00000603','MUNICIPALIDAD PROVINCIAL DE TARMA',NULL,'2016-04-29 05:50:31','2016-04-29 05:50:31',''),(604,17,'','00000604','MUNICIPALIDAD PROVINCIAL DE TAYACAJA',NULL,'2016-04-29 05:50:31','2016-04-29 05:50:31',''),(605,17,'','00000605','MUNICIPALIDAD PROVINCIAL DE TOCACHE',NULL,'2016-04-29 05:50:31','2016-04-29 05:50:31',''),(606,17,'','00000606','MUNICIPALIDAD PROVINCIAL DE TRUJILLO',NULL,'2016-04-29 05:50:31','2016-04-29 05:50:31',''),(607,17,'','00000607','MUNICIPALIDAD PROVINCIAL DE TUMBES',NULL,'2016-04-29 05:50:31','2016-04-29 05:50:31',''),(608,17,'','00000608','MUNICIPALIDAD PROVINCIAL DE UCAYALI',NULL,'2016-04-29 05:50:31','2016-04-29 05:50:31',''),(609,17,'','00000609','MUNICIPALIDAD PROVINCIAL DE URUBAMBA',NULL,'2016-04-29 05:50:31','2016-04-29 05:50:31',''),(610,17,'','00000610','MUNICIPALIDAD PROVINCIAL DE UTCUBAMBA',NULL,'2016-04-29 05:50:31','2016-04-29 05:50:31',''),(611,17,'','00000611','MUNICIPALIDAD PROVINCIAL DE VICTOR FAJARDO',NULL,'2016-04-29 05:50:31','2016-04-29 05:50:31',''),(612,17,'','00000612','MUNICIPALIDAD PROVINCIAL DE VILCAS HUAMAN',NULL,'2016-04-29 05:50:31','2016-04-29 05:50:31',''),(613,17,'','00000613','MUNICIPALIDAD PROVINCIAL DE VIRU',NULL,'2016-04-29 05:50:31','2016-04-29 05:50:31',''),(614,17,'','00000614','MUNICIPALIDAD PROVINCIAL DE YAROWILCA',NULL,'2016-04-29 05:50:31','2016-04-29 05:50:31',''),(615,17,'','00000615','MUNICIPALIDAD PROVINCIAL DE YAULI',NULL,'2016-04-29 05:50:31','2016-04-29 05:50:31',''),(616,17,'','00000616','MUNICIPALIDAD PROVINCIAL DE YAUYOS',NULL,'2016-04-29 05:50:31','2016-04-29 05:50:31',''),(617,17,'','00000617','MUNICIPALIDAD PROVINCIAL DE YUNGAY',NULL,'2016-04-29 05:50:31','2016-04-29 05:50:31',''),(618,17,'','00000618','MUNICIPALIDAD PROVINCIAL DE YUNGUYO',NULL,'2016-04-29 05:50:31','2016-04-29 05:50:31',''),(619,17,'','00000619','MUNICIPALIDAD PROVINCIAL DE ZARUMILLA',NULL,'2016-04-29 05:50:31','2016-04-29 05:50:31',''),(620,17,'','00000620','MUNICIPALIDAD PROVINCIAL DEL CALLAO',NULL,'2016-04-29 05:50:31','2016-04-29 05:50:31',''),(621,17,'','00000621','MUNICIPALIDAD PROVINCIAL DEL CUSCO',NULL,'2016-04-29 05:50:31','2016-04-29 05:50:31',''),(622,17,'','00000622','MUNICIPALIDAD PROVINCIAL DEL SANTA',NULL,'2016-04-29 05:50:31','2016-04-29 05:50:31',''),(623,18,'','00000623','BAJA POR SUT - MD LURIGANCHO CHOSICA',NULL,'2016-04-29 05:50:31','2016-04-29 05:50:31',''),(624,18,'','00000624','MUNICIPALIDAD DEL CENTRO POBLADO NUESTRA SEÑORA DE LAS MERCEDES MI PERU',NULL,'2016-04-29 05:50:31','2016-04-29 05:50:31',''),(625,18,'','00000625','MUNICIPALIDAD DISTRITAL DE ABELARDO PARDO LEZAMETA',NULL,'2016-04-29 05:50:31','2016-04-29 05:50:31',''),(626,18,'','00000626','MUNICIPALIDAD DISTRITAL DE ACARI',NULL,'2016-04-29 05:50:31','2016-04-29 05:50:31',''),(627,18,'','00000627','MUNICIPALIDAD DISTRITAL DE ACAS',NULL,'2016-04-29 05:50:31','2016-04-29 05:50:31',''),(628,18,'','00000628','MUNICIPALIDAD DISTRITAL DE ACCHA',NULL,'2016-04-29 05:50:31','2016-04-29 05:50:31',''),(629,18,'','00000629','MUNICIPALIDAD DISTRITAL DE ACCOMARCA',NULL,'2016-04-29 05:50:31','2016-04-29 05:50:31',''),(630,18,'','00000630','MUNICIPALIDAD DISTRITAL DE ACHAYA',NULL,'2016-04-29 05:50:31','2016-04-29 05:50:31',''),(631,18,'','00000631','MUNICIPALIDAD DISTRITAL DE ACHOMA',NULL,'2016-04-29 05:50:31','2016-04-29 05:50:31',''),(632,18,'','00000632','MUNICIPALIDAD DISTRITAL DE ACOBAMBA TARMA',NULL,'2016-04-29 05:50:31','2016-04-29 05:50:31',''),(633,18,'','00000633','MUNICIPALIDAD DISTRITAL DE ACOBAMBA-SIHUAS',NULL,'2016-04-29 05:50:31','2016-04-29 05:50:31',''),(634,18,'','00000634','MUNICIPALIDAD DISTRITAL DE ACOBAMBILLA',NULL,'2016-04-29 05:50:31','2016-04-29 05:50:31',''),(635,18,'','00000635','MUNICIPALIDAD DISTRITAL DE ACOCHACA',NULL,'2016-04-29 05:50:31','2016-04-29 05:50:31',''),(636,18,'','00000636','MUNICIPALIDAD DISTRITAL DE ACO-CONCEPCION',NULL,'2016-04-29 05:50:31','2016-04-29 05:50:31',''),(637,18,'','00000637','MUNICIPALIDAD DISTRITAL DE ACO-CORONGO',NULL,'2016-04-29 05:50:31','2016-04-29 05:50:31',''),(638,18,'','00000638','MUNICIPALIDAD DISTRITAL DE ACOCRO',NULL,'2016-04-29 05:50:31','2016-04-29 05:50:31',''),(639,18,'','00000639','MUNICIPALIDAD DISTRITAL DE ACOLLA',NULL,'2016-04-29 05:50:31','2016-04-29 05:50:31',''),(640,18,'','00000640','MUNICIPALIDAD DISTRITAL DE ACOPAMPA',NULL,'2016-04-29 05:50:31','2016-04-29 05:50:31',''),(641,18,'','00000641','MUNICIPALIDAD DISTRITAL DE ACOPIA',NULL,'2016-04-29 05:50:31','2016-04-29 05:50:31',''),(642,18,'','00000642','MUNICIPALIDAD DISTRITAL DE ACORA',NULL,'2016-04-29 05:50:31','2016-04-29 05:50:31',''),(643,18,'','00000643','MUNICIPALIDAD DISTRITAL DE ACORIA',NULL,'2016-04-29 05:50:31','2016-04-29 05:50:31',''),(644,18,'','00000644','MUNICIPALIDAD DISTRITAL DE ACOS',NULL,'2016-04-29 05:50:31','2016-04-29 05:50:31',''),(645,18,'','00000645','MUNICIPALIDAD DISTRITAL DE ACOS VINCHOS',NULL,'2016-04-29 05:50:31','2016-04-29 05:50:31',''),(646,18,'','00000646','MUNICIPALIDAD DISTRITAL DE ACOSTAMBO',NULL,'2016-04-29 05:50:31','2016-04-29 05:50:31',''),(647,18,'','00000647','MUNICIPALIDAD DISTRITAL DE ACRAQUIA',NULL,'2016-04-29 05:50:31','2016-04-29 05:50:31',''),(648,18,'','00000648','MUNICIPALIDAD DISTRITAL DE ACZO',NULL,'2016-04-29 05:50:31','2016-04-29 05:50:31',''),(649,18,'','00000649','MUNICIPALIDAD DISTRITAL DE AGALLPAMPA',NULL,'2016-04-29 05:50:31','2016-04-29 05:50:31',''),(650,18,'','00000650','MUNICIPALIDAD DISTRITAL DE AGUA BLANCA',NULL,'2016-04-29 05:50:31','2016-04-29 05:50:31',''),(651,18,'','00000651','MUNICIPALIDAD DISTRITAL DE AGUAS VERDES',NULL,'2016-04-29 05:50:31','2016-04-29 05:50:31',''),(652,18,'','00000652','MUNICIPALIDAD DISTRITAL DE AHUAC',NULL,'2016-04-29 05:50:31','2016-04-29 05:50:31',''),(653,18,'','00000653','MUNICIPALIDAD DISTRITAL DE AHUAYCHA',NULL,'2016-04-29 05:50:31','2016-04-29 05:50:31',''),(654,18,'','00000654','MUNICIPALIDAD DISTRITAL DE AJOYANI',NULL,'2016-04-29 05:50:31','2016-04-29 05:50:31',''),(655,18,'','00000655','MUNICIPALIDAD DISTRITAL DE ALBERTO LEVEAU',NULL,'2016-04-29 05:50:31','2016-04-29 05:50:31',''),(656,18,'','00000656','MUNICIPALIDAD DISTRITAL DE ALCA',NULL,'2016-04-29 05:50:31','2016-04-29 05:50:31',''),(657,18,'','00000657','MUNICIPALIDAD DISTRITAL DE ALCAMENCA',NULL,'2016-04-29 05:50:31','2016-04-29 05:50:31',''),(658,18,'','00000658','MUNICIPALIDAD DISTRITAL DE ALFONSO UGARTE',NULL,'2016-04-29 05:50:31','2016-04-29 05:50:31',''),(659,18,'','00000659','MUNICIPALIDAD DISTRITAL DE ALIS',NULL,'2016-04-29 05:50:31','2016-04-29 05:50:31',''),(660,18,'','00000660','MUNICIPALIDAD DISTRITAL DE ALONSO DE ALVARADO',NULL,'2016-04-29 05:50:31','2016-04-29 05:50:31',''),(661,18,'','00000661','MUNICIPALIDAD DISTRITAL DE ALTO BIAVO',NULL,'2016-04-29 05:50:31','2016-04-29 05:50:31',''),(662,18,'','00000662','MUNICIPALIDAD DISTRITAL DE ALTO DE LA ALIANZA',NULL,'2016-04-29 05:50:31','2016-04-29 05:50:31',''),(663,18,'','00000663','MUNICIPALIDAD DISTRITAL DE ALTO INAMBARI',NULL,'2016-04-29 05:50:31','2016-04-29 05:50:31',''),(664,18,'','00000664','MUNICIPALIDAD DISTRITAL DE ALTO LARAN',NULL,'2016-04-29 05:50:31','2016-04-29 05:50:31',''),(665,18,'','00000665','MUNICIPALIDAD DISTRITAL DE ALTO NANAY',NULL,'2016-04-29 05:50:31','2016-04-29 05:50:31',''),(666,18,'','00000666','MUNICIPALIDAD DISTRITAL DE ALTO PICHIGUA',NULL,'2016-04-29 05:50:31','2016-04-29 05:50:31',''),(667,18,'','00000667','MUNICIPALIDAD DISTRITAL DE ALTO SAPOSOA',NULL,'2016-04-29 05:50:31','2016-04-29 05:50:31',''),(668,18,'','00000668','MUNICIPALIDAD DISTRITAL DE ALTO SELVA ALEGRE',NULL,'2016-04-29 05:50:31','2016-04-29 05:50:31',''),(669,18,'','00000669','MUNICIPALIDAD DISTRITAL DE ALTO TAPICHE',NULL,'2016-04-29 05:50:31','2016-04-29 05:50:31',''),(670,18,'','00000670','MUNICIPALIDAD DISTRITAL DE AMANTANI',NULL,'2016-04-29 05:50:31','2016-04-29 05:50:31',''),(671,18,'','00000671','MUNICIPALIDAD DISTRITAL DE AMARILIS',NULL,'2016-04-29 05:50:31','2016-04-29 05:50:31',''),(672,18,'','00000672','MUNICIPALIDAD DISTRITAL DE AMASHCA',NULL,'2016-04-29 05:50:31','2016-04-29 05:50:31',''),(673,18,'','00000673','MUNICIPALIDAD DISTRITAL DE AMBAR',NULL,'2016-04-29 05:50:31','2016-04-29 05:50:31',''),(674,18,'','00000674','MUNICIPALIDAD DISTRITAL DE AMOTAPE',NULL,'2016-04-29 05:50:31','2016-04-29 05:50:31',''),(675,18,'','00000675','MUNICIPALIDAD DISTRITAL DE ANANEA',NULL,'2016-04-29 05:50:31','2016-04-29 05:50:31',''),(676,18,'','00000676','MUNICIPALIDAD DISTRITAL DE ANAPIA',NULL,'2016-04-29 05:50:31','2016-04-29 05:50:31',''),(677,18,'','00000677','MUNICIPALIDAD DISTRITAL DE ANCAHUASI',NULL,'2016-04-29 05:50:31','2016-04-29 05:50:31',''),(678,18,'','00000678','MUNICIPALIDAD DISTRITAL DE ANCHONGA',NULL,'2016-04-29 05:50:31','2016-04-29 05:50:31',''),(679,18,'','00000679','MUNICIPALIDAD DISTRITAL DE ANCO-CHURCAMPA',NULL,'2016-04-29 05:50:31','2016-04-29 05:50:31',''),(680,18,'','00000680','MUNICIPALIDAD DISTRITAL DE ANCO-HUALLO',NULL,'2016-04-29 05:50:31','2016-04-29 05:50:31',''),(681,18,'','00000681','MUNICIPALIDAD DISTRITAL DE ANCO-LA MAR',NULL,'2016-04-29 05:50:31','2016-04-29 05:50:31',''),(682,18,'','00000682','MUNICIPALIDAD DISTRITAL DE ANCON',NULL,'2016-04-29 05:50:31','2016-04-29 05:50:31',''),(683,18,'','00000683','MUNICIPALIDAD DISTRITAL DE ANDABAMBA-ACOBAMBA',NULL,'2016-04-29 05:50:31','2016-04-29 05:50:31',''),(684,18,'','00000684','MUNICIPALIDAD DISTRITAL DE ANDABAMBA-SANTA CRUZ',NULL,'2016-04-29 05:50:31','2016-04-29 05:50:31',''),(685,18,'','00000685','MUNICIPALIDAD DISTRITAL DE ANDAGUA',NULL,'2016-04-29 05:50:31','2016-04-29 05:50:31',''),(686,18,'','00000686','MUNICIPALIDAD DISTRITAL DE ANDAHUAYLILLAS',NULL,'2016-04-29 05:50:31','2016-04-29 05:50:31',''),(687,18,'','00000687','MUNICIPALIDAD DISTRITAL DE ANDAJES',NULL,'2016-04-29 05:50:31','2016-04-29 05:50:31',''),(688,18,'','00000688','MUNICIPALIDAD DISTRITAL DE ANDAMARCA',NULL,'2016-04-29 05:50:31','2016-04-29 05:50:31',''),(689,18,'','00000689','MUNICIPALIDAD DISTRITAL DE ANDARAPA',NULL,'2016-04-29 05:50:31','2016-04-29 05:50:31',''),(690,18,'','00000690','MUNICIPALIDAD DISTRITAL DE ANDARAY',NULL,'2016-04-29 05:50:31','2016-04-29 05:50:31',''),(691,18,'','00000691','MUNICIPALIDAD DISTRITAL DE ANDOAS',NULL,'2016-04-29 05:50:31','2016-04-29 05:50:31',''),(692,18,'','00000692','MUNICIPALIDAD DISTRITAL DE ANDRES AVELINO CACERES',NULL,'2016-04-29 05:50:31','2016-04-29 05:50:31',''),(693,18,'','00000693','MUNICIPALIDAD DISTRITAL DE ANGASMARCA',NULL,'2016-04-29 05:50:31','2016-04-29 05:50:31',''),(694,18,'','00000694','MUNICIPALIDAD DISTRITAL DE ANGUIA',NULL,'2016-04-29 05:50:31','2016-04-29 05:50:31',''),(695,18,'','00000695','MUNICIPALIDAD DISTRITAL DE ANRA',NULL,'2016-04-29 05:50:31','2016-04-29 05:50:31',''),(696,18,'','00000696','MUNICIPALIDAD DISTRITAL DE ANTA-ACOBAMBA',NULL,'2016-04-29 05:50:31','2016-04-29 05:50:31',''),(697,18,'','00000697','MUNICIPALIDAD DISTRITAL DE ANTA-CARHUAZ',NULL,'2016-04-29 05:50:31','2016-04-29 05:50:31',''),(698,18,'','00000698','MUNICIPALIDAD DISTRITAL DE ANTAUTA',NULL,'2016-04-29 05:50:31','2016-04-29 05:50:31',''),(699,18,'','00000699','MUNICIPALIDAD DISTRITAL DE ANTIOQUIA',NULL,'2016-04-29 05:50:31','2016-04-29 05:50:31',''),(700,18,'','00000700','MUNICIPALIDAD DISTRITAL DE ANTONIO RAYMONDI',NULL,'2016-04-29 05:50:31','2016-04-29 05:50:31',''),(701,18,'','00000701','MUNICIPALIDAD DISTRITAL DE APARICIO POMARES',NULL,'2016-04-29 05:50:31','2016-04-29 05:50:31',''),(702,18,'','00000702','MUNICIPALIDAD DISTRITAL DE APATA',NULL,'2016-04-29 05:50:31','2016-04-29 05:50:31',''),(703,18,'','00000703','MUNICIPALIDAD DISTRITAL DE APONGO',NULL,'2016-04-29 05:50:31','2016-04-29 05:50:31',''),(704,18,'','00000704','MUNICIPALIDAD DISTRITAL DE AQUIA',NULL,'2016-04-29 05:50:31','2016-04-29 05:50:31',''),(705,18,'','00000705','MUNICIPALIDAD DISTRITAL DE ARAHUAY',NULL,'2016-04-29 05:50:31','2016-04-29 05:50:31',''),(706,18,'','00000706','MUNICIPALIDAD DISTRITAL DE ARAMANGO',NULL,'2016-04-29 05:50:31','2016-04-29 05:50:31',''),(707,18,'','00000707','MUNICIPALIDAD DISTRITAL DE ARANCAY',NULL,'2016-04-29 05:50:31','2016-04-29 05:50:31',''),(708,18,'','00000708','MUNICIPALIDAD DISTRITAL DE ARAPA',NULL,'2016-04-29 05:50:31','2016-04-29 05:50:31',''),(709,18,'','00000709','MUNICIPALIDAD DISTRITAL DE ARENAL',NULL,'2016-04-29 05:50:31','2016-04-29 05:50:31',''),(710,18,'','00000710','MUNICIPALIDAD DISTRITAL DE ARMA',NULL,'2016-04-29 05:50:31','2016-04-29 05:50:31',''),(711,18,'','00000711','MUNICIPALIDAD DISTRITAL DE ASCENSION',NULL,'2016-04-29 05:50:31','2016-04-29 05:50:31',''),(712,18,'','00000712','MUNICIPALIDAD DISTRITAL DE ASIA',NULL,'2016-04-29 05:50:31','2016-04-29 05:50:31',''),(713,18,'','00000713','MUNICIPALIDAD DISTRITAL DE ASILLO',NULL,'2016-04-29 05:50:31','2016-04-29 05:50:31',''),(714,18,'','00000714','MUNICIPALIDAD DISTRITAL DE ASQUIPATA',NULL,'2016-04-29 05:50:31','2016-04-29 05:50:31',''),(715,18,'','00000715','MUNICIPALIDAD DISTRITAL DE ASUNCION-CAJAMARCA',NULL,'2016-04-29 05:50:31','2016-04-29 05:50:31',''),(716,18,'','00000716','MUNICIPALIDAD DISTRITAL DE ASUNCION-CHACHAPOYAS',NULL,'2016-04-29 05:50:31','2016-04-29 05:50:31',''),(717,18,'','00000717','MUNICIPALIDAD DISTRITAL DE ATAQUERO',NULL,'2016-04-29 05:50:31','2016-04-29 05:50:31',''),(718,18,'','00000718','MUNICIPALIDAD DISTRITAL DE ATAURA',NULL,'2016-04-29 05:50:31','2016-04-29 05:50:31',''),(719,18,'','00000719','MUNICIPALIDAD DISTRITAL DE ATAVILLOS ALTO',NULL,'2016-04-29 05:50:31','2016-04-29 05:50:31',''),(720,18,'','00000720','MUNICIPALIDAD DISTRITAL DE ATAVILLOS BAJO',NULL,'2016-04-29 05:50:31','2016-04-29 05:50:31',''),(721,18,'','00000721','MUNICIPALIDAD DISTRITAL DE ATE',NULL,'2016-04-29 05:50:31','2016-04-29 05:50:31',''),(722,18,'','00000722','MUNICIPALIDAD DISTRITAL DE ATICO',NULL,'2016-04-29 05:50:31','2016-04-29 05:50:31',''),(723,18,'','00000723','MUNICIPALIDAD DISTRITAL DE ATIQUIPA',NULL,'2016-04-29 05:50:31','2016-04-29 05:50:31',''),(724,18,'','00000724','MUNICIPALIDAD DISTRITAL DE ATUNCOLLA',NULL,'2016-04-29 05:50:31','2016-04-29 05:50:31',''),(725,18,'','00000725','MUNICIPALIDAD DISTRITAL DE AUCALLAMA',NULL,'2016-04-29 05:50:31','2016-04-29 05:50:31',''),(726,18,'','00000726','MUNICIPALIDAD DISTRITAL DE AUCARA',NULL,'2016-04-29 05:50:31','2016-04-29 05:50:31',''),(727,18,'','00000727','MUNICIPALIDAD DISTRITAL DE AURAHUA',NULL,'2016-04-29 05:50:31','2016-04-29 05:50:31',''),(728,18,'','00000728','MUNICIPALIDAD DISTRITAL DE AWAJUN',NULL,'2016-04-29 05:50:31','2016-04-29 05:50:31',''),(729,18,'','00000729','MUNICIPALIDAD DISTRITAL DE AYAHUANCO',NULL,'2016-04-29 05:50:31','2016-04-29 05:50:31',''),(730,18,'','00000730','MUNICIPALIDAD DISTRITAL DE AYAPATA',NULL,'2016-04-29 05:50:31','2016-04-29 05:50:31',''),(731,18,'','00000731','MUNICIPALIDAD DISTRITAL DE AYAUCA',NULL,'2016-04-29 05:50:31','2016-04-29 05:50:31',''),(732,18,'','00000732','MUNICIPALIDAD DISTRITAL DE AYAVI',NULL,'2016-04-29 05:50:31','2016-04-29 05:50:31',''),(733,18,'','00000733','MUNICIPALIDAD DISTRITAL DE AYAVIRI',NULL,'2016-04-29 05:50:31','2016-04-29 05:50:31',''),(734,18,'','00000734','MUNICIPALIDAD DISTRITAL DE AYNA',NULL,'2016-04-29 05:50:31','2016-04-29 05:50:31',''),(735,18,'','00000735','MUNICIPALIDAD DISTRITAL DE AYO',NULL,'2016-04-29 05:50:31','2016-04-29 05:50:31',''),(736,18,'','00000736','MUNICIPALIDAD DISTRITAL DE AZANGARO',NULL,'2016-04-29 05:50:31','2016-04-29 05:50:31',''),(737,18,'','00000737','MUNICIPALIDAD DISTRITAL DE BAJO BIAVO',NULL,'2016-04-29 05:50:31','2016-04-29 05:50:31',''),(738,18,'','00000738','MUNICIPALIDAD DISTRITAL DE BALSAPUERTO',NULL,'2016-04-29 05:50:31','2016-04-29 05:50:31',''),(739,18,'','00000739','MUNICIPALIDAD DISTRITAL DE BALSAS',NULL,'2016-04-29 05:50:31','2016-04-29 05:50:31',''),(740,18,'','00000740','MUNICIPALIDAD DISTRITAL DE BAMBAMARCA',NULL,'2016-04-29 05:50:31','2016-04-29 05:50:31',''),(741,18,'','00000741','MUNICIPALIDAD DISTRITAL DE BAMBAS',NULL,'2016-04-29 05:50:31','2016-04-29 05:50:31',''),(742,18,'','00000742','MUNICIPALIDAD DISTRITAL DE BAÑOS',NULL,'2016-04-29 05:50:31','2016-04-29 05:50:31',''),(743,18,'','00000743','MUNICIPALIDAD DISTRITAL DE BARRANCO',NULL,'2016-04-29 05:50:31','2016-04-29 05:50:31',''),(744,18,'','00000744','MUNICIPALIDAD DISTRITAL DE BARRANQUITA',NULL,'2016-04-29 05:50:31','2016-04-29 05:50:31',''),(745,18,'','00000745','MUNICIPALIDAD DISTRITAL DE BELEN-MAYNAS',NULL,'2016-04-29 05:50:31','2016-04-29 05:50:31',''),(746,18,'','00000746','MUNICIPALIDAD DISTRITAL DE BELEN-SUCRE',NULL,'2016-04-29 05:50:31','2016-04-29 05:50:31',''),(747,18,'','00000747','MUNICIPALIDAD DISTRITAL DE BELLA UNION',NULL,'2016-04-29 05:50:31','2016-04-29 05:50:31',''),(748,18,'','00000748','MUNICIPALIDAD DISTRITAL DE BELLAVISTA DE LA UNION',NULL,'2016-04-29 05:50:31','2016-04-29 05:50:31',''),(749,18,'','00000749','MUNICIPALIDAD DISTRITAL DE BELLAVISTA-CALLAO',NULL,'2016-04-29 05:50:31','2016-04-29 05:50:31',''),(750,18,'','00000750','MUNICIPALIDAD DISTRITAL DE BELLAVISTA-JAEN',NULL,'2016-04-29 05:50:31','2016-04-29 05:50:31',''),(751,18,'','00000751','MUNICIPALIDAD DISTRITAL DE BELLAVISTA-SULLANA',NULL,'2016-04-29 05:50:31','2016-04-29 05:50:31',''),(752,18,'','00000752','MUNICIPALIDAD DISTRITAL DE BERNAL',NULL,'2016-04-29 05:50:31','2016-04-29 05:50:31',''),(753,18,'','00000753','MUNICIPALIDAD DISTRITAL DE BOLIVAR',NULL,'2016-04-29 05:50:31','2016-04-29 05:50:31',''),(754,18,'','00000754','MUNICIPALIDAD DISTRITAL DE BOLOGNESI',NULL,'2016-04-29 05:50:31','2016-04-29 05:50:31',''),(755,18,'','00000755','MUNICIPALIDAD DISTRITAL DE BREÑA',NULL,'2016-04-29 05:50:31','2016-04-29 05:50:31',''),(756,18,'','00000756','MUNICIPALIDAD DISTRITAL DE BUENA VISTA ALTA',NULL,'2016-04-29 05:50:31','2016-04-29 05:50:31',''),(757,18,'','00000757','MUNICIPALIDAD DISTRITAL DE BUENOS AIRES-MORROPON',NULL,'2016-04-29 05:50:31','2016-04-29 05:50:31',''),(758,18,'','00000758','MUNICIPALIDAD DISTRITAL DE BUENOS AIRES-PICOTA',NULL,'2016-04-29 05:50:31','2016-04-29 05:50:31',''),(759,18,'','00000759','MUNICIPALIDAD DISTRITAL DE BULDIBUYO',NULL,'2016-04-29 05:50:31','2016-04-29 05:50:31',''),(760,18,'','00000760','MUNICIPALIDAD DISTRITAL DE CABANACONDE',NULL,'2016-04-29 05:50:31','2016-04-29 05:50:31',''),(761,18,'','00000761','MUNICIPALIDAD DISTRITAL DE CABANA-LUCANAS',NULL,'2016-04-29 05:50:31','2016-04-29 05:50:31',''),(762,18,'','00000762','MUNICIPALIDAD DISTRITAL DE CABANA-SAN ROMAN',NULL,'2016-04-29 05:50:31','2016-04-29 05:50:31',''),(763,18,'','00000763','MUNICIPALIDAD DISTRITAL DE CABANILLA-LAMPA',NULL,'2016-04-29 05:50:31','2016-04-29 05:50:31',''),(764,18,'','00000764','MUNICIPALIDAD DISTRITAL DE CABANILLAS-SAN ROMAN',NULL,'2016-04-29 05:50:31','2016-04-29 05:50:31',''),(765,18,'','00000765','MUNICIPALIDAD DISTRITAL DE CACATACHI',NULL,'2016-04-29 05:50:31','2016-04-29 05:50:31',''),(766,18,'','00000766','MUNICIPALIDAD DISTRITAL DE CACERES DEL PERU',NULL,'2016-04-29 05:50:31','2016-04-29 05:50:31',''),(767,18,'','00000767','MUNICIPALIDAD DISTRITAL DE CACHACHI',NULL,'2016-04-29 05:50:31','2016-04-29 05:50:31',''),(768,18,'','00000768','MUNICIPALIDAD DISTRITAL DE CACHICADAN',NULL,'2016-04-29 05:50:31','2016-04-29 05:50:31',''),(769,18,'','00000769','MUNICIPALIDAD DISTRITAL DE CACHIMAYO',NULL,'2016-04-29 05:50:31','2016-04-29 05:50:31',''),(770,18,'','00000770','MUNICIPALIDAD DISTRITAL DE CACRA',NULL,'2016-04-29 05:50:31','2016-04-29 05:50:31',''),(771,18,'','00000771','MUNICIPALIDAD DISTRITAL DE CAHUAC',NULL,'2016-04-29 05:50:31','2016-04-29 05:50:31',''),(772,18,'','00000772','MUNICIPALIDAD DISTRITAL DE CAHUACHO',NULL,'2016-04-29 05:50:31','2016-04-29 05:50:31',''),(773,18,'','00000773','MUNICIPALIDAD DISTRITAL DE CAHUAPANAS',NULL,'2016-04-29 05:50:31','2016-04-29 05:50:31',''),(774,18,'','00000774','MUNICIPALIDAD DISTRITAL DE CAICAY',NULL,'2016-04-29 05:50:31','2016-04-29 05:50:31',''),(775,18,'','00000775','MUNICIPALIDAD DISTRITAL DE CAIRANI',NULL,'2016-04-29 05:50:31','2016-04-29 05:50:31',''),(776,18,'','00000776','MUNICIPALIDAD DISTRITAL DE CAJA',NULL,'2016-04-29 05:50:31','2016-04-29 05:50:31',''),(777,18,'','00000777','MUNICIPALIDAD DISTRITAL DE CAJACAY',NULL,'2016-04-29 05:50:31','2016-04-29 05:50:31',''),(778,18,'','00000778','MUNICIPALIDAD DISTRITAL DE CAJAMARQUILLA',NULL,'2016-04-29 05:50:31','2016-04-29 05:50:31',''),(779,18,'','00000779','MUNICIPALIDAD DISTRITAL DE CAJARURO',NULL,'2016-04-29 05:50:31','2016-04-29 05:50:31',''),(780,18,'','00000780','MUNICIPALIDAD DISTRITAL DE CAJAY',NULL,'2016-04-29 05:50:31','2016-04-29 05:50:31',''),(781,18,'','00000781','MUNICIPALIDAD DISTRITAL DE CALAMARCA',NULL,'2016-04-29 05:50:31','2016-04-29 05:50:31',''),(782,18,'','00000782','MUNICIPALIDAD DISTRITAL DE CALANA',NULL,'2016-04-29 05:50:31','2016-04-29 05:50:31',''),(783,18,'','00000783','MUNICIPALIDAD DISTRITAL DE CALANGO',NULL,'2016-04-29 05:50:31','2016-04-29 05:50:31',''),(784,18,'','00000784','MUNICIPALIDAD DISTRITAL DE CALAPUJA',NULL,'2016-04-29 05:50:31','2016-04-29 05:50:31',''),(785,18,'','00000785','MUNICIPALIDAD DISTRITAL DE CALETA DE CARQUIN',NULL,'2016-04-29 05:50:31','2016-04-29 05:50:31',''),(786,18,'','00000786','MUNICIPALIDAD DISTRITAL DE CALLAHUANCA',NULL,'2016-04-29 05:50:31','2016-04-29 05:50:31',''),(787,18,'','00000787','MUNICIPALIDAD DISTRITAL DE CALLALLI',NULL,'2016-04-29 05:50:31','2016-04-29 05:50:31',''),(788,18,'','00000788','MUNICIPALIDAD DISTRITAL DE CALLANMARCA',NULL,'2016-04-29 05:50:31','2016-04-29 05:50:31',''),(789,18,'','00000789','MUNICIPALIDAD DISTRITAL DE CALLAYUC',NULL,'2016-04-29 05:50:31','2016-04-29 05:50:31',''),(790,18,'','00000790','MUNICIPALIDAD DISTRITAL DE CALQUIS',NULL,'2016-04-29 05:50:31','2016-04-29 05:50:31',''),(791,18,'','00000791','MUNICIPALIDAD DISTRITAL DE CALZADA',NULL,'2016-04-29 05:50:31','2016-04-29 05:50:31',''),(792,18,'','00000792','MUNICIPALIDAD DISTRITAL DE CAMANTI',NULL,'2016-04-29 05:50:31','2016-04-29 05:50:31',''),(793,18,'','00000793','MUNICIPALIDAD DISTRITAL DE CAMILACA',NULL,'2016-04-29 05:50:31','2016-04-29 05:50:31',''),(794,18,'','00000794','MUNICIPALIDAD DISTRITAL DE CAMINACA',NULL,'2016-04-29 05:50:31','2016-04-29 05:50:31',''),(795,18,'','00000795','MUNICIPALIDAD DISTRITAL DE CAMPANILLA',NULL,'2016-04-29 05:50:31','2016-04-29 05:50:31',''),(796,18,'','00000796','MUNICIPALIDAD DISTRITAL DE CAMPORREDONDO',NULL,'2016-04-29 05:50:31','2016-04-29 05:50:31',''),(797,18,'','00000797','MUNICIPALIDAD DISTRITAL DE CAMPOVERDE',NULL,'2016-04-29 05:50:31','2016-04-29 05:50:31',''),(798,18,'','00000798','MUNICIPALIDAD DISTRITAL DE CANARIA',NULL,'2016-04-29 05:50:31','2016-04-29 05:50:31',''),(799,18,'','00000799','MUNICIPALIDAD DISTRITAL DE CANCHABAMBA',NULL,'2016-04-29 05:50:31','2016-04-29 05:50:31',''),(800,18,'','00000800','MUNICIPALIDAD DISTRITAL DE CANCHAQUE',NULL,'2016-04-29 05:50:31','2016-04-29 05:50:31',''),(801,18,'','00000801','MUNICIPALIDAD DISTRITAL DE CANCHAYLLO',NULL,'2016-04-29 05:50:31','2016-04-29 05:50:31',''),(802,18,'','00000802','MUNICIPALIDAD DISTRITAL DE CANIS',NULL,'2016-04-29 05:50:31','2016-04-29 05:50:31',''),(803,18,'','00000803','MUNICIPALIDAD DISTRITAL DE CANOAS DE PUNTA SAL',NULL,'2016-04-29 05:50:31','2016-04-29 05:50:31',''),(804,18,'','00000804','MUNICIPALIDAD DISTRITAL DE CAÑARIS',NULL,'2016-04-29 05:50:31','2016-04-29 05:50:31',''),(805,18,'','00000805','MUNICIPALIDAD DISTRITAL DE CAPACHICA',NULL,'2016-04-29 05:50:31','2016-04-29 05:50:31',''),(806,18,'','00000806','MUNICIPALIDAD DISTRITAL DE CAPACMARCA',NULL,'2016-04-29 05:50:31','2016-04-29 05:50:31',''),(807,18,'','00000807','MUNICIPALIDAD DISTRITAL DE CAPAYA',NULL,'2016-04-29 05:50:31','2016-04-29 05:50:31',''),(808,18,'','00000808','MUNICIPALIDAD DISTRITAL DE CAPAZO',NULL,'2016-04-29 05:50:31','2016-04-29 05:50:31',''),(809,18,'','00000809','MUNICIPALIDAD DISTRITAL DE CAPELO',NULL,'2016-04-29 05:50:31','2016-04-29 05:50:31',''),(810,18,'','00000810','MUNICIPALIDAD DISTRITAL DE CAPILLAS',NULL,'2016-04-29 05:50:31','2016-04-29 05:50:31',''),(811,18,'','00000811','MUNICIPALIDAD DISTRITAL DE CARABAMBA',NULL,'2016-04-29 05:50:31','2016-04-29 05:50:31',''),(812,18,'','00000812','MUNICIPALIDAD DISTRITAL DE CARABAYLLO',NULL,'2016-04-29 05:50:31','2016-04-29 05:50:31',''),(813,18,'','00000813','MUNICIPALIDAD DISTRITAL DE CARACOTO',NULL,'2016-04-29 05:50:31','2016-04-29 05:50:31',''),(814,18,'','00000814','MUNICIPALIDAD DISTRITAL DE CARAMPOMA',NULL,'2016-04-29 05:50:31','2016-04-29 05:50:31',''),(815,18,'','00000815','MUNICIPALIDAD DISTRITAL DE CARANIA',NULL,'2016-04-29 05:50:31','2016-04-29 05:50:31',''),(816,18,'','00000816','MUNICIPALIDAD DISTRITAL DE CARAPO',NULL,'2016-04-29 05:50:31','2016-04-29 05:50:31',''),(817,18,'','00000817','MUNICIPALIDAD DISTRITAL DE CARAYBAMBA',NULL,'2016-04-29 05:50:31','2016-04-29 05:50:31',''),(818,18,'','00000818','MUNICIPALIDAD DISTRITAL DE CARHUACALLANGA',NULL,'2016-04-29 05:50:31','2016-04-29 05:50:31',''),(819,18,'','00000819','MUNICIPALIDAD DISTRITAL DE CARHUAMAYO',NULL,'2016-04-29 05:50:31','2016-04-29 05:50:31',''),(820,18,'','00000820','MUNICIPALIDAD DISTRITAL DE CARHUANCA',NULL,'2016-04-29 05:50:31','2016-04-29 05:50:31',''),(821,18,'','00000821','MUNICIPALIDAD DISTRITAL DE CARHUAPAMPA',NULL,'2016-04-29 05:50:31','2016-04-29 05:50:31',''),(822,18,'','00000822','MUNICIPALIDAD DISTRITAL DE CARMEN ALTO',NULL,'2016-04-29 05:50:31','2016-04-29 05:50:31',''),(823,18,'','00000823','MUNICIPALIDAD DISTRITAL DE CARMEN DE LA LEGUA REYNOSO',NULL,'2016-04-29 05:50:31','2016-04-29 05:50:31',''),(824,18,'','00000824','MUNICIPALIDAD DISTRITAL DE CARMEN SALCEDO',NULL,'2016-04-29 05:50:31','2016-04-29 05:50:31',''),(825,18,'','00000825','MUNICIPALIDAD DISTRITAL DE CARUMAS',NULL,'2016-04-29 05:50:31','2016-04-29 05:50:31',''),(826,18,'','00000826','MUNICIPALIDAD DISTRITAL DE CASA GRANDE',NULL,'2016-04-29 05:50:31','2016-04-29 05:50:31',''),(827,18,'','00000827','MUNICIPALIDAD DISTRITAL DE CASCA',NULL,'2016-04-29 05:50:31','2016-04-29 05:50:31',''),(828,18,'','00000828','MUNICIPALIDAD DISTRITAL DE CASCAPARA',NULL,'2016-04-29 05:50:31','2016-04-29 05:50:31',''),(829,18,'','00000829','MUNICIPALIDAD DISTRITAL DE CASHAPAMPA',NULL,'2016-04-29 05:50:31','2016-04-29 05:50:31',''),(830,18,'','00000830','MUNICIPALIDAD DISTRITAL DE CASITAS',NULL,'2016-04-29 05:50:31','2016-04-29 05:50:31',''),(831,18,'','00000831','MUNICIPALIDAD DISTRITAL DE CASPISAPA',NULL,'2016-04-29 05:50:31','2016-04-29 05:50:31',''),(832,18,'','00000832','MUNICIPALIDAD DISTRITAL DE CASTILLA',NULL,'2016-04-29 05:50:31','2016-04-29 05:50:31',''),(833,18,'','00000833','MUNICIPALIDAD DISTRITAL DE CATAC',NULL,'2016-04-29 05:50:31','2016-04-29 05:50:31',''),(834,18,'','00000834','MUNICIPALIDAD DISTRITAL DE CATACAOS',NULL,'2016-04-29 05:50:31','2016-04-29 05:50:31',''),(835,18,'','00000835','MUNICIPALIDAD DISTRITAL DE CATACHE',NULL,'2016-04-29 05:50:31','2016-04-29 05:50:31',''),(836,18,'','00000836','MUNICIPALIDAD DISTRITAL DE CATAHUASI',NULL,'2016-04-29 05:50:31','2016-04-29 05:50:31',''),(837,18,'','00000837','MUNICIPALIDAD DISTRITAL DE CATILLUC',NULL,'2016-04-29 05:50:31','2016-04-29 05:50:31',''),(838,18,'','00000838','MUNICIPALIDAD DISTRITAL DE CAUJUL',NULL,'2016-04-29 05:50:31','2016-04-29 05:50:31',''),(839,18,'','00000839','MUNICIPALIDAD DISTRITAL DE CAYALTI',NULL,'2016-04-29 05:50:31','2016-04-29 05:50:31',''),(840,18,'','00000840','MUNICIPALIDAD DISTRITAL DE CAYARA',NULL,'2016-04-29 05:50:31','2016-04-29 05:50:31',''),(841,18,'','00000841','MUNICIPALIDAD DISTRITAL DE CAYARANI',NULL,'2016-04-29 05:50:31','2016-04-29 05:50:31',''),(842,18,'','00000842','MUNICIPALIDAD DISTRITAL DE CAYLLOMA',NULL,'2016-04-29 05:50:31','2016-04-29 05:50:31',''),(843,18,'','00000843','MUNICIPALIDAD DISTRITAL DE CAYMA',NULL,'2016-04-29 05:50:31','2016-04-29 05:50:31',''),(844,18,'','00000844','MUNICIPALIDAD DISTRITAL DE CAYNA',NULL,'2016-04-29 05:50:31','2016-04-29 05:50:31',''),(845,18,'','00000845','MUNICIPALIDAD DISTRITAL DE CAYNARACHI',NULL,'2016-04-29 05:50:31','2016-04-29 05:50:31',''),(846,18,'','00000846','MUNICIPALIDAD DISTRITAL DE CCAPI',NULL,'2016-04-29 05:50:31','2016-04-29 05:50:31',''),(847,18,'','00000847','MUNICIPALIDAD DISTRITAL DE CCARHUAYO',NULL,'2016-04-29 05:50:31','2016-04-29 05:50:31',''),(848,18,'','00000848','MUNICIPALIDAD DISTRITAL DE CCATCA',NULL,'2016-04-29 05:50:31','2016-04-29 05:50:31',''),(849,18,'','00000849','MUNICIPALIDAD DISTRITAL DE CCOCHACCASA',NULL,'2016-04-29 05:50:31','2016-04-29 05:50:31',''),(850,18,'','00000850','MUNICIPALIDAD DISTRITAL DE CCORCA',NULL,'2016-04-29 05:50:31','2016-04-29 05:50:31',''),(851,18,'','00000851','MUNICIPALIDAD DISTRITAL DE CERRO AZUL',NULL,'2016-04-29 05:50:31','2016-04-29 05:50:31',''),(852,18,'','00000852','MUNICIPALIDAD DISTRITAL DE CERRO COLORADO',NULL,'2016-04-29 05:50:31','2016-04-29 05:50:31',''),(853,18,'','00000853','MUNICIPALIDAD DISTRITAL DE CHACABAMBA',NULL,'2016-04-29 05:50:31','2016-04-29 05:50:31',''),(854,18,'','00000854','MUNICIPALIDAD DISTRITAL DE CHACAPALPA',NULL,'2016-04-29 05:50:31','2016-04-29 05:50:31',''),(855,18,'','00000855','MUNICIPALIDAD DISTRITAL DE CHACAPAMPA',NULL,'2016-04-29 05:50:31','2016-04-29 05:50:31',''),(856,18,'','00000856','MUNICIPALIDAD DISTRITAL DE CHACAYAN',NULL,'2016-04-29 05:50:31','2016-04-29 05:50:31',''),(857,18,'','00000857','MUNICIPALIDAD DISTRITAL DE CHACCHO',NULL,'2016-04-29 05:50:31','2016-04-29 05:50:31',''),(858,18,'','00000858','MUNICIPALIDAD DISTRITAL DE CHACHAS',NULL,'2016-04-29 05:50:31','2016-04-29 05:50:31',''),(859,18,'','00000859','MUNICIPALIDAD DISTRITAL DE CHACLACAYO',NULL,'2016-04-29 05:50:31','2016-04-29 05:50:31',''),(860,18,'','00000860','MUNICIPALIDAD DISTRITAL DE CHACOCHE',NULL,'2016-04-29 05:50:31','2016-04-29 05:50:31',''),(861,18,'','00000861','MUNICIPALIDAD DISTRITAL DE CHADIN',NULL,'2016-04-29 05:50:31','2016-04-29 05:50:31',''),(862,18,'','00000862','MUNICIPALIDAD DISTRITAL DE CHAGLLA',NULL,'2016-04-29 05:50:31','2016-04-29 05:50:31',''),(863,18,'','00000863','MUNICIPALIDAD DISTRITAL DE CHALA',NULL,'2016-04-29 05:50:31','2016-04-29 05:50:31',''),(864,18,'','00000864','MUNICIPALIDAD DISTRITAL DE CHALACO',NULL,'2016-04-29 05:50:31','2016-04-29 05:50:31',''),(865,18,'','00000865','MUNICIPALIDAD DISTRITAL DE CHALAMARCA',NULL,'2016-04-29 05:50:31','2016-04-29 05:50:31',''),(866,18,'','00000866','MUNICIPALIDAD DISTRITAL DE CHALCOS',NULL,'2016-04-29 05:50:31','2016-04-29 05:50:31',''),(867,18,'','00000867','MUNICIPALIDAD DISTRITAL DE CHALLABAMBA',NULL,'2016-04-29 05:50:31','2016-04-29 05:50:31',''),(868,18,'','00000868','MUNICIPALIDAD DISTRITAL DE CHALLHUAHUACHO',NULL,'2016-04-29 05:50:31','2016-04-29 05:50:31',''),(869,18,'','00000869','MUNICIPALIDAD DISTRITAL DE CHAMACA',NULL,'2016-04-29 05:50:31','2016-04-29 05:50:31',''),(870,18,'','00000870','MUNICIPALIDAD DISTRITAL DE CHAMBARA',NULL,'2016-04-29 05:50:31','2016-04-29 05:50:31',''),(871,18,'','00000871','MUNICIPALIDAD DISTRITAL DE CHANCAY',NULL,'2016-04-29 05:50:31','2016-04-29 05:50:31',''),(872,18,'','00000872','MUNICIPALIDAD DISTRITAL DE CHANCAYBAÑOS',NULL,'2016-04-29 05:50:31','2016-04-29 05:50:31',''),(873,18,'','00000873','MUNICIPALIDAD DISTRITAL DE CHANCAY-SAN MARCOS',NULL,'2016-04-29 05:50:31','2016-04-29 05:50:31',''),(874,18,'','00000874','MUNICIPALIDAD DISTRITAL DE CHANGUILLO',NULL,'2016-04-29 05:50:31','2016-04-29 05:50:31',''),(875,18,'','00000875','MUNICIPALIDAD DISTRITAL DE CHAO',NULL,'2016-04-29 05:50:31','2016-04-29 05:50:31',''),(876,18,'','00000876','MUNICIPALIDAD DISTRITAL DE CHAPARRA',NULL,'2016-04-29 05:50:31','2016-04-29 05:50:31',''),(877,18,'','00000877','MUNICIPALIDAD DISTRITAL DE CHAPIMARCA',NULL,'2016-04-29 05:50:31','2016-04-29 05:50:31',''),(878,18,'','00000878','MUNICIPALIDAD DISTRITAL DE CHARACATO',NULL,'2016-04-29 05:50:31','2016-04-29 05:50:31',''),(879,18,'','00000879','MUNICIPALIDAD DISTRITAL DE CHARAT',NULL,'2016-04-29 05:50:31','2016-04-29 05:50:31',''),(880,18,'','00000880','MUNICIPALIDAD DISTRITAL DE CHARCANA',NULL,'2016-04-29 05:50:31','2016-04-29 05:50:31',''),(881,18,'','00000881','MUNICIPALIDAD DISTRITAL DE CHAUPIMARCA',NULL,'2016-04-29 05:50:31','2016-04-29 05:50:31',''),(882,18,'','00000882','MUNICIPALIDAD DISTRITAL DE CHAVIN DE HUANTAR-HUARI',NULL,'2016-04-29 05:50:31','2016-04-29 05:50:31',''),(883,18,'','00000883','MUNICIPALIDAD DISTRITAL DE CHAVIN DE PARIARCA',NULL,'2016-04-29 05:50:31','2016-04-29 05:50:31',''),(884,18,'','00000884','MUNICIPALIDAD DISTRITAL DE CHAVIN-CHINCHA',NULL,'2016-04-29 05:50:31','2016-04-29 05:50:31',''),(885,18,'','00000885','MUNICIPALIDAD DISTRITAL DE CHAVIÑA',NULL,'2016-04-29 05:50:31','2016-04-29 05:50:31',''),(886,18,'','00000886','MUNICIPALIDAD DISTRITAL DE CHAZUTA',NULL,'2016-04-29 05:50:31','2016-04-29 05:50:31',''),(887,18,'','00000887','MUNICIPALIDAD DISTRITAL DE CHECACUPE',NULL,'2016-04-29 05:50:31','2016-04-29 05:50:31',''),(888,18,'','00000888','MUNICIPALIDAD DISTRITAL DE CHECCA',NULL,'2016-04-29 05:50:31','2016-04-29 05:50:31',''),(889,18,'','00000889','MUNICIPALIDAD DISTRITAL DE CHECRAS',NULL,'2016-04-29 05:50:31','2016-04-29 05:50:31',''),(890,18,'','00000890','MUNICIPALIDAD DISTRITAL DE CHETILLA',NULL,'2016-04-29 05:50:31','2016-04-29 05:50:31',''),(891,18,'','00000891','MUNICIPALIDAD DISTRITAL DE CHETO',NULL,'2016-04-29 05:50:31','2016-04-29 05:50:31',''),(892,18,'','00000892','MUNICIPALIDAD DISTRITAL DE CHIARA-ANDAHUAYLAS',NULL,'2016-04-29 05:50:31','2016-04-29 05:50:31',''),(893,18,'','00000893','MUNICIPALIDAD DISTRITAL DE CHIARA-HUAMANGA',NULL,'2016-04-29 05:50:31','2016-04-29 05:50:31',''),(894,18,'','00000894','MUNICIPALIDAD DISTRITAL DE CHICAMA',NULL,'2016-04-29 05:50:31','2016-04-29 05:50:31',''),(895,18,'','00000895','MUNICIPALIDAD DISTRITAL DE CHICCHE',NULL,'2016-04-29 05:50:31','2016-04-29 05:50:31',''),(896,18,'','00000896','MUNICIPALIDAD DISTRITAL DE CHICHAS',NULL,'2016-04-29 05:50:31','2016-04-29 05:50:31',''),(897,18,'','00000897','MUNICIPALIDAD DISTRITAL DE CHICLA-HUAROCHIRI',NULL,'2016-04-29 05:50:31','2016-04-29 05:50:31',''),(898,18,'','00000898','MUNICIPALIDAD DISTRITAL DE CHIGUATA',NULL,'2016-04-29 05:50:31','2016-04-29 05:50:31',''),(899,18,'','00000899','MUNICIPALIDAD DISTRITAL DE CHIGUIRIP',NULL,'2016-04-29 05:50:31','2016-04-29 05:50:31',''),(900,18,'','00000900','MUNICIPALIDAD DISTRITAL DE CHILCA-CAÑETE',NULL,'2016-04-29 05:50:31','2016-04-29 05:50:31',''),(901,18,'','00000901','MUNICIPALIDAD DISTRITAL DE CHILCA-HUANCAYO',NULL,'2016-04-29 05:50:31','2016-04-29 05:50:31',''),(902,18,'','00000902','MUNICIPALIDAD DISTRITAL DE CHILCAS',NULL,'2016-04-29 05:50:31','2016-04-29 05:50:31',''),(903,18,'','00000903','MUNICIPALIDAD DISTRITAL DE CHILCAYMARCA',NULL,'2016-04-29 05:50:31','2016-04-29 05:50:31',''),(904,18,'','00000904','MUNICIPALIDAD DISTRITAL DE CHILCAYOC',NULL,'2016-04-29 05:50:31','2016-04-29 05:50:31',''),(905,18,'','00000905','MUNICIPALIDAD DISTRITAL DE CHILETE',NULL,'2016-04-29 05:50:31','2016-04-29 05:50:31',''),(906,18,'','00000906','MUNICIPALIDAD DISTRITAL DE CHILIQUIN',NULL,'2016-04-29 05:50:31','2016-04-29 05:50:31',''),(907,18,'','00000907','MUNICIPALIDAD DISTRITAL DE CHILLIA',NULL,'2016-04-29 05:50:31','2016-04-29 05:50:31',''),(908,18,'','00000908','MUNICIPALIDAD DISTRITAL DE CHIMBAN',NULL,'2016-04-29 05:50:31','2016-04-29 05:50:31',''),(909,18,'','00000909','MUNICIPALIDAD DISTRITAL DE CHINCHA BAJA',NULL,'2016-04-29 05:50:31','2016-04-29 05:50:31',''),(910,18,'','00000910','MUNICIPALIDAD DISTRITAL DE CHINCHAO',NULL,'2016-04-29 05:50:31','2016-04-29 05:50:31',''),(911,18,'','00000911','MUNICIPALIDAD DISTRITAL DE CHINCHAYPUJIO',NULL,'2016-04-29 05:50:31','2016-04-29 05:50:31',''),(912,18,'','00000912','MUNICIPALIDAD DISTRITAL DE CHINCHERO',NULL,'2016-04-29 05:50:31','2016-04-29 05:50:31',''),(913,18,'','00000913','MUNICIPALIDAD DISTRITAL DE CHINCHIHUASI',NULL,'2016-04-29 05:50:31','2016-04-29 05:50:31',''),(914,18,'','00000914','MUNICIPALIDAD DISTRITAL DE CHINCHO',NULL,'2016-04-29 05:50:31','2016-04-29 05:50:31',''),(915,18,'','00000915','MUNICIPALIDAD DISTRITAL DE CHINGALPO',NULL,'2016-04-29 05:50:31','2016-04-29 05:50:31',''),(916,18,'','00000916','MUNICIPALIDAD DISTRITAL DE CHINGAS',NULL,'2016-04-29 05:50:31','2016-04-29 05:50:31',''),(917,18,'','00000917','MUNICIPALIDAD DISTRITAL DE CHIPAO',NULL,'2016-04-29 05:50:31','2016-04-29 05:50:31',''),(918,18,'','00000918','MUNICIPALIDAD DISTRITAL DE CHIPURANA',NULL,'2016-04-29 05:50:31','2016-04-29 05:50:31',''),(919,18,'','00000919','MUNICIPALIDAD DISTRITAL DE CHIRIMOTO',NULL,'2016-04-29 05:50:31','2016-04-29 05:50:31',''),(920,18,'','00000920','MUNICIPALIDAD DISTRITAL DE CHIRINOS',NULL,'2016-04-29 05:50:31','2016-04-29 05:50:31',''),(921,18,'','00000921','MUNICIPALIDAD DISTRITAL DE CHISQUILLA',NULL,'2016-04-29 05:50:31','2016-04-29 05:50:31',''),(922,18,'','00000922','MUNICIPALIDAD DISTRITAL DE CHOCHOPE',NULL,'2016-04-29 05:50:31','2016-04-29 05:50:31',''),(923,18,'','00000923','MUNICIPALIDAD DISTRITAL DE CHOCO-CASTILLA',NULL,'2016-04-29 05:50:31','2016-04-29 05:50:31',''),(924,18,'','00000924','MUNICIPALIDAD DISTRITAL DE CHOCOPE',NULL,'2016-04-29 05:50:31','2016-04-29 05:50:31',''),(925,18,'','00000925','MUNICIPALIDAD DISTRITAL DE CHOCOS-YAUYOS',NULL,'2016-04-29 05:50:31','2016-04-29 05:50:31',''),(926,18,'','00000926','MUNICIPALIDAD DISTRITAL DE CHOJATA',NULL,'2016-04-29 05:50:31','2016-04-29 05:50:31',''),(927,18,'','00000927','MUNICIPALIDAD DISTRITAL DE CHOLON',NULL,'2016-04-29 05:50:31','2016-04-29 05:50:31',''),(928,18,'','00000928','MUNICIPALIDAD DISTRITAL DE CHONGOS ALTO',NULL,'2016-04-29 05:50:31','2016-04-29 05:50:31',''),(929,18,'','00000929','MUNICIPALIDAD DISTRITAL DE CHONGOS BAJO',NULL,'2016-04-29 05:50:31','2016-04-29 05:50:31',''),(930,18,'','00000930','MUNICIPALIDAD DISTRITAL DE CHONGOYAPE',NULL,'2016-04-29 05:50:31','2016-04-29 05:50:31',''),(931,18,'','00000931','MUNICIPALIDAD DISTRITAL DE CHONTABAMBA',NULL,'2016-04-29 05:50:31','2016-04-29 05:50:31',''),(932,18,'','00000932','MUNICIPALIDAD DISTRITAL DE CHONTALI',NULL,'2016-04-29 05:50:31','2016-04-29 05:50:31',''),(933,18,'','00000933','MUNICIPALIDAD DISTRITAL DE CHORAS',NULL,'2016-04-29 05:50:31','2016-04-29 05:50:31',''),(934,18,'','00000934','MUNICIPALIDAD DISTRITAL DE CHOROPAMPA',NULL,'2016-04-29 05:50:31','2016-04-29 05:50:31',''),(935,18,'','00000935','MUNICIPALIDAD DISTRITAL DE CHOROS',NULL,'2016-04-29 05:50:31','2016-04-29 05:50:31',''),(936,18,'','00000936','MUNICIPALIDAD DISTRITAL DE CHORRILLOS',NULL,'2016-04-29 05:50:31','2016-04-29 05:50:31',''),(937,18,'','00000937','MUNICIPALIDAD DISTRITAL DE CHUCUITO',NULL,'2016-04-29 05:50:31','2016-04-29 05:50:31',''),(938,18,'','00000938','MUNICIPALIDAD DISTRITAL DE CHUGAY',NULL,'2016-04-29 05:50:31','2016-04-29 05:50:31',''),(939,18,'','00000939','MUNICIPALIDAD DISTRITAL DE CHUGUR',NULL,'2016-04-29 05:50:31','2016-04-29 05:50:31',''),(940,18,'','00000940','MUNICIPALIDAD DISTRITAL DE CHUMPI',NULL,'2016-04-29 05:50:31','2016-04-29 05:50:31',''),(941,18,'','00000941','MUNICIPALIDAD DISTRITAL DE CHUMUCH',NULL,'2016-04-29 05:50:31','2016-04-29 05:50:31',''),(942,18,'','00000942','MUNICIPALIDAD DISTRITAL DE CHUNGUI',NULL,'2016-04-29 05:50:31','2016-04-29 05:50:31',''),(943,18,'','00000943','MUNICIPALIDAD DISTRITAL DE CHUPA',NULL,'2016-04-29 05:50:31','2016-04-29 05:50:31',''),(944,18,'','00000944','MUNICIPALIDAD DISTRITAL DE CHUPAMARCA',NULL,'2016-04-29 05:50:31','2016-04-29 05:50:31',''),(945,18,'','00000945','MUNICIPALIDAD DISTRITAL DE CHUPURO',NULL,'2016-04-29 05:50:31','2016-04-29 05:50:31',''),(946,18,'','00000946','MUNICIPALIDAD DISTRITAL DE CHUQUIBAMBA',NULL,'2016-04-29 05:50:31','2016-04-29 05:50:31',''),(947,18,'','00000947','MUNICIPALIDAD DISTRITAL DE CHUQUIS',NULL,'2016-04-29 05:50:31','2016-04-29 05:50:31',''),(948,18,'','00000948','MUNICIPALIDAD DISTRITAL DE CHURUBAMBA',NULL,'2016-04-29 05:50:31','2016-04-29 05:50:31',''),(949,18,'','00000949','MUNICIPALIDAD DISTRITAL DE CHURUJA',NULL,'2016-04-29 05:50:31','2016-04-29 05:50:31',''),(950,18,'','00000950','MUNICIPALIDAD DISTRITAL DE CHUSCHI',NULL,'2016-04-29 05:50:31','2016-04-29 05:50:31',''),(951,18,'','00000951','MUNICIPALIDAD DISTRITAL DE CIENEGUILLA',NULL,'2016-04-29 05:50:31','2016-04-29 05:50:31',''),(952,18,'','00000952','MUNICIPALIDAD DISTRITAL DE CIRCA',NULL,'2016-04-29 05:50:31','2016-04-29 05:50:31',''),(953,18,'','00000953','MUNICIPALIDAD DISTRITAL DE CIUDAD NUEVA',NULL,'2016-04-29 05:50:31','2016-04-29 05:50:31',''),(954,18,'','00000954','MUNICIPALIDAD DISTRITAL DE COALAQUE',NULL,'2016-04-29 05:50:31','2016-04-29 05:50:31',''),(955,18,'','00000955','MUNICIPALIDAD DISTRITAL DE COASA',NULL,'2016-04-29 05:50:31','2016-04-29 05:50:31',''),(956,18,'','00000956','MUNICIPALIDAD DISTRITAL DE COATA',NULL,'2016-04-29 05:50:31','2016-04-29 05:50:31',''),(957,18,'','00000957','MUNICIPALIDAD DISTRITAL DE COAYLLO',NULL,'2016-04-29 05:50:31','2016-04-29 05:50:31',''),(958,18,'','00000958','MUNICIPALIDAD DISTRITAL DE COCABAMBA',NULL,'2016-04-29 05:50:31','2016-04-29 05:50:31',''),(959,18,'','00000959','MUNICIPALIDAD DISTRITAL DE COCACHACRA',NULL,'2016-04-29 05:50:31','2016-04-29 05:50:31',''),(960,18,'','00000960','MUNICIPALIDAD DISTRITAL DE COCAS',NULL,'2016-04-29 05:50:31','2016-04-29 05:50:31',''),(961,18,'','00000961','MUNICIPALIDAD DISTRITAL DE COCHABAMBA-CHOTA',NULL,'2016-04-29 05:50:31','2016-04-29 05:50:31',''),(962,18,'','00000962','MUNICIPALIDAD DISTRITAL DE COCHABAMBA-HUACAYBAMBA',NULL,'2016-04-29 05:50:31','2016-04-29 05:50:31',''),(963,18,'','00000963','MUNICIPALIDAD DISTRITAL DE COCHABAMBA-HUARAZ',NULL,'2016-04-29 05:50:31','2016-04-29 05:50:31',''),(964,18,'','00000964','MUNICIPALIDAD DISTRITAL DE COCHAMAL',NULL,'2016-04-29 05:50:31','2016-04-29 05:50:31',''),(965,18,'','00000965','MUNICIPALIDAD DISTRITAL DE COCHAMARCA',NULL,'2016-04-29 05:50:31','2016-04-29 05:50:31',''),(966,18,'','00000966','MUNICIPALIDAD DISTRITAL DE COCHAPETI',NULL,'2016-04-29 05:50:31','2016-04-29 05:50:31',''),(967,18,'','00000967','MUNICIPALIDAD DISTRITAL DE COCHARCAS',NULL,'2016-04-29 05:50:31','2016-04-29 05:50:31',''),(968,18,'','00000968','MUNICIPALIDAD DISTRITAL DE COCHAS-CONCEPCION',NULL,'2016-04-29 05:50:31','2016-04-29 05:50:31',''),(969,18,'','00000969','MUNICIPALIDAD DISTRITAL DE COCHAS-OCROS',NULL,'2016-04-29 05:50:31','2016-04-29 05:50:31',''),(970,18,'','00000970','MUNICIPALIDAD DISTRITAL DE COCHAS-YAUYOS',NULL,'2016-04-29 05:50:31','2016-04-29 05:50:31',''),(971,18,'','00000971','MUNICIPALIDAD DISTRITAL DE COCHORCO',NULL,'2016-04-29 05:50:31','2016-04-29 05:50:31',''),(972,18,'','00000972','MUNICIPALIDAD DISTRITAL DE CODO DEL POZUZO',NULL,'2016-04-29 05:50:31','2016-04-29 05:50:31',''),(973,18,'','00000973','MUNICIPALIDAD DISTRITAL DE COISHCO',NULL,'2016-04-29 05:50:31','2016-04-29 05:50:31',''),(974,18,'','00000974','MUNICIPALIDAD DISTRITAL DE COJATA',NULL,'2016-04-29 05:50:31','2016-04-29 05:50:31',''),(975,18,'','00000975','MUNICIPALIDAD DISTRITAL DE COLAN',NULL,'2016-04-29 05:50:31','2016-04-29 05:50:31',''),(976,18,'','00000976','MUNICIPALIDAD DISTRITAL DE COLASAY',NULL,'2016-04-29 05:50:31','2016-04-29 05:50:31',''),(977,18,'','00000977','MUNICIPALIDAD DISTRITAL DE COLCABAMBA-AYMARAES',NULL,'2016-04-29 05:50:31','2016-04-29 05:50:31',''),(978,18,'','00000978','MUNICIPALIDAD DISTRITAL DE COLCABAMBA-HUARAZ',NULL,'2016-04-29 05:50:31','2016-04-29 05:50:31',''),(979,18,'','00000979','MUNICIPALIDAD DISTRITAL DE COLCABAMBA-TAYACAJA',NULL,'2016-04-29 05:50:31','2016-04-29 05:50:31',''),(980,18,'','00000980','MUNICIPALIDAD DISTRITAL DE COLCA-HUANCAYO',NULL,'2016-04-29 05:50:31','2016-04-29 05:50:31',''),(981,18,'','00000981','MUNICIPALIDAD DISTRITAL DE COLCAMAR',NULL,'2016-04-29 05:50:31','2016-04-29 05:50:31',''),(982,18,'','00000982','MUNICIPALIDAD DISTRITAL DE COLCA-VICTOR FAJARDO',NULL,'2016-04-29 05:50:31','2016-04-29 05:50:31',''),(983,18,'','00000983','MUNICIPALIDAD DISTRITAL DE COLCHA',NULL,'2016-04-29 05:50:31','2016-04-29 05:50:31',''),(984,18,'','00000984','MUNICIPALIDAD DISTRITAL DE COLONIA',NULL,'2016-04-29 05:50:31','2016-04-29 05:50:31',''),(985,18,'','00000985','MUNICIPALIDAD DISTRITAL DE COLPAS',NULL,'2016-04-29 05:50:31','2016-04-29 05:50:31',''),(986,18,'','00000986','MUNICIPALIDAD DISTRITAL DE COLQUEMARCA',NULL,'2016-04-29 05:50:31','2016-04-29 05:50:31',''),(987,18,'','00000987','MUNICIPALIDAD DISTRITAL DE COLQUEPATA',NULL,'2016-04-29 05:50:31','2016-04-29 05:50:31',''),(988,18,'','00000988','MUNICIPALIDAD DISTRITAL DE COLQUIOC',NULL,'2016-04-29 05:50:31','2016-04-29 05:50:31',''),(989,18,'','00000989','MUNICIPALIDAD DISTRITAL DE COLTA',NULL,'2016-04-29 05:50:31','2016-04-29 05:50:31',''),(990,18,'','00000990','MUNICIPALIDAD DISTRITAL DE COMANDANTE NOEL',NULL,'2016-04-29 05:50:31','2016-04-29 05:50:31',''),(991,18,'','00000991','MUNICIPALIDAD DISTRITAL DE COMAS-CONCEPCION',NULL,'2016-04-29 05:50:31','2016-04-29 05:50:31',''),(992,18,'','00000992','MUNICIPALIDAD DISTRITAL DE COMAS-LIMA',NULL,'2016-04-29 05:50:31','2016-04-29 05:50:31',''),(993,18,'','00000993','MUNICIPALIDAD DISTRITAL DE COMBAPATA',NULL,'2016-04-29 05:50:31','2016-04-29 05:50:31',''),(994,18,'','00000994','MUNICIPALIDAD DISTRITAL DE CONAYCA',NULL,'2016-04-29 05:50:31','2016-04-29 05:50:31',''),(995,18,'','00000995','MUNICIPALIDAD DISTRITAL DE CONCEPCION',NULL,'2016-04-29 05:50:31','2016-04-29 05:50:31',''),(996,18,'','00000996','MUNICIPALIDAD DISTRITAL DE CONCHAMARCA',NULL,'2016-04-29 05:50:31','2016-04-29 05:50:31',''),(997,18,'','00000997','MUNICIPALIDAD DISTRITAL DE CONCHAN',NULL,'2016-04-29 05:50:31','2016-04-29 05:50:31',''),(998,18,'','00000998','MUNICIPALIDAD DISTRITAL DE CONCHUCOS',NULL,'2016-04-29 05:50:31','2016-04-29 05:50:31',''),(999,18,'','00000999','MUNICIPALIDAD DISTRITAL DE CONDEBAMBA',NULL,'2016-04-29 05:50:31','2016-04-29 05:50:31',''),(1000,18,'','00001000','MUNICIPALIDAD DISTRITAL DE CONDORMARCA',NULL,'2016-04-29 05:50:31','2016-04-29 05:50:31',''),(1001,18,'','00001001','MUNICIPALIDAD DISTRITAL DE CONDOROMA',NULL,'2016-04-29 05:50:31','2016-04-29 05:50:31',''),(1002,18,'','00001002','MUNICIPALIDAD DISTRITAL DE CONDURIRI',NULL,'2016-04-29 05:50:31','2016-04-29 05:50:31',''),(1003,18,'','00001003','MUNICIPALIDAD DISTRITAL DE CONGALLA',NULL,'2016-04-29 05:50:31','2016-04-29 05:50:31',''),(1004,18,'','00001004','MUNICIPALIDAD DISTRITAL DE CONGAS',NULL,'2016-04-29 05:50:31','2016-04-29 05:50:31',''),(1005,18,'','00001005','MUNICIPALIDAD DISTRITAL DE CONILA',NULL,'2016-04-29 05:50:31','2016-04-29 05:50:31',''),(1006,18,'','00001006','MUNICIPALIDAD DISTRITAL DE CONIMA',NULL,'2016-04-29 05:50:31','2016-04-29 05:50:31',''),(1007,18,'','00001007','MUNICIPALIDAD DISTRITAL DE COPA',NULL,'2016-04-29 05:50:31','2016-04-29 05:50:31',''),(1008,18,'','00001008','MUNICIPALIDAD DISTRITAL DE COPALLIN',NULL,'2016-04-29 05:50:31','2016-04-29 05:50:31',''),(1009,18,'','00001009','MUNICIPALIDAD DISTRITAL DE COPANI',NULL,'2016-04-29 05:50:31','2016-04-29 05:50:31',''),(1010,18,'','00001010','MUNICIPALIDAD DISTRITAL DE COPORAQUE-CAYLLOMA',NULL,'2016-04-29 05:50:31','2016-04-29 05:50:31',''),(1011,18,'','00001011','MUNICIPALIDAD DISTRITAL DE COPORAQUE-ESPINAR',NULL,'2016-04-29 05:50:31','2016-04-29 05:50:31',''),(1012,18,'','00001012','MUNICIPALIDAD DISTRITAL DE CORANI',NULL,'2016-04-29 05:50:31','2016-04-29 05:50:31',''),(1013,18,'','00001013','MUNICIPALIDAD DISTRITAL DE CORCULLA',NULL,'2016-04-29 05:50:31','2016-04-29 05:50:31',''),(1014,18,'','00001014','MUNICIPALIDAD DISTRITAL DE CORDOVA',NULL,'2016-04-29 05:50:31','2016-04-29 05:50:31',''),(1015,18,'','00001015','MUNICIPALIDAD DISTRITAL DE CORIS',NULL,'2016-04-29 05:50:31','2016-04-29 05:50:31',''),(1016,18,'','00001016','MUNICIPALIDAD DISTRITAL DE CORONEL CASTAÑEDA',NULL,'2016-04-29 05:50:31','2016-04-29 05:50:31',''),(1017,18,'','00001017','MUNICIPALIDAD DISTRITAL DE CORONEL GREGORIO ALBARRACIN LANCHIPA',NULL,'2016-04-29 05:50:31','2016-04-29 05:50:31',''),(1018,18,'','00001018','MUNICIPALIDAD DISTRITAL DE COROSHA',NULL,'2016-04-29 05:50:31','2016-04-29 05:50:31',''),(1019,18,'','00001019','MUNICIPALIDAD DISTRITAL DE CORRALES',NULL,'2016-04-29 05:50:31','2016-04-29 05:50:31',''),(1020,18,'','00001020','MUNICIPALIDAD DISTRITAL DE CORTEGANA',NULL,'2016-04-29 05:50:31','2016-04-29 05:50:31',''),(1021,18,'','00001021','MUNICIPALIDAD DISTRITAL DE COSPAN',NULL,'2016-04-29 05:50:31','2016-04-29 05:50:31',''),(1022,18,'','00001022','MUNICIPALIDAD DISTRITAL DE COTABAMBAS',NULL,'2016-04-29 05:50:31','2016-04-29 05:50:31',''),(1023,18,'','00001023','MUNICIPALIDAD DISTRITAL DE COTAPARACO',NULL,'2016-04-29 05:50:31','2016-04-29 05:50:31',''),(1024,18,'','00001024','MUNICIPALIDAD DISTRITAL DE COTARUSE',NULL,'2016-04-29 05:50:31','2016-04-29 05:50:31',''),(1025,18,'','00001025','MUNICIPALIDAD DISTRITAL DE COVIRIALI',NULL,'2016-04-29 05:50:31','2016-04-29 05:50:31',''),(1026,18,'','00001026','MUNICIPALIDAD DISTRITAL DE COYA',NULL,'2016-04-29 05:50:31','2016-04-29 05:50:31',''),(1027,18,'','00001027','MUNICIPALIDAD DISTRITAL DE COYLLURQUI',NULL,'2016-04-29 05:50:31','2016-04-29 05:50:31',''),(1028,18,'','00001028','MUNICIPALIDAD DISTRITAL DE CRISTO NOS VALGA',NULL,'2016-04-29 05:50:31','2016-04-29 05:50:31',''),(1029,18,'','00001029','MUNICIPALIDAD DISTRITAL DE CRUCERO',NULL,'2016-04-29 05:50:31','2016-04-29 05:50:31',''),(1030,18,'','00001030','MUNICIPALIDAD DISTRITAL DE CUCHUMBAYA',NULL,'2016-04-29 05:50:31','2016-04-29 05:50:31',''),(1031,18,'','00001031','MUNICIPALIDAD DISTRITAL DE CUENCA-HUANCAVELICA',NULL,'2016-04-29 05:50:31','2016-04-29 05:50:31',''),(1032,18,'','00001032','MUNICIPALIDAD DISTRITAL DE CUENCA-HUAROCHIRI',NULL,'2016-04-29 05:50:31','2016-04-29 05:50:31',''),(1033,18,'','00001033','MUNICIPALIDAD DISTRITAL DE CUISPES',NULL,'2016-04-29 05:50:31','2016-04-29 05:50:31',''),(1034,18,'','00001034','MUNICIPALIDAD DISTRITAL DE CUJILLO',NULL,'2016-04-29 05:50:31','2016-04-29 05:50:31',''),(1035,18,'','00001035','MUNICIPALIDAD DISTRITAL DE CULEBRAS',NULL,'2016-04-29 05:50:31','2016-04-29 05:50:31',''),(1036,18,'','00001036','MUNICIPALIDAD DISTRITAL DE CULLHUAS',NULL,'2016-04-29 05:50:31','2016-04-29 05:50:31',''),(1037,18,'','00001037','MUNICIPALIDAD DISTRITAL DE CUMBA',NULL,'2016-04-29 05:50:31','2016-04-29 05:50:31',''),(1038,18,'','00001038','MUNICIPALIDAD DISTRITAL DE CUÑUMBUQUI',NULL,'2016-04-29 05:50:31','2016-04-29 05:50:31',''),(1039,18,'','00001039','MUNICIPALIDAD DISTRITAL DE CUPI',NULL,'2016-04-29 05:50:31','2016-04-29 05:50:31',''),(1040,18,'','00001040','MUNICIPALIDAD DISTRITAL DE CUPISNIQUE',NULL,'2016-04-29 05:50:31','2016-04-29 05:50:31',''),(1041,18,'','00001041','MUNICIPALIDAD DISTRITAL DE CURA MORI',NULL,'2016-04-29 05:50:31','2016-04-29 05:50:31',''),(1042,18,'','00001042','MUNICIPALIDAD DISTRITAL DE CURAHUASI',NULL,'2016-04-29 05:50:31','2016-04-29 05:50:31',''),(1043,18,'','00001043','MUNICIPALIDAD DISTRITAL DE CURASCO',NULL,'2016-04-29 05:50:31','2016-04-29 05:50:31',''),(1044,18,'','00001044','MUNICIPALIDAD DISTRITAL DE CURGOS',NULL,'2016-04-29 05:50:31','2016-04-29 05:50:31',''),(1045,18,'','00001045','MUNICIPALIDAD DISTRITAL DE CURIBAYA',NULL,'2016-04-29 05:50:31','2016-04-29 05:50:31',''),(1046,18,'','00001046','MUNICIPALIDAD DISTRITAL DE CURICACA',NULL,'2016-04-29 05:50:31','2016-04-29 05:50:31',''),(1047,18,'','00001047','MUNICIPALIDAD DISTRITAL DE CURIMANA',NULL,'2016-04-29 05:50:31','2016-04-29 05:50:31',''),(1048,18,'','00001048','MUNICIPALIDAD DISTRITAL DE CURPAHUASI',NULL,'2016-04-29 05:50:31','2016-04-29 05:50:31',''),(1049,18,'','00001049','MUNICIPALIDAD DISTRITAL DE CUSCA-CORONGO',NULL,'2016-04-29 05:50:31','2016-04-29 05:50:31',''),(1050,18,'','00001050','MUNICIPALIDAD DISTRITAL DE CUSIPATA',NULL,'2016-04-29 05:50:31','2016-04-29 05:50:31',''),(1051,18,'','00001051','MUNICIPALIDAD DISTRITAL DE CUTURAPI',NULL,'2016-04-29 05:50:31','2016-04-29 05:50:31',''),(1052,18,'','00001052','MUNICIPALIDAD DISTRITAL DE CUYOCUYO',NULL,'2016-04-29 05:50:31','2016-04-29 05:50:31',''),(1053,18,'','00001053','MUNICIPALIDAD DISTRITAL DE DANIEL ALOMIAS ROBLES',NULL,'2016-04-29 05:50:31','2016-04-29 05:50:31',''),(1054,18,'','00001054','MUNICIPALIDAD DISTRITAL DE DANIEL HERNANDEZ',NULL,'2016-04-29 05:50:31','2016-04-29 05:50:31',''),(1055,18,'','00001055','MUNICIPALIDAD DISTRITAL DE DEAN VALDIVIA',NULL,'2016-04-29 05:50:31','2016-04-29 05:50:31',''),(1056,18,'','00001056','MUNICIPALIDAD DISTRITAL DE DESAGUADERO',NULL,'2016-04-29 05:50:31','2016-04-29 05:50:31',''),(1057,18,'','00001057','MUNICIPALIDAD DISTRITAL DE ECHARATE',NULL,'2016-04-29 05:50:31','2016-04-29 05:50:31',''),(1058,18,'','00001058','MUNICIPALIDAD DISTRITAL DE EDUARDO VILLANUEVA',NULL,'2016-04-29 05:50:31','2016-04-29 05:50:31',''),(1059,18,'','00001059','MUNICIPALIDAD DISTRITAL DE EL AGUSTINO',NULL,'2016-04-29 05:50:31','2016-04-29 05:50:31',''),(1060,18,'','00001060','MUNICIPALIDAD DISTRITAL DE EL ALGARROBAL',NULL,'2016-04-29 05:50:31','2016-04-29 05:50:31',''),(1061,18,'','00001061','MUNICIPALIDAD DISTRITAL DE EL ALTO',NULL,'2016-04-29 05:50:31','2016-04-29 05:50:31',''),(1062,18,'','00001062','MUNICIPALIDAD DISTRITAL DE EL CARMEN DE LA FRONTERA',NULL,'2016-04-29 05:50:31','2016-04-29 05:50:31',''),(1063,18,'','00001063','MUNICIPALIDAD DISTRITAL DE EL CARMEN-CHINCHA',NULL,'2016-04-29 05:50:31','2016-04-29 05:50:31',''),(1064,18,'','00001064','MUNICIPALIDAD DISTRITAL DE EL CARMEN-CHURCAMPA',NULL,'2016-04-29 05:50:31','2016-04-29 05:50:31',''),(1065,18,'','00001065','MUNICIPALIDAD DISTRITAL DE EL CENEPA',NULL,'2016-04-29 05:50:31','2016-04-29 05:50:31',''),(1066,18,'','00001066','MUNICIPALIDAD DISTRITAL DE EL ESLABON',NULL,'2016-04-29 05:50:31','2016-04-29 05:50:31',''),(1067,18,'','00001067','MUNICIPALIDAD DISTRITAL DE EL INGENIO',NULL,'2016-04-29 05:50:31','2016-04-29 05:50:31',''),(1068,18,'','00001068','MUNICIPALIDAD DISTRITAL DE EL MANTARO',NULL,'2016-04-29 05:50:31','2016-04-29 05:50:31',''),(1069,18,'','00001069','MUNICIPALIDAD DISTRITAL DE EL MILAGRO',NULL,'2016-04-29 05:50:31','2016-04-29 05:50:31',''),(1070,18,'','00001070','MUNICIPALIDAD DISTRITAL DE EL ORO',NULL,'2016-04-29 05:50:31','2016-04-29 05:50:31',''),(1071,18,'','00001071','MUNICIPALIDAD DISTRITAL DE EL PARCO',NULL,'2016-04-29 05:50:31','2016-04-29 05:50:31',''),(1072,18,'','00001072','MUNICIPALIDAD DISTRITAL DE EL PORVENIR-SAN MARTIN',NULL,'2016-04-29 05:50:31','2016-04-29 05:50:31',''),(1073,18,'','00001073','MUNICIPALIDAD DISTRITAL DE EL PORVENIR-TRUJILLO',NULL,'2016-04-29 05:50:31','2016-04-29 05:50:31',''),(1074,18,'','00001074','MUNICIPALIDAD DISTRITAL DE EL PRADO',NULL,'2016-04-29 05:50:31','2016-04-29 05:50:31',''),(1075,18,'','00001075','MUNICIPALIDAD DISTRITAL DE EL TALLAN',NULL,'2016-04-29 05:50:31','2016-04-29 05:50:31',''),(1076,18,'','00001076','MUNICIPALIDAD DISTRITAL DE EL TAMBO',NULL,'2016-04-29 05:50:31','2016-04-29 05:50:31',''),(1077,18,'','00001077','MUNICIPALIDAD DISTRITAL DE ELEAZAR GUZMAN BARRON',NULL,'2016-04-29 05:50:31','2016-04-29 05:50:31',''),(1078,18,'','00001078','MUNICIPALIDAD DISTRITAL DE ELIAS SOPLIN VARGAS',NULL,'2016-04-29 05:50:31','2016-04-29 05:50:31',''),(1079,18,'','00001079','MUNICIPALIDAD DISTRITAL DE EMILIO SAN MARTIN',NULL,'2016-04-29 05:50:31','2016-04-29 05:50:31',''),(1080,18,'','00001080','MUNICIPALIDAD DISTRITAL DE ENCAÑADA',NULL,'2016-04-29 05:50:31','2016-04-29 05:50:31',''),(1081,18,'','00001081','MUNICIPALIDAD DISTRITAL DE ESTIQUE',NULL,'2016-04-29 05:50:31','2016-04-29 05:50:31',''),(1082,18,'','00001082','MUNICIPALIDAD DISTRITAL DE ESTIQUE-PAMPA',NULL,'2016-04-29 05:50:31','2016-04-29 05:50:31',''),(1083,18,'','00001083','MUNICIPALIDAD DISTRITAL DE ETEN',NULL,'2016-04-29 05:50:31','2016-04-29 05:50:31',''),(1084,18,'','00001084','MUNICIPALIDAD DISTRITAL DE ETEN PUERTO',NULL,'2016-04-29 05:50:31','2016-04-29 05:50:31',''),(1085,18,'','00001085','MUNICIPALIDAD DISTRITAL DE FERNANDO LORES',NULL,'2016-04-29 05:50:31','2016-04-29 05:50:31',''),(1086,18,'','00001086','MUNICIPALIDAD DISTRITAL DE FIDEL OLIVAS ESCUDERO',NULL,'2016-04-29 05:50:31','2016-04-29 05:50:31',''),(1087,18,'','00001087','MUNICIPALIDAD DISTRITAL DE FITZCARRALD',NULL,'2016-04-29 05:50:31','2016-04-29 05:50:31',''),(1088,18,'','00001088','MUNICIPALIDAD DISTRITAL DE FLORENCIA DE MORA',NULL,'2016-04-29 05:50:31','2016-04-29 05:50:31',''),(1089,18,'','00001089','MUNICIPALIDAD DISTRITAL DE FLORIDA',NULL,'2016-04-29 05:50:31','2016-04-29 05:50:31',''),(1090,18,'','00001090','MUNICIPALIDAD DISTRITAL DE FRIAS',NULL,'2016-04-29 05:50:31','2016-04-29 05:50:31',''),(1091,18,'','00001091','MUNICIPALIDAD DISTRITAL DE GAMARRA',NULL,'2016-04-29 05:50:31','2016-04-29 05:50:31',''),(1092,18,'','00001092','MUNICIPALIDAD DISTRITAL DE GORGOR',NULL,'2016-04-29 05:50:31','2016-04-29 05:50:31',''),(1093,18,'','00001093','MUNICIPALIDAD DISTRITAL DE GOYLLARISQUIZGA',NULL,'2016-04-29 05:50:31','2016-04-29 05:50:31',''),(1094,18,'','00001094','MUNICIPALIDAD DISTRITAL DE GRANADA',NULL,'2016-04-29 05:50:31','2016-04-29 05:50:31',''),(1095,18,'','00001095','MUNICIPALIDAD DISTRITAL DE GREGORIO PITA',NULL,'2016-04-29 05:50:31','2016-04-29 05:50:31',''),(1096,18,'','00001096','MUNICIPALIDAD DISTRITAL DE GROCIO PRADO',NULL,'2016-04-29 05:50:31','2016-04-29 05:50:31',''),(1097,18,'','00001097','MUNICIPALIDAD DISTRITAL DE GUADALUPE',NULL,'2016-04-29 05:50:31','2016-04-29 05:50:31',''),(1098,18,'','00001098','MUNICIPALIDAD DISTRITAL DE GUADALUPITO',NULL,'2016-04-29 05:50:31','2016-04-29 05:50:31',''),(1099,18,'','00001099','MUNICIPALIDAD DISTRITAL DE GUZMANGO',NULL,'2016-04-29 05:50:31','2016-04-29 05:50:31',''),(1100,18,'','00001100','MUNICIPALIDAD DISTRITAL DE HABANA',NULL,'2016-04-29 05:50:31','2016-04-29 05:50:31',''),(1101,18,'','00001101','MUNICIPALIDAD DISTRITAL DE HAQUIRA',NULL,'2016-04-29 05:50:31','2016-04-29 05:50:31',''),(1102,18,'','00001102','MUNICIPALIDAD DISTRITAL DE HERMILIO VALDIZAN',NULL,'2016-04-29 05:50:31','2016-04-29 05:50:31',''),(1103,18,'','00001103','MUNICIPALIDAD DISTRITAL DE HEROES ALBARRACIN',NULL,'2016-04-29 05:50:31','2016-04-29 05:50:31',''),(1104,18,'','00001104','MUNICIPALIDAD DISTRITAL DE HEROINAS TOLEDO',NULL,'2016-04-29 05:50:31','2016-04-29 05:50:31',''),(1105,18,'','00001105','MUNICIPALIDAD DISTRITAL DE HONGOS',NULL,'2016-04-29 05:50:31','2016-04-29 05:50:31',''),(1106,18,'','00001106','MUNICIPALIDAD DISTRITAL DE HONORIA',NULL,'2016-04-29 05:50:31','2016-04-29 05:50:31',''),(1107,18,'','00001107','MUNICIPALIDAD DISTRITAL DE HUABAL',NULL,'2016-04-29 05:50:31','2016-04-29 05:50:31',''),(1108,18,'','00001108','MUNICIPALIDAD DISTRITAL DE HUACACHI',NULL,'2016-04-29 05:50:31','2016-04-29 05:50:31',''),(1109,18,'','00001109','MUNICIPALIDAD DISTRITAL DE HUACAÑA',NULL,'2016-04-29 05:50:31','2016-04-29 05:50:31',''),(1110,18,'','00001110','MUNICIPALIDAD DISTRITAL DE HUACAR',NULL,'2016-04-29 05:50:31','2016-04-29 05:50:31',''),(1111,18,'','00001111','MUNICIPALIDAD DISTRITAL DE HUACASCHUQUE',NULL,'2016-04-29 05:50:31','2016-04-29 05:50:31',''),(1112,18,'','00001112','MUNICIPALIDAD DISTRITAL DE HUACCANA',NULL,'2016-04-29 05:50:31','2016-04-29 05:50:31',''),(1113,18,'','00001113','MUNICIPALIDAD DISTRITAL DE HUACCHIS',NULL,'2016-04-29 05:50:31','2016-04-29 05:50:31',''),(1114,18,'','00001114','MUNICIPALIDAD DISTRITAL DE HUACHAC',NULL,'2016-04-29 05:50:31','2016-04-29 05:50:31',''),(1115,18,'','00001115','MUNICIPALIDAD DISTRITAL DE HUACHIS',NULL,'2016-04-29 05:50:31','2016-04-29 05:50:31',''),(1116,18,'','00001116','MUNICIPALIDAD DISTRITAL DE HUACHOCOLPA-HUANCAVELICA',NULL,'2016-04-29 05:50:31','2016-04-29 05:50:31',''),(1117,18,'','00001117','MUNICIPALIDAD DISTRITAL DE HUACHOCOLPA-TAYACAJA',NULL,'2016-04-29 05:50:31','2016-04-29 05:50:31',''),(1118,18,'','00001118','MUNICIPALIDAD DISTRITAL DE HUACHON',NULL,'2016-04-29 05:50:31','2016-04-29 05:50:31',''),(1119,18,'','00001119','MUNICIPALIDAD DISTRITAL DE HUACHOS',NULL,'2016-04-29 05:50:31','2016-04-29 05:50:31',''),(1120,18,'','00001120','MUNICIPALIDAD DISTRITAL DE HUAC-HUAS',NULL,'2016-04-29 05:50:31','2016-04-29 05:50:31',''),(1121,18,'','00001121','MUNICIPALIDAD DISTRITAL DE HUACHUPAMPA',NULL,'2016-04-29 05:50:31','2016-04-29 05:50:31',''),(1122,18,'','00001122','MUNICIPALIDAD DISTRITAL DE HUACLLAN',NULL,'2016-04-29 05:50:31','2016-04-29 05:50:31',''),(1123,18,'','00001123','MUNICIPALIDAD DISTRITAL DE HUACRAPUQUIO',NULL,'2016-04-29 05:50:31','2016-04-29 05:50:31',''),(1124,18,'','00001124','MUNICIPALIDAD DISTRITAL DE HUACULLANI',NULL,'2016-04-29 05:50:31','2016-04-29 05:50:31',''),(1125,18,'','00001125','MUNICIPALIDAD DISTRITAL DE HUALGAYOC',NULL,'2016-04-29 05:50:31','2016-04-29 05:50:31',''),(1126,18,'','00001126','MUNICIPALIDAD DISTRITAL DE HUALHUAS',NULL,'2016-04-29 05:50:31','2016-04-29 05:50:31',''),(1127,18,'','00001127','MUNICIPALIDAD DISTRITAL DE HUALLAGA',NULL,'2016-04-29 05:50:31','2016-04-29 05:50:31',''),(1128,18,'','00001128','MUNICIPALIDAD DISTRITAL DE HUALLANCA-BOLOGNESI',NULL,'2016-04-29 05:50:31','2016-04-29 05:50:31',''),(1129,18,'','00001129','MUNICIPALIDAD DISTRITAL DE HUALLANCA-HUAYLAS',NULL,'2016-04-29 05:50:31','2016-04-29 05:50:31',''),(1130,18,'','00001130','MUNICIPALIDAD DISTRITAL DE HUALMAY',NULL,'2016-04-29 05:50:31','2016-04-29 05:50:31',''),(1131,18,'','00001131','MUNICIPALIDAD DISTRITAL DE HUAMALI',NULL,'2016-04-29 05:50:31','2016-04-29 05:50:31',''),(1132,18,'','00001132','MUNICIPALIDAD DISTRITAL DE HUAMANCACA CHICO',NULL,'2016-04-29 05:50:31','2016-04-29 05:50:31',''),(1133,18,'','00001133','MUNICIPALIDAD DISTRITAL DE HUAMANGUILLA',NULL,'2016-04-29 05:50:31','2016-04-29 05:50:31',''),(1134,18,'','00001134','MUNICIPALIDAD DISTRITAL DE HUAMANQUIQUIA',NULL,'2016-04-29 05:50:31','2016-04-29 05:50:31',''),(1135,18,'','00001135','MUNICIPALIDAD DISTRITAL DE HUAMANTANGA',NULL,'2016-04-29 05:50:31','2016-04-29 05:50:31',''),(1136,18,'','00001136','MUNICIPALIDAD DISTRITAL DE HUAMATAMBO',NULL,'2016-04-29 05:50:31','2016-04-29 05:50:31',''),(1137,18,'','00001137','MUNICIPALIDAD DISTRITAL DE HUAMBALPA',NULL,'2016-04-29 05:50:31','2016-04-29 05:50:31',''),(1138,18,'','00001138','MUNICIPALIDAD DISTRITAL DE HUAMBO-CAYLLOMA',NULL,'2016-04-29 05:50:31','2016-04-29 05:50:31',''),(1139,18,'','00001139','MUNICIPALIDAD DISTRITAL DE HUAMBO-RODRIGUEZ DE MENDOZA',NULL,'2016-04-29 05:50:31','2016-04-29 05:50:31',''),(1140,18,'','00001140','MUNICIPALIDAD DISTRITAL DE HUAMBOS-CHOTA',NULL,'2016-04-29 05:50:31','2016-04-29 05:50:31',''),(1141,18,'','00001141','MUNICIPALIDAD DISTRITAL DE HUAMPARA',NULL,'2016-04-29 05:50:31','2016-04-29 05:50:31',''),(1142,18,'','00001142','MUNICIPALIDAD DISTRITAL DE HUANCA',NULL,'2016-04-29 05:50:31','2016-04-29 05:50:31',''),(1143,18,'','00001143','MUNICIPALIDAD DISTRITAL DE HUANCABAMBA',NULL,'2016-04-29 05:50:31','2016-04-29 05:50:31',''),(1144,18,'','00001144','MUNICIPALIDAD DISTRITAL DE HUANCA-HUANCA',NULL,'2016-04-29 05:50:31','2016-04-29 05:50:31',''),(1145,18,'','00001145','MUNICIPALIDAD DISTRITAL DE HUANCAN',NULL,'2016-04-29 05:50:31','2016-04-29 05:50:31',''),(1146,18,'','00001146','MUNICIPALIDAD DISTRITAL DE HUANCANO',NULL,'2016-04-29 05:50:31','2016-04-29 05:50:31',''),(1147,18,'','00001147','MUNICIPALIDAD DISTRITAL DE HUANCAPON',NULL,'2016-04-29 05:50:31','2016-04-29 05:50:31',''),(1148,18,'','00001148','MUNICIPALIDAD DISTRITAL DE HUANCARAMA',NULL,'2016-04-29 05:50:31','2016-04-29 05:50:31',''),(1149,18,'','00001149','MUNICIPALIDAD DISTRITAL DE HUANCARANI',NULL,'2016-04-29 05:50:31','2016-04-29 05:50:31',''),(1150,18,'','00001150','MUNICIPALIDAD DISTRITAL DE HUANCARAY',NULL,'2016-04-29 05:50:31','2016-04-29 05:50:31',''),(1151,18,'','00001151','MUNICIPALIDAD DISTRITAL DE HUANCARAYLLA',NULL,'2016-04-29 05:50:31','2016-04-29 05:50:31',''),(1152,18,'','00001152','MUNICIPALIDAD DISTRITAL DE HUANCARQUI',NULL,'2016-04-29 05:50:31','2016-04-29 05:50:31',''),(1153,18,'','00001153','MUNICIPALIDAD DISTRITAL DE HUANCAS',NULL,'2016-04-29 05:50:31','2016-04-29 05:50:31',''),(1154,18,'','00001154','MUNICIPALIDAD DISTRITAL DE HUANCASPATA',NULL,'2016-04-29 05:50:31','2016-04-29 05:50:31',''),(1155,18,'','00001155','MUNICIPALIDAD DISTRITAL DE HUANCAYA',NULL,'2016-04-29 05:50:31','2016-04-29 05:50:31',''),(1156,18,'','00001156','MUNICIPALIDAD DISTRITAL DE HUANCHACO',NULL,'2016-04-29 05:50:31','2016-04-29 05:50:31',''),(1157,18,'','00001157','MUNICIPALIDAD DISTRITAL DE HUANCHAY',NULL,'2016-04-29 05:50:31','2016-04-29 05:50:31',''),(1158,18,'','00001158','MUNICIPALIDAD DISTRITAL DE HUANDO',NULL,'2016-04-29 05:50:31','2016-04-29 05:50:31',''),(1159,18,'','00001159','MUNICIPALIDAD DISTRITAL DE HUANDOVAL',NULL,'2016-04-29 05:50:31','2016-04-29 05:50:31',''),(1160,18,'','00001160','MUNICIPALIDAD DISTRITAL DE HUANGASCAR',NULL,'2016-04-29 05:50:31','2016-04-29 05:50:31',''),(1161,18,'','00001161','MUNICIPALIDAD DISTRITAL DE HUANIPACA',NULL,'2016-04-29 05:50:31','2016-04-29 05:50:31',''),(1162,18,'','00001162','MUNICIPALIDAD DISTRITAL DE HUANOQUITE',NULL,'2016-04-29 05:50:31','2016-04-29 05:50:31',''),(1163,18,'','00001163','MUNICIPALIDAD DISTRITAL DE HUANTAN',NULL,'2016-04-29 05:50:31','2016-04-29 05:50:31',''),(1164,18,'','00001164','MUNICIPALIDAD DISTRITAL DE HUANTAR',NULL,'2016-04-29 05:50:31','2016-04-29 05:50:31',''),(1165,18,'','00001165','MUNICIPALIDAD DISTRITAL DE HUANUARA',NULL,'2016-04-29 05:50:31','2016-04-29 05:50:31',''),(1166,18,'','00001166','MUNICIPALIDAD DISTRITAL DE HUANUHUANU',NULL,'2016-04-29 05:50:31','2016-04-29 05:50:31',''),(1167,18,'','00001167','MUNICIPALIDAD DISTRITAL DE HUANZA',NULL,'2016-04-29 05:50:31','2016-04-29 05:50:31',''),(1168,18,'','00001168','MUNICIPALIDAD DISTRITAL DE HUAÑEC',NULL,'2016-04-29 05:50:31','2016-04-29 05:50:31',''),(1169,18,'','00001169','MUNICIPALIDAD DISTRITAL DE HUAQUIRCA',NULL,'2016-04-29 05:50:31','2016-04-29 05:50:31',''),(1170,18,'','00001170','MUNICIPALIDAD DISTRITAL DE HUARANCHAL',NULL,'2016-04-29 05:50:31','2016-04-29 05:50:31',''),(1171,18,'','00001171','MUNICIPALIDAD DISTRITAL DE HUARANGO',NULL,'2016-04-29 05:50:31','2016-04-29 05:50:31',''),(1172,18,'','00001172','MUNICIPALIDAD DISTRITAL DE HUARIACA',NULL,'2016-04-29 05:50:31','2016-04-29 05:50:31',''),(1173,18,'','00001173','MUNICIPALIDAD DISTRITAL DE HUARIBAMBA',NULL,'2016-04-29 05:50:31','2016-04-29 05:50:31',''),(1174,18,'','00001174','MUNICIPALIDAD DISTRITAL DE HUARICOLCA',NULL,'2016-04-29 05:50:31','2016-04-29 05:50:31',''),(1175,18,'','00001175','MUNICIPALIDAD DISTRITAL DE HUARIPAMPA',NULL,'2016-04-29 05:50:31','2016-04-29 05:50:31',''),(1176,18,'','00001176','MUNICIPALIDAD DISTRITAL DE HUARMACA',NULL,'2016-04-29 05:50:31','2016-04-29 05:50:31',''),(1177,18,'','00001177','MUNICIPALIDAD DISTRITAL DE HUARO',NULL,'2016-04-29 05:50:31','2016-04-29 05:50:31',''),(1178,18,'','00001178','MUNICIPALIDAD DISTRITAL DE HUAROCHIRI',NULL,'2016-04-29 05:50:31','2016-04-29 05:50:31',''),(1179,18,'','00001179','MUNICIPALIDAD DISTRITAL DE HUAROCONDO',NULL,'2016-04-29 05:50:31','2016-04-29 05:50:31',''),(1180,18,'','00001180','MUNICIPALIDAD DISTRITAL DE HUAROS',NULL,'2016-04-29 05:50:31','2016-04-29 05:50:31',''),(1181,18,'','00001181','MUNICIPALIDAD DISTRITAL DE HUASAHUASI',NULL,'2016-04-29 05:50:31','2016-04-29 05:50:31',''),(1182,18,'','00001182','MUNICIPALIDAD DISTRITAL DE HUASICANCHA',NULL,'2016-04-29 05:50:31','2016-04-29 05:50:31',''),(1183,18,'','00001183','MUNICIPALIDAD DISTRITAL DE HUASMIN',NULL,'2016-04-29 05:50:31','2016-04-29 05:50:31',''),(1184,18,'','00001184','MUNICIPALIDAD DISTRITAL DE HUASO',NULL,'2016-04-29 05:50:31','2016-04-29 05:50:31',''),(1185,18,'','00001185','MUNICIPALIDAD DISTRITAL DE HUASTA',NULL,'2016-04-29 05:50:31','2016-04-29 05:50:31',''),(1186,18,'','00001186','MUNICIPALIDAD DISTRITAL DE HUATA-HUAYLAS',NULL,'2016-04-29 05:50:31','2016-04-29 05:50:31',''),(1187,18,'','00001187','MUNICIPALIDAD DISTRITAL DE HUATA-PUNO',NULL,'2016-04-29 05:50:31','2016-04-29 05:50:31',''),(1188,18,'','00001188','MUNICIPALIDAD DISTRITAL DE HUATASANI',NULL,'2016-04-29 05:50:31','2016-04-29 05:50:31',''),(1189,18,'','00001189','MUNICIPALIDAD DISTRITAL DE HUAURA',NULL,'2016-04-29 05:50:31','2016-04-29 05:50:31',''),(1190,18,'','00001190','MUNICIPALIDAD DISTRITAL DE HUAYA',NULL,'2016-04-29 05:50:31','2016-04-29 05:50:31',''),(1191,18,'','00001191','MUNICIPALIDAD DISTRITAL DE HUAYACUNDO ARMA',NULL,'2016-04-29 05:50:31','2016-04-29 05:50:31',''),(1192,18,'','00001192','MUNICIPALIDAD DISTRITAL DE HUAYAN',NULL,'2016-04-29 05:50:31','2016-04-29 05:50:31',''),(1193,18,'','00001193','MUNICIPALIDAD DISTRITAL DE HUAYANA',NULL,'2016-04-29 05:50:31','2016-04-29 05:50:31',''),(1194,18,'','00001194','MUNICIPALIDAD DISTRITAL DE HUAY-HUAY',NULL,'2016-04-29 05:50:31','2016-04-29 05:50:31',''),(1195,18,'','00001195','MUNICIPALIDAD DISTRITAL DE HUAYLAS',NULL,'2016-04-29 05:50:31','2016-04-29 05:50:31',''),(1196,18,'','00001196','MUNICIPALIDAD DISTRITAL DE HUAYLILLAS',NULL,'2016-04-29 05:50:31','2016-04-29 05:50:31',''),(1197,18,'','00001197','MUNICIPALIDAD DISTRITAL DE HUAYLLABAMBA-SIHUAS',NULL,'2016-04-29 05:50:31','2016-04-29 05:50:31',''),(1198,18,'','00001198','MUNICIPALIDAD DISTRITAL DE HUAYLLABAMBA-URUBAMBA',NULL,'2016-04-29 05:50:31','2016-04-29 05:50:31',''),(1199,18,'','00001199','MUNICIPALIDAD DISTRITAL DE HUAYLLACAYAN',NULL,'2016-04-29 05:50:31','2016-04-29 05:50:31',''),(1200,18,'','00001200','MUNICIPALIDAD DISTRITAL DE HUAYLLAHUARA',NULL,'2016-04-29 05:50:31','2016-04-29 05:50:31',''),(1201,18,'','00001201','MUNICIPALIDAD DISTRITAL DE HUAYLLAN',NULL,'2016-04-29 05:50:31','2016-04-29 05:50:31',''),(1202,18,'','00001202','MUNICIPALIDAD DISTRITAL DE HUAYLLAPAMPA',NULL,'2016-04-29 05:50:31','2016-04-29 05:50:31',''),(1203,18,'','00001203','MUNICIPALIDAD DISTRITAL DE HUAYLLATI',NULL,'2016-04-29 05:50:31','2016-04-29 05:50:31',''),(1204,18,'','00001204','MUNICIPALIDAD DISTRITAL DE HUAYLLAY',NULL,'2016-04-29 05:50:31','2016-04-29 05:50:31',''),(1205,18,'','00001205','MUNICIPALIDAD DISTRITAL DE HUAYLLAY GRANDE',NULL,'2016-04-29 05:50:31','2016-04-29 05:50:31',''),(1206,18,'','00001206','MUNICIPALIDAD DISTRITAL DE HUAYLLO',NULL,'2016-04-29 05:50:31','2016-04-29 05:50:31',''),(1207,18,'','00001207','MUNICIPALIDAD DISTRITAL DE HUAYNACOTAS',NULL,'2016-04-29 05:50:31','2016-04-29 05:50:31',''),(1208,18,'','00001208','MUNICIPALIDAD DISTRITAL DE HUAYO',NULL,'2016-04-29 05:50:31','2016-04-29 05:50:31',''),(1209,18,'','00001209','MUNICIPALIDAD DISTRITAL DE HUAYOPATA',NULL,'2016-04-29 05:50:31','2016-04-29 05:50:31',''),(1210,18,'','00001210','MUNICIPALIDAD DISTRITAL DE HUAYRAPATA',NULL,'2016-04-29 05:50:31','2016-04-29 05:50:31',''),(1211,18,'','00001211','MUNICIPALIDAD DISTRITAL DE HUAYUCACHI',NULL,'2016-04-29 05:50:31','2016-04-29 05:50:31',''),(1212,18,'','00001212','MUNICIPALIDAD DISTRITAL DE HUEPETUHE',NULL,'2016-04-29 05:50:31','2016-04-29 05:50:31',''),(1213,18,'','00001213','MUNICIPALIDAD DISTRITAL DE HUERTAS',NULL,'2016-04-29 05:50:31','2016-04-29 05:50:31',''),(1214,18,'','00001214','MUNICIPALIDAD DISTRITAL DE HUICUNGO',NULL,'2016-04-29 05:50:31','2016-04-29 05:50:31',''),(1215,18,'','00001215','MUNICIPALIDAD DISTRITAL DE HUIMBAYOC',NULL,'2016-04-29 05:50:31','2016-04-29 05:50:31',''),(1216,18,'','00001216','MUNICIPALIDAD DISTRITAL DE HUMAY',NULL,'2016-04-29 05:50:31','2016-04-29 05:50:31',''),(1217,18,'','00001217','MUNICIPALIDAD DISTRITAL DE IBERIA',NULL,'2016-04-29 05:50:31','2016-04-29 05:50:31',''),(1218,18,'','00001218','MUNICIPALIDAD DISTRITAL DE ICHOCAN',NULL,'2016-04-29 05:50:31','2016-04-29 05:50:31',''),(1219,18,'','00001219','MUNICIPALIDAD DISTRITAL DE ICHUÑA',NULL,'2016-04-29 05:50:31','2016-04-29 05:50:31',''),(1220,18,'','00001220','MUNICIPALIDAD DISTRITAL DE ICHUPAMPA',NULL,'2016-04-29 05:50:31','2016-04-29 05:50:31',''),(1221,18,'','00001221','MUNICIPALIDAD DISTRITAL DE IGNACIO ESCUDERO',NULL,'2016-04-29 05:50:31','2016-04-29 05:50:31',''),(1222,18,'','00001222','MUNICIPALIDAD DISTRITAL DE IGUAIN',NULL,'2016-04-29 05:50:31','2016-04-29 05:50:31',''),(1223,18,'','00001223','MUNICIPALIDAD DISTRITAL DE IHUARI',NULL,'2016-04-29 05:50:31','2016-04-29 05:50:31',''),(1224,18,'','00001224','MUNICIPALIDAD DISTRITAL DE ILABAYA',NULL,'2016-04-29 05:50:31','2016-04-29 05:50:31',''),(1225,18,'','00001225','MUNICIPALIDAD DISTRITAL DE ILLIMO',NULL,'2016-04-29 05:50:31','2016-04-29 05:50:31',''),(1226,18,'','00001226','MUNICIPALIDAD DISTRITAL DE IMAZA',NULL,'2016-04-29 05:50:31','2016-04-29 05:50:31',''),(1227,18,'','00001227','MUNICIPALIDAD DISTRITAL DE IMPERIAL',NULL,'2016-04-29 05:50:31','2016-04-29 05:50:31',''),(1228,18,'','00001228','MUNICIPALIDAD DISTRITAL DE INAHUAYA',NULL,'2016-04-29 05:50:31','2016-04-29 05:50:31',''),(1229,18,'','00001229','MUNICIPALIDAD DISTRITAL DE INAMBARI',NULL,'2016-04-29 05:50:31','2016-04-29 05:50:31',''),(1230,18,'','00001230','MUNICIPALIDAD DISTRITAL DE INCAHUASI',NULL,'2016-04-29 05:50:31','2016-04-29 05:50:31',''),(1231,18,'','00001231','MUNICIPALIDAD DISTRITAL DE INCHUPALLA',NULL,'2016-04-29 05:50:31','2016-04-29 05:50:31',''),(1232,18,'','00001232','MUNICIPALIDAD DISTRITAL DE INCLAN',NULL,'2016-04-29 05:50:31','2016-04-29 05:50:31',''),(1233,18,'','00001233','MUNICIPALIDAD DISTRITAL DE INDEPENDENCIA',NULL,'2016-04-29 05:50:31','2016-04-29 05:50:31',''),(1234,18,'','00001234','MUNICIPALIDAD DISTRITAL DE INDEPENDENCIA-HUARAZ',NULL,'2016-04-29 05:50:31','2016-04-29 05:50:31',''),(1235,18,'','00001235','MUNICIPALIDAD DISTRITAL DE INDEPENDENCIA-PISCO',NULL,'2016-04-29 05:50:31','2016-04-29 05:50:31',''),(1236,18,'','00001236','MUNICIPALIDAD DISTRITAL DE INDEPENDENCIA-VILCAS HUAMAN',NULL,'2016-04-29 05:50:31','2016-04-29 05:50:31',''),(1237,18,'','00001237','MUNICIPALIDAD DISTRITAL DE INDIANA',NULL,'2016-04-29 05:50:31','2016-04-29 05:50:31',''),(1238,18,'','00001238','MUNICIPALIDAD DISTRITAL DE INGENIO',NULL,'2016-04-29 05:50:31','2016-04-29 05:50:31',''),(1239,18,'','00001239','MUNICIPALIDAD DISTRITAL DE INGUILPATA',NULL,'2016-04-29 05:50:31','2016-04-29 05:50:31',''),(1240,18,'','00001240','MUNICIPALIDAD DISTRITAL DE IPARIA',NULL,'2016-04-29 05:50:31','2016-04-29 05:50:31',''),(1241,18,'','00001241','MUNICIPALIDAD DISTRITAL DE IRAY',NULL,'2016-04-29 05:50:31','2016-04-29 05:50:31',''),(1242,18,'','00001242','MUNICIPALIDAD DISTRITAL DE IRAZOLA',NULL,'2016-04-29 05:50:31','2016-04-29 05:50:31',''),(1243,18,'','00001243','MUNICIPALIDAD DISTRITAL DE ISLAY',NULL,'2016-04-29 05:50:31','2016-04-29 05:50:31',''),(1244,18,'','00001244','MUNICIPALIDAD DISTRITAL DE ITE',NULL,'2016-04-29 05:50:31','2016-04-29 05:50:31',''),(1245,18,'','00001245','MUNICIPALIDAD DISTRITAL DE ITUATA',NULL,'2016-04-29 05:50:31','2016-04-29 05:50:31',''),(1246,18,'','00001246','MUNICIPALIDAD DISTRITAL DE IZCUCHACA',NULL,'2016-04-29 05:50:31','2016-04-29 05:50:31',''),(1247,18,'','00001247','MUNICIPALIDAD DISTRITAL DE JACAS CHICO',NULL,'2016-04-29 05:50:31','2016-04-29 05:50:31',''),(1248,18,'','00001248','MUNICIPALIDAD DISTRITAL DE JACAS GRANDE',NULL,'2016-04-29 05:50:31','2016-04-29 05:50:31',''),(1249,18,'','00001249','MUNICIPALIDAD DISTRITAL DE JACOBO HUNTER',NULL,'2016-04-29 05:50:31','2016-04-29 05:50:31',''),(1250,18,'','00001250','MUNICIPALIDAD DISTRITAL DE JAMALCA',NULL,'2016-04-29 05:50:31','2016-04-29 05:50:31',''),(1251,18,'','00001251','MUNICIPALIDAD DISTRITAL DE JANGAS',NULL,'2016-04-29 05:50:31','2016-04-29 05:50:31',''),(1252,18,'','00001252','MUNICIPALIDAD DISTRITAL DE JANJAILLO',NULL,'2016-04-29 05:50:31','2016-04-29 05:50:31',''),(1253,18,'','00001253','MUNICIPALIDAD DISTRITAL DE JAQUI',NULL,'2016-04-29 05:50:31','2016-04-29 05:50:31',''),(1254,18,'','00001254','MUNICIPALIDAD DISTRITAL DE JAYANCA',NULL,'2016-04-29 05:50:31','2016-04-29 05:50:31',''),(1255,18,'','00001255','MUNICIPALIDAD DISTRITAL DE JAZAN',NULL,'2016-04-29 05:50:31','2016-04-29 05:50:31',''),(1256,18,'','00001256','MUNICIPALIDAD DISTRITAL DE JEBEROS',NULL,'2016-04-29 05:50:31','2016-04-29 05:50:31',''),(1257,18,'','00001257','MUNICIPALIDAD DISTRITAL DE JENARO HERRERA',NULL,'2016-04-29 05:50:31','2016-04-29 05:50:31',''),(1258,18,'','00001258','MUNICIPALIDAD DISTRITAL DE JEPELACIO',NULL,'2016-04-29 05:50:31','2016-04-29 05:50:31',''),(1259,18,'','00001259','MUNICIPALIDAD DISTRITAL DE JEQUETEPEQUE',NULL,'2016-04-29 05:50:31','2016-04-29 05:50:31',''),(1260,18,'','00001260','MUNICIPALIDAD DISTRITAL DE JESUS',NULL,'2016-04-29 05:50:31','2016-04-29 05:50:31',''),(1261,18,'','00001261','MUNICIPALIDAD DISTRITAL DE JESUS MARIA',NULL,'2016-04-29 05:50:31','2016-04-29 05:50:31',''),(1262,18,'','00001262','MUNICIPALIDAD DISTRITAL DE JESUS NAZARENO',NULL,'2016-04-29 05:50:31','2016-04-29 05:50:31',''),(1263,18,'','00001263','MUNICIPALIDAD DISTRITAL DE JILILI',NULL,'2016-04-29 05:50:31','2016-04-29 05:50:31',''),(1264,18,'','00001264','MUNICIPALIDAD DISTRITAL DE JIRCAN',NULL,'2016-04-29 05:50:31','2016-04-29 05:50:31',''),(1265,18,'','00001265','MUNICIPALIDAD DISTRITAL DE JIVIA',NULL,'2016-04-29 05:50:31','2016-04-29 05:50:31',''),(1266,18,'','00001266','MUNICIPALIDAD DISTRITAL DE JORGE CHAVEZ',NULL,'2016-04-29 05:50:31','2016-04-29 05:50:31',''),(1267,18,'','00001267','MUNICIPALIDAD DISTRITAL DE JOSE CRESPO Y CASTILLO',NULL,'2016-04-29 05:50:31','2016-04-29 05:50:31',''),(1268,18,'','00001268','MUNICIPALIDAD DISTRITAL DE JOSE DOMINGO CHOQUEHUANCA',NULL,'2016-04-29 05:50:31','2016-04-29 05:50:31',''),(1269,18,'','00001269','MUNICIPALIDAD DISTRITAL DE JOSE GALVEZ',NULL,'2016-04-29 05:50:31','2016-04-29 05:50:31',''),(1270,18,'','00001270','MUNICIPALIDAD DISTRITAL DE JOSE LEONARDO ORTIZ',NULL,'2016-04-29 05:50:31','2016-04-29 05:50:31',''),(1271,18,'','00001271','MUNICIPALIDAD DISTRITAL DE JOSE LUIS BUSTAMANTE Y RIVERO',NULL,'2016-04-29 05:50:31','2016-04-29 05:50:31',''),(1272,18,'','00001272','MUNICIPALIDAD DISTRITAL DE JOSE MANUEL QUIROZ',NULL,'2016-04-29 05:50:31','2016-04-29 05:50:31',''),(1273,18,'','00001273','MUNICIPALIDAD DISTRITAL DE JOSE MARIA QUIMPER',NULL,'2016-04-29 05:50:31','2016-04-29 05:50:31',''),(1274,18,'','00001274','MUNICIPALIDAD DISTRITAL DE JOSE SABOGAL',NULL,'2016-04-29 05:50:31','2016-04-29 05:50:31',''),(1275,18,'','00001275','MUNICIPALIDAD DISTRITAL DE JUAN ESPINOZA MEDRANO',NULL,'2016-04-29 05:50:31','2016-04-29 05:50:31',''),(1276,18,'','00001276','MUNICIPALIDAD DISTRITAL DE JUAN GUERRA',NULL,'2016-04-29 05:50:31','2016-04-29 05:50:31',''),(1277,18,'','00001277','MUNICIPALIDAD DISTRITAL DE JULCAMARCA',NULL,'2016-04-29 05:50:31','2016-04-29 05:50:31',''),(1278,18,'','00001278','MUNICIPALIDAD DISTRITAL DE JULCAN',NULL,'2016-04-29 05:50:31','2016-04-29 05:50:31',''),(1279,18,'','00001279','MUNICIPALIDAD DISTRITAL DE JUSTO APU SAHUARAURA',NULL,'2016-04-29 05:50:31','2016-04-29 05:50:31',''),(1280,18,'','00001280','MUNICIPALIDAD DISTRITAL DE KAQUIABAMBA',NULL,'2016-04-29 05:50:31','2016-04-29 05:50:31',''),(1281,18,'','00001281','MUNICIPALIDAD DISTRITAL DE KELLUYO',NULL,'2016-04-29 05:50:31','2016-04-29 05:50:31',''),(1282,18,'','00001282','MUNICIPALIDAD DISTRITAL DE KIMBIRI',NULL,'2016-04-29 05:50:31','2016-04-29 05:50:31',''),(1283,18,'','00001283','MUNICIPALIDAD DISTRITAL DE KISHUARA',NULL,'2016-04-29 05:50:31','2016-04-29 05:50:31',''),(1284,18,'','00001284','MUNICIPALIDAD DISTRITAL DE KOSÑIPATA',NULL,'2016-04-29 05:50:31','2016-04-29 05:50:31',''),(1285,18,'','00001285','MUNICIPALIDAD DISTRITAL DE KUNTURKANKI',NULL,'2016-04-29 05:50:31','2016-04-29 05:50:31',''),(1286,18,'','00001286','MUNICIPALIDAD DISTRITAL DE LA ARENA',NULL,'2016-04-29 05:50:31','2016-04-29 05:50:31',''),(1287,18,'','00001287','MUNICIPALIDAD DISTRITAL DE LA BANDA DE SHILCAYO',NULL,'2016-04-29 05:50:31','2016-04-29 05:50:31',''),(1288,18,'','00001288','MUNICIPALIDAD DISTRITAL DE LA BREA',NULL,'2016-04-29 05:50:31','2016-04-29 05:50:31',''),(1289,18,'','00001289','MUNICIPALIDAD DISTRITAL DE LA CAPILLA',NULL,'2016-04-29 05:50:31','2016-04-29 05:50:31',''),(1290,18,'','00001290','MUNICIPALIDAD DISTRITAL DE LA COIPA',NULL,'2016-04-29 05:50:31','2016-04-29 05:50:31',''),(1291,18,'','00001291','MUNICIPALIDAD DISTRITAL DE LA CRUZ',NULL,'2016-04-29 05:50:31','2016-04-29 05:50:31',''),(1292,18,'','00001292','MUNICIPALIDAD DISTRITAL DE LA CUESTA',NULL,'2016-04-29 05:50:31','2016-04-29 05:50:31',''),(1293,18,'','00001293','MUNICIPALIDAD DISTRITAL DE LA ESPERANZA-SANTA CRUZ',NULL,'2016-04-29 05:50:31','2016-04-29 05:50:31',''),(1294,18,'','00001294','MUNICIPALIDAD DISTRITAL DE LA ESPERANZA-TRUJILLO',NULL,'2016-04-29 05:50:31','2016-04-29 05:50:31',''),(1295,18,'','00001295','MUNICIPALIDAD DISTRITAL DE LA FLORIDA',NULL,'2016-04-29 05:50:31','2016-04-29 05:50:31',''),(1296,18,'','00001296','MUNICIPALIDAD DISTRITAL DE LA HUACA',NULL,'2016-04-29 05:50:31','2016-04-29 05:50:31',''),(1297,18,'','00001297','MUNICIPALIDAD DISTRITAL DE LA JALCA',NULL,'2016-04-29 05:50:31','2016-04-29 05:50:31',''),(1298,18,'','00001298','MUNICIPALIDAD DISTRITAL DE LA JOYA',NULL,'2016-04-29 05:50:31','2016-04-29 05:50:31',''),(1299,18,'','00001299','MUNICIPALIDAD DISTRITAL DE LA LIBERTAD',NULL,'2016-04-29 05:50:31','2016-04-29 05:50:31',''),(1300,18,'','00001300','MUNICIPALIDAD DISTRITAL DE LA LIBERTAD DE PALLAN',NULL,'2016-04-29 05:50:31','2016-04-29 05:50:31',''),(1301,18,'','00001301','MUNICIPALIDAD DISTRITAL DE LA MATANZA',NULL,'2016-04-29 05:50:31','2016-04-29 05:50:31',''),(1302,18,'','00001302','MUNICIPALIDAD DISTRITAL DE LA MERCED-AIJA',NULL,'2016-04-29 05:50:31','2016-04-29 05:50:31',''),(1303,18,'','00001303','MUNICIPALIDAD DISTRITAL DE LA MERCED-CHURCAMPA',NULL,'2016-04-29 05:50:31','2016-04-29 05:50:31',''),(1304,18,'','00001304','MUNICIPALIDAD DISTRITAL DE LA MOLINA',NULL,'2016-04-29 05:50:31','2016-04-29 05:50:31',''),(1305,18,'','00001305','MUNICIPALIDAD DISTRITAL DE LA PAMPA-CORONGO',NULL,'2016-04-29 05:50:31','2016-04-29 05:50:31',''),(1306,18,'','00001306','MUNICIPALIDAD DISTRITAL DE LA PECA',NULL,'2016-04-29 05:50:31','2016-04-29 05:50:31',''),(1307,18,'','00001307','MUNICIPALIDAD DISTRITAL DE LA PERLA',NULL,'2016-04-29 05:50:31','2016-04-29 05:50:31',''),(1308,18,'','00001308','MUNICIPALIDAD DISTRITAL DE LA PRIMAVERA',NULL,'2016-04-29 05:50:31','2016-04-29 05:50:31',''),(1309,18,'','00001309','MUNICIPALIDAD DISTRITAL DE LA PUNTA',NULL,'2016-04-29 05:50:31','2016-04-29 05:50:31',''),(1310,18,'','00001310','MUNICIPALIDAD DISTRITAL DE LA RAMADA',NULL,'2016-04-29 05:50:31','2016-04-29 05:50:31',''),(1311,18,'','00001311','MUNICIPALIDAD DISTRITAL DE LA TINGUIÑA',NULL,'2016-04-29 05:50:31','2016-04-29 05:50:31',''),(1312,18,'','00001312','MUNICIPALIDAD DISTRITAL DE LA UNION-PIURA',NULL,'2016-04-29 05:50:31','2016-04-29 05:50:31',''),(1313,18,'','00001313','MUNICIPALIDAD DISTRITAL DE LA UNION-TARMA',NULL,'2016-04-29 05:50:31','2016-04-29 05:50:31',''),(1314,18,'','00001314','MUNICIPALIDAD DISTRITAL DE LA VICTORIA-CHICLAYO',NULL,'2016-04-29 05:50:31','2016-04-29 05:50:31',''),(1315,18,'','00001315','MUNICIPALIDAD DISTRITAL DE LA VICTORIA-LIMA',NULL,'2016-04-29 05:50:31','2016-04-29 05:50:31',''),(1316,18,'','00001316','MUNICIPALIDAD DISTRITAL DE LABERINTO',NULL,'2016-04-29 05:50:31','2016-04-29 05:50:31',''),(1317,18,'','00001317','MUNICIPALIDAD DISTRITAL DE LACABAMBA',NULL,'2016-04-29 05:50:31','2016-04-29 05:50:31',''),(1318,18,'','00001318','MUNICIPALIDAD DISTRITAL DE LACHAQUI',NULL,'2016-04-29 05:50:31','2016-04-29 05:50:31',''),(1319,18,'','00001319','MUNICIPALIDAD DISTRITAL DE LAGUNAS-ALTO AMAZONAS',NULL,'2016-04-29 05:50:31','2016-04-29 05:50:31',''),(1320,18,'','00001320','MUNICIPALIDAD DISTRITAL DE LAGUNAS-AYABACA',NULL,'2016-04-29 05:50:31','2016-04-29 05:50:31',''),(1321,18,'','00001321','MUNICIPALIDAD DISTRITAL DE LAGUNAS-CHICLAYO',NULL,'2016-04-29 05:50:31','2016-04-29 05:50:31',''),(1322,18,'','00001322','MUNICIPALIDAD DISTRITAL DE LAHUAYTAMBO',NULL,'2016-04-29 05:50:31','2016-04-29 05:50:31',''),(1323,18,'','00001323','MUNICIPALIDAD DISTRITAL DE LAJAS',NULL,'2016-04-29 05:50:31','2016-04-29 05:50:31',''),(1324,18,'','00001324','MUNICIPALIDAD DISTRITAL DE LALAQUIZ',NULL,'2016-04-29 05:50:31','2016-04-29 05:50:31',''),(1325,18,'','00001325','MUNICIPALIDAD DISTRITAL DE LAMAY',NULL,'2016-04-29 05:50:31','2016-04-29 05:50:31',''),(1326,18,'','00001326','MUNICIPALIDAD DISTRITAL DE LAMBRAMA',NULL,'2016-04-29 05:50:31','2016-04-29 05:50:31',''),(1327,18,'','00001327','MUNICIPALIDAD DISTRITAL DE LAMPA',NULL,'2016-04-29 05:50:31','2016-04-29 05:50:31',''),(1328,18,'','00001328','MUNICIPALIDAD DISTRITAL DE LAMPIAN',NULL,'2016-04-29 05:50:31','2016-04-29 05:50:31',''),(1329,18,'','00001329','MUNICIPALIDAD DISTRITAL DE LANCONES',NULL,'2016-04-29 05:50:31','2016-04-29 05:50:31',''),(1330,18,'','00001330','MUNICIPALIDAD DISTRITAL DE LANGA',NULL,'2016-04-29 05:50:31','2016-04-29 05:50:31',''),(1331,18,'','00001331','MUNICIPALIDAD DISTRITAL DE LANGUI',NULL,'2016-04-29 05:50:31','2016-04-29 05:50:31',''),(1332,18,'','00001332','MUNICIPALIDAD DISTRITAL DE LARAMARCA',NULL,'2016-04-29 05:50:31','2016-04-29 05:50:31',''),(1333,18,'','00001333','MUNICIPALIDAD DISTRITAL DE LARAMATE',NULL,'2016-04-29 05:50:31','2016-04-29 05:50:31',''),(1334,18,'','00001334','MUNICIPALIDAD DISTRITAL DE LARAOS-HUAROCHIRI',NULL,'2016-04-29 05:50:31','2016-04-29 05:50:31',''),(1335,18,'','00001335','MUNICIPALIDAD DISTRITAL DE LARAOS-YAUYOS',NULL,'2016-04-29 05:50:31','2016-04-29 05:50:31',''),(1336,18,'','00001336','MUNICIPALIDAD DISTRITAL DE LAREDO',NULL,'2016-04-29 05:50:31','2016-04-29 05:50:31',''),(1337,18,'','00001337','MUNICIPALIDAD DISTRITAL DE LARES',NULL,'2016-04-29 05:50:31','2016-04-29 05:50:31',''),(1338,18,'','00001338','MUNICIPALIDAD DISTRITAL DE LARI',NULL,'2016-04-29 05:50:31','2016-04-29 05:50:31',''),(1339,18,'','00001339','MUNICIPALIDAD DISTRITAL DE LARIA',NULL,'2016-04-29 05:50:31','2016-04-29 05:50:31',''),(1340,18,'','00001340','MUNICIPALIDAD DISTRITAL DE LAS AMAZONAS',NULL,'2016-04-29 05:50:31','2016-04-29 05:50:31',''),(1341,18,'','00001341','MUNICIPALIDAD DISTRITAL DE LAS LOMAS-PIURA',NULL,'2016-04-29 05:50:31','2016-04-29 05:50:31',''),(1342,18,'','00001342','MUNICIPALIDAD DISTRITAL DE LAS PIEDRAS',NULL,'2016-04-29 05:50:31','2016-04-29 05:50:31',''),(1343,18,'','00001343','MUNICIPALIDAD DISTRITAL DE LAS PIRIAS',NULL,'2016-04-29 05:50:31','2016-04-29 05:50:31',''),(1344,18,'','00001344','MUNICIPALIDAD DISTRITAL DE LAYO',NULL,'2016-04-29 05:50:31','2016-04-29 05:50:31',''),(1345,18,'','00001345','MUNICIPALIDAD DISTRITAL DE LEIMEBAMBA',NULL,'2016-04-29 05:50:31','2016-04-29 05:50:31',''),(1346,18,'','00001346','MUNICIPALIDAD DISTRITAL DE LEONCIO PRADO-HUAURA',NULL,'2016-04-29 05:50:31','2016-04-29 05:50:31',''),(1347,18,'','00001347','MUNICIPALIDAD DISTRITAL DE LEONCIO PRADO-LUCANAS',NULL,'2016-04-29 05:50:31','2016-04-29 05:50:31',''),(1348,18,'','00001348','MUNICIPALIDAD DISTRITAL DE LEONOR ORDOÑEZ',NULL,'2016-04-29 05:50:31','2016-04-29 05:50:31',''),(1349,18,'','00001349','MUNICIPALIDAD DISTRITAL DE LEVANTO',NULL,'2016-04-29 05:50:31','2016-04-29 05:50:31',''),(1350,18,'','00001350','MUNICIPALIDAD DISTRITAL DE LIMABAMBA',NULL,'2016-04-29 05:50:31','2016-04-29 05:50:31',''),(1351,18,'','00001351','MUNICIPALIDAD DISTRITAL DE LIMATAMBO',NULL,'2016-04-29 05:50:31','2016-04-29 05:50:31',''),(1352,18,'','00001352','MUNICIPALIDAD DISTRITAL DE LIMBANI',NULL,'2016-04-29 05:50:31','2016-04-29 05:50:31',''),(1353,18,'','00001353','MUNICIPALIDAD DISTRITAL DE LINCE',NULL,'2016-04-29 05:50:31','2016-04-29 05:50:31',''),(1354,18,'','00001354','MUNICIPALIDAD DISTRITAL DE LINCHA',NULL,'2016-04-29 05:50:31','2016-04-29 05:50:31',''),(1355,18,'','00001355','MUNICIPALIDAD DISTRITAL DE LIVITACA',NULL,'2016-04-29 05:50:31','2016-04-29 05:50:31',''),(1356,18,'','00001356','MUNICIPALIDAD DISTRITAL DE LLACANORA',NULL,'2016-04-29 05:50:31','2016-04-29 05:50:31',''),(1357,18,'','00001357','MUNICIPALIDAD DISTRITAL DE LLACLLIN',NULL,'2016-04-29 05:50:31','2016-04-29 05:50:31',''),(1358,18,'','00001358','MUNICIPALIDAD DISTRITAL DE LLALLI',NULL,'2016-04-29 05:50:31','2016-04-29 05:50:31',''),(1359,18,'','00001359','MUNICIPALIDAD DISTRITAL DE LLAMA-CHOTA',NULL,'2016-04-29 05:50:31','2016-04-29 05:50:31',''),(1360,18,'','00001360','MUNICIPALIDAD DISTRITAL DE LLAMA-MARISCAL LUZURIAGA',NULL,'2016-04-29 05:50:31','2016-04-29 05:50:31',''),(1361,18,'','00001361','MUNICIPALIDAD DISTRITAL DE LLAPA',NULL,'2016-04-29 05:50:31','2016-04-29 05:50:31',''),(1362,18,'','00001362','MUNICIPALIDAD DISTRITAL DE LLAPO',NULL,'2016-04-29 05:50:31','2016-04-29 05:50:31',''),(1363,18,'','00001363','MUNICIPALIDAD DISTRITAL DE LLAUTA',NULL,'2016-04-29 05:50:31','2016-04-29 05:50:31',''),(1364,18,'','00001364','MUNICIPALIDAD DISTRITAL DE LLAYLLA',NULL,'2016-04-29 05:50:31','2016-04-29 05:50:31',''),(1365,18,'','00001365','MUNICIPALIDAD DISTRITAL DE LLIPA',NULL,'2016-04-29 05:50:31','2016-04-29 05:50:31',''),(1366,18,'','00001366','MUNICIPALIDAD DISTRITAL DE LLIPATA',NULL,'2016-04-29 05:50:31','2016-04-29 05:50:31',''),(1367,18,'','00001367','MUNICIPALIDAD DISTRITAL DE LLOCHEGUA',NULL,'2016-04-29 05:50:31','2016-04-29 05:50:31',''),(1368,18,'','00001368','MUNICIPALIDAD DISTRITAL DE LLOCLLAPAMPA',NULL,'2016-04-29 05:50:31','2016-04-29 05:50:31',''),(1369,18,'','00001369','MUNICIPALIDAD DISTRITAL DE LLOQUE',NULL,'2016-04-29 05:50:31','2016-04-29 05:50:31',''),(1370,18,'','00001370','MUNICIPALIDAD DISTRITAL DE LLUMPA',NULL,'2016-04-29 05:50:31','2016-04-29 05:50:31',''),(1371,18,'','00001371','MUNICIPALIDAD DISTRITAL DE LLUSCO',NULL,'2016-04-29 05:50:31','2016-04-29 05:50:31',''),(1372,18,'','00001372','MUNICIPALIDAD DISTRITAL DE LLUTA',NULL,'2016-04-29 05:50:31','2016-04-29 05:50:31',''),(1373,18,'','00001373','MUNICIPALIDAD DISTRITAL DE LOBITOS',NULL,'2016-04-29 05:50:31','2016-04-29 05:50:31',''),(1374,18,'','00001374','MUNICIPALIDAD DISTRITAL DE LOCROJA',NULL,'2016-04-29 05:50:31','2016-04-29 05:50:31',''),(1375,18,'','00001375','MUNICIPALIDAD DISTRITAL DE LOMAS',NULL,'2016-04-29 05:50:31','2016-04-29 05:50:31',''),(1376,18,'','00001376','MUNICIPALIDAD DISTRITAL DE LONGAR',NULL,'2016-04-29 05:50:31','2016-04-29 05:50:31',''),(1377,18,'','00001377','MUNICIPALIDAD DISTRITAL DE LONGOTEA',NULL,'2016-04-29 05:50:31','2016-04-29 05:50:31',''),(1378,18,'','00001378','MUNICIPALIDAD DISTRITAL DE LONGUITA',NULL,'2016-04-29 05:50:31','2016-04-29 05:50:31',''),(1379,18,'','00001379','MUNICIPALIDAD DISTRITAL DE LONYA CHICO',NULL,'2016-04-29 05:50:31','2016-04-29 05:50:31',''),(1380,18,'','00001380','MUNICIPALIDAD DISTRITAL DE LONYA GRANDE',NULL,'2016-04-29 05:50:31','2016-04-29 05:50:31',''),(1381,18,'','00001381','MUNICIPALIDAD DISTRITAL DE LOS AQUIJES',NULL,'2016-04-29 05:50:31','2016-04-29 05:50:31',''),(1382,18,'','00001382','MUNICIPALIDAD DISTRITAL DE LOS BAÑOS DEL INCA',NULL,'2016-04-29 05:50:31','2016-04-29 05:50:31',''),(1383,18,'','00001383','MUNICIPALIDAD DISTRITAL DE LOS MOROCHUCOS',NULL,'2016-04-29 05:50:31','2016-04-29 05:50:31',''),(1384,18,'','00001384','MUNICIPALIDAD DISTRITAL DE LOS OLIVOS',NULL,'2016-04-29 05:50:31','2016-04-29 05:50:31',''),(1385,18,'','00001385','MUNICIPALIDAD DISTRITAL DE LOS ORGANOS',NULL,'2016-04-29 05:50:31','2016-04-29 05:50:31',''),(1386,18,'','00001386','MUNICIPALIDAD DISTRITAL DE LUCANAS',NULL,'2016-04-29 05:50:31','2016-04-29 05:50:31',''),(1387,18,'','00001387','MUNICIPALIDAD DISTRITAL DE LUCMA-GRAN CHIMU',NULL,'2016-04-29 05:50:31','2016-04-29 05:50:31',''),(1388,18,'','00001388','MUNICIPALIDAD DISTRITAL DE LUCMA-MARISCAL LUZURIAGA',NULL,'2016-04-29 05:50:31','2016-04-29 05:50:31',''),(1389,18,'','00001389','MUNICIPALIDAD DISTRITAL DE LUCRE-AYMARAES',NULL,'2016-04-29 05:50:31','2016-04-29 05:50:31',''),(1390,18,'','00001390','MUNICIPALIDAD DISTRITAL DE LUCRE-QUISPICANCHI',NULL,'2016-04-29 05:50:31','2016-04-29 05:50:31',''),(1391,18,'','00001391','MUNICIPALIDAD DISTRITAL DE LUIS CARRANZA',NULL,'2016-04-29 05:50:31','2016-04-29 05:50:31',''),(1392,18,'','00001392','MUNICIPALIDAD DISTRITAL DE LUNAHUANA',NULL,'2016-04-29 05:50:31','2016-04-29 05:50:31',''),(1393,18,'','00001393','MUNICIPALIDAD DISTRITAL DE LURICOCHA',NULL,'2016-04-29 05:50:31','2016-04-29 05:50:31',''),(1394,18,'','00001394','MUNICIPALIDAD DISTRITAL DE LURIGANCHO',NULL,'2016-04-29 05:50:31','2016-04-29 05:50:31',''),(1395,18,'','00001395','MUNICIPALIDAD DISTRITAL DE LURIGANCHO-CHOSICA',NULL,'2016-04-29 05:50:31','2016-04-29 05:50:31',''),(1396,18,'','00001396','MUNICIPALIDAD DISTRITAL DE LURIN',NULL,'2016-04-29 05:50:31','2016-04-29 05:50:31',''),(1397,18,'','00001397','MUNICIPALIDAD DISTRITAL DE LUYA',NULL,'2016-04-29 05:50:31','2016-04-29 05:50:31',''),(1398,18,'','00001398','MUNICIPALIDAD DISTRITAL DE LUYA VIEJO',NULL,'2016-04-29 05:50:31','2016-04-29 05:50:31',''),(1399,18,'','00001399','MUNICIPALIDAD DISTRITAL DE LUYANDO',NULL,'2016-04-29 05:50:31','2016-04-29 05:50:31',''),(1400,18,'','00001400','MUNICIPALIDAD DISTRITAL DE MACA',NULL,'2016-04-29 05:50:31','2016-04-29 05:50:31',''),(1401,18,'','00001401','MUNICIPALIDAD DISTRITAL DE MACARI',NULL,'2016-04-29 05:50:31','2016-04-29 05:50:31',''),(1402,18,'','00001402','MUNICIPALIDAD DISTRITAL DE MACATE',NULL,'2016-04-29 05:50:31','2016-04-29 05:50:31',''),(1403,18,'','00001403','MUNICIPALIDAD DISTRITAL DE MACHAGUAY',NULL,'2016-04-29 05:50:31','2016-04-29 05:50:31',''),(1404,18,'','00001404','MUNICIPALIDAD DISTRITAL DE MACHE',NULL,'2016-04-29 05:50:31','2016-04-29 05:50:31',''),(1405,18,'','00001405','MUNICIPALIDAD DISTRITAL DE MACHUPICCHU',NULL,'2016-04-29 05:50:31','2016-04-29 05:50:31',''),(1406,18,'','00001406','MUNICIPALIDAD DISTRITAL DE MADEAN',NULL,'2016-04-29 05:50:31','2016-04-29 05:50:31',''),(1407,18,'','00001407','MUNICIPALIDAD DISTRITAL DE MADRE DE DIOS',NULL,'2016-04-29 05:50:31','2016-04-29 05:50:31',''),(1408,18,'','00001408','MUNICIPALIDAD DISTRITAL DE MADRIGAL',NULL,'2016-04-29 05:50:31','2016-04-29 05:50:31',''),(1409,18,'','00001409','MUNICIPALIDAD DISTRITAL DE MAGDALENA DE CAO',NULL,'2016-04-29 05:50:31','2016-04-29 05:50:31',''),(1410,18,'','00001410','MUNICIPALIDAD DISTRITAL DE MAGDALENA DEL MAR',NULL,'2016-04-29 05:50:31','2016-04-29 05:50:31',''),(1411,18,'','00001411','MUNICIPALIDAD DISTRITAL DE MAGDALENA-CAJAMARCA',NULL,'2016-04-29 05:50:31','2016-04-29 05:50:31',''),(1412,18,'','00001412','MUNICIPALIDAD DISTRITAL DE MAGDALENA-CHACHAPOYAS',NULL,'2016-04-29 05:50:31','2016-04-29 05:50:31',''),(1413,18,'','00001413','MUNICIPALIDAD DISTRITAL DE MAJES',NULL,'2016-04-29 05:50:31','2016-04-29 05:50:31',''),(1414,18,'','00001414','MUNICIPALIDAD DISTRITAL DE MALA',NULL,'2016-04-29 05:50:31','2016-04-29 05:50:31',''),(1415,18,'','00001415','MUNICIPALIDAD DISTRITAL DE MALVAS',NULL,'2016-04-29 05:50:31','2016-04-29 05:50:31',''),(1416,18,'','00001416','MUNICIPALIDAD DISTRITAL DE MAMARA',NULL,'2016-04-29 05:50:31','2016-04-29 05:50:31',''),(1417,18,'','00001417','MUNICIPALIDAD DISTRITAL DE MANANTAY',NULL,'2016-04-29 05:50:31','2016-04-29 05:50:31',''),(1418,18,'','00001418','MUNICIPALIDAD DISTRITAL DE MANAS',NULL,'2016-04-29 05:50:31','2016-04-29 05:50:31',''),(1419,18,'','00001419','MUNICIPALIDAD DISTRITAL DE MANCORA',NULL,'2016-04-29 05:50:31','2016-04-29 05:50:31',''),(1420,18,'','00001420','MUNICIPALIDAD DISTRITAL DE MANCOS',NULL,'2016-04-29 05:50:31','2016-04-29 05:50:31',''),(1421,18,'','00001421','MUNICIPALIDAD DISTRITAL DE MANGAS',NULL,'2016-04-29 05:50:31','2016-04-29 05:50:31',''),(1422,18,'','00001422','MUNICIPALIDAD DISTRITAL DE MANSERICHE',NULL,'2016-04-29 05:50:31','2016-04-29 05:50:31',''),(1423,18,'','00001423','MUNICIPALIDAD DISTRITAL DE MANTA',NULL,'2016-04-29 05:50:31','2016-04-29 05:50:31',''),(1424,18,'','00001424','MUNICIPALIDAD DISTRITAL DE MANUEL ANTONIO MESONES MURO',NULL,'2016-04-29 05:50:31','2016-04-29 05:50:31',''),(1425,18,'','00001425','MUNICIPALIDAD DISTRITAL DE MANZANARES',NULL,'2016-04-29 05:50:31','2016-04-29 05:50:31',''),(1426,18,'','00001426','MUNICIPALIDAD DISTRITAL DE MAÑAZO',NULL,'2016-04-29 05:50:31','2016-04-29 05:50:31',''),(1427,18,'','00001427','MUNICIPALIDAD DISTRITAL DE MAQUIA',NULL,'2016-04-29 05:50:31','2016-04-29 05:50:31',''),(1428,18,'','00001428','MUNICIPALIDAD DISTRITAL DE MARA',NULL,'2016-04-29 05:50:31','2016-04-29 05:50:31',''),(1429,18,'','00001429','MUNICIPALIDAD DISTRITAL DE MARANGANI',NULL,'2016-04-29 05:50:31','2016-04-29 05:50:31',''),(1430,18,'','00001430','MUNICIPALIDAD DISTRITAL DE MARANURA',NULL,'2016-04-29 05:50:31','2016-04-29 05:50:31',''),(1431,18,'','00001431','MUNICIPALIDAD DISTRITAL DE MARAS',NULL,'2016-04-29 05:50:31','2016-04-29 05:50:31',''),(1432,18,'','00001432','MUNICIPALIDAD DISTRITAL DE MARCA',NULL,'2016-04-29 05:50:31','2016-04-29 05:50:31',''),(1433,18,'','00001433','MUNICIPALIDAD DISTRITAL DE MARCABAL',NULL,'2016-04-29 05:50:31','2016-04-29 05:50:31',''),(1434,18,'','00001434','MUNICIPALIDAD DISTRITAL DE MARCABAMBA',NULL,'2016-04-29 05:50:31','2016-04-29 05:50:31',''),(1435,18,'','00001435','MUNICIPALIDAD DISTRITAL DE MARCAPATA',NULL,'2016-04-29 05:50:31','2016-04-29 05:50:31',''),(1436,18,'','00001436','MUNICIPALIDAD DISTRITAL DE MARCAPOMACOCHA',NULL,'2016-04-29 05:50:31','2016-04-29 05:50:31',''),(1437,18,'','00001437','MUNICIPALIDAD DISTRITAL DE MARCARA',NULL,'2016-04-29 05:50:31','2016-04-29 05:50:31',''),(1438,18,'','00001438','MUNICIPALIDAD DISTRITAL DE MARCAS',NULL,'2016-04-29 05:50:31','2016-04-29 05:50:31',''),(1439,18,'','00001439','MUNICIPALIDAD DISTRITAL DE MARCAVELICA',NULL,'2016-04-29 05:50:31','2016-04-29 05:50:31',''),(1440,18,'','00001440','MUNICIPALIDAD DISTRITAL DE MARCO',NULL,'2016-04-29 05:50:31','2016-04-29 05:50:31',''),(1441,18,'','00001441','MUNICIPALIDAD DISTRITAL DE MARCONA',NULL,'2016-04-29 05:50:31','2016-04-29 05:50:31',''),(1442,18,'','00001442','MUNICIPALIDAD DISTRITAL DE MARGOS',NULL,'2016-04-29 05:50:31','2016-04-29 05:50:31',''),(1443,18,'','00001443','MUNICIPALIDAD DISTRITAL DE MARIA',NULL,'2016-04-29 05:50:31','2016-04-29 05:50:31',''),(1444,18,'','00001444','MUNICIPALIDAD DISTRITAL DE MARIA PARADO DE BELLIDO',NULL,'2016-04-29 05:50:31','2016-04-29 05:50:31',''),(1445,18,'','00001445','MUNICIPALIDAD DISTRITAL DE MARIANO DAMASO BERAUN',NULL,'2016-04-29 05:50:31','2016-04-29 05:50:31',''),(1446,18,'','00001446','MUNICIPALIDAD DISTRITAL DE MARIANO MELGAR',NULL,'2016-04-29 05:50:31','2016-04-29 05:50:31',''),(1447,18,'','00001447','MUNICIPALIDAD DISTRITAL DE MARIANO NICOLAS VALCARCEL',NULL,'2016-04-29 05:50:31','2016-04-29 05:50:31',''),(1448,18,'','00001448','MUNICIPALIDAD DISTRITAL DE MARIAS',NULL,'2016-04-29 05:50:31','2016-04-29 05:50:31',''),(1449,18,'','00001449','MUNICIPALIDAD DISTRITAL DE MARIATANA',NULL,'2016-04-29 05:50:31','2016-04-29 05:50:31',''),(1450,18,'','00001450','MUNICIPALIDAD DISTRITAL DE MARISCAL BENAVIDES',NULL,'2016-04-29 05:50:31','2016-04-29 05:50:31',''),(1451,18,'','00001451','MUNICIPALIDAD DISTRITAL DE MARISCAL CACERES-CAMANA',NULL,'2016-04-29 05:50:31','2016-04-29 05:50:31',''),(1452,18,'','00001452','MUNICIPALIDAD DISTRITAL DE MARISCAL CACERES-HUANCAVELICA',NULL,'2016-04-29 05:50:31','2016-04-29 05:50:31',''),(1453,18,'','00001453','MUNICIPALIDAD DISTRITAL DE MARISCAL CASTILLA-CHACHAPOYAS',NULL,'2016-04-29 05:50:31','2016-04-29 05:50:31',''),(1454,18,'','00001454','MUNICIPALIDAD DISTRITAL DE MARISCAL CASTILLA-CONCEPCION',NULL,'2016-04-29 05:50:31','2016-04-29 05:50:31',''),(1455,18,'','00001455','MUNICIPALIDAD DISTRITAL DE MARMOT',NULL,'2016-04-29 05:50:31','2016-04-29 05:50:31',''),(1456,18,'','00001456','MUNICIPALIDAD DISTRITAL DE MASIN',NULL,'2016-04-29 05:50:31','2016-04-29 05:50:31',''),(1457,18,'','00001457','MUNICIPALIDAD DISTRITAL DE MASISEA',NULL,'2016-04-29 05:50:31','2016-04-29 05:50:31',''),(1458,18,'','00001458','MUNICIPALIDAD DISTRITAL DE MASMA',NULL,'2016-04-29 05:50:31','2016-04-29 05:50:31',''),(1459,18,'','00001459','MUNICIPALIDAD DISTRITAL DE MASMA CHICCHE',NULL,'2016-04-29 05:50:31','2016-04-29 05:50:31',''),(1460,18,'','00001460','MUNICIPALIDAD DISTRITAL DE MATACOTO',NULL,'2016-04-29 05:50:31','2016-04-29 05:50:31',''),(1461,18,'','00001461','MUNICIPALIDAD DISTRITAL DE MATAHUASI',NULL,'2016-04-29 05:50:31','2016-04-29 05:50:31',''),(1462,18,'','00001462','MUNICIPALIDAD DISTRITAL DE MATALAQUE',NULL,'2016-04-29 05:50:31','2016-04-29 05:50:31',''),(1463,18,'','00001463','MUNICIPALIDAD DISTRITAL DE MATAPALO',NULL,'2016-04-29 05:50:31','2016-04-29 05:50:31',''),(1464,18,'','00001464','MUNICIPALIDAD DISTRITAL DE MATARA',NULL,'2016-04-29 05:50:31','2016-04-29 05:50:31',''),(1465,18,'','00001465','MUNICIPALIDAD DISTRITAL DE MATO',NULL,'2016-04-29 05:50:31','2016-04-29 05:50:31',''),(1466,18,'','00001466','MUNICIPALIDAD DISTRITAL DE MAZAMARI',NULL,'2016-04-29 05:50:31','2016-04-29 05:50:31',''),(1467,18,'','00001467','MUNICIPALIDAD DISTRITAL DE MAZAN',NULL,'2016-04-29 05:50:31','2016-04-29 05:50:31',''),(1468,18,'','00001468','MUNICIPALIDAD DISTRITAL DE MEJIA',NULL,'2016-04-29 05:50:31','2016-04-29 05:50:31',''),(1469,18,'','00001469','MUNICIPALIDAD DISTRITAL DE MICAELA BASTIDAS',NULL,'2016-04-29 05:50:31','2016-04-29 05:50:31',''),(1470,18,'','00001470','MUNICIPALIDAD DISTRITAL DE MIGUEL CHECA',NULL,'2016-04-29 05:50:31','2016-04-29 05:50:31',''),(1471,18,'','00001471','MUNICIPALIDAD DISTRITAL DE MIGUEL IGLESIAS',NULL,'2016-04-29 05:50:31','2016-04-29 05:50:31',''),(1472,18,'','00001472','MUNICIPALIDAD DISTRITAL DE MILPUC',NULL,'2016-04-29 05:50:31','2016-04-29 05:50:31',''),(1473,18,'','00001473','MUNICIPALIDAD DISTRITAL DE MIRACOSTA',NULL,'2016-04-29 05:50:31','2016-04-29 05:50:31',''),(1474,18,'','00001474','MUNICIPALIDAD DISTRITAL DE MIRAFLORES',NULL,'2016-04-29 05:50:31','2016-04-29 05:50:31',''),(1475,18,'','00001475','MUNICIPALIDAD DISTRITAL DE MIRAFLORES-AREQUIPA',NULL,'2016-04-29 05:50:31','2016-04-29 05:50:31',''),(1476,18,'','00001476','MUNICIPALIDAD DISTRITAL DE MIRAFLORES-HUAMALIES',NULL,'2016-04-29 05:50:31','2016-04-29 05:50:31',''),(1477,18,'','00001477','MUNICIPALIDAD DISTRITAL DE MIRAFLORES-YAUYOS',NULL,'2016-04-29 05:50:31','2016-04-29 05:50:31',''),(1478,18,'','00001478','MUNICIPALIDAD DISTRITAL DE MIRGAS',NULL,'2016-04-29 05:50:31','2016-04-29 05:50:31',''),(1479,18,'','00001479','MUNICIPALIDAD DISTRITAL DE MITO',NULL,'2016-04-29 05:50:31','2016-04-29 05:50:31',''),(1480,18,'','00001480','MUNICIPALIDAD DISTRITAL DE MOCHE',NULL,'2016-04-29 05:50:31','2016-04-29 05:50:31',''),(1481,18,'','00001481','MUNICIPALIDAD DISTRITAL DE MOCHUMI',NULL,'2016-04-29 05:50:31','2016-04-29 05:50:31',''),(1482,18,'','00001482','MUNICIPALIDAD DISTRITAL DE MOLINO-PACHITEA',NULL,'2016-04-29 05:50:31','2016-04-29 05:50:31',''),(1483,18,'','00001483','MUNICIPALIDAD DISTRITAL DE MOLINOPAMPA',NULL,'2016-04-29 05:50:31','2016-04-29 05:50:31',''),(1484,18,'','00001484','MUNICIPALIDAD DISTRITAL DE MOLINOS-JAUJA',NULL,'2016-04-29 05:50:31','2016-04-29 05:50:31',''),(1485,18,'','00001485','MUNICIPALIDAD DISTRITAL DE MOLLEBAMBA',NULL,'2016-04-29 05:50:31','2016-04-29 05:50:31',''),(1486,18,'','00001486','MUNICIPALIDAD DISTRITAL DE MOLLEBAYA',NULL,'2016-04-29 05:50:31','2016-04-29 05:50:31',''),(1487,18,'','00001487','MUNICIPALIDAD DISTRITAL DE MOLLENDO',NULL,'2016-04-29 05:50:31','2016-04-29 05:50:31',''),(1488,18,'','00001488','MUNICIPALIDAD DISTRITAL DE MOLLEPAMPA',NULL,'2016-04-29 05:50:31','2016-04-29 05:50:31',''),(1489,18,'','00001489','MUNICIPALIDAD DISTRITAL DE MOLLEPATA-ANTA',NULL,'2016-04-29 05:50:31','2016-04-29 05:50:31',''),(1490,18,'','00001490','MUNICIPALIDAD DISTRITAL DE MOLLEPATA-SANTIAGO DE CHUCO',NULL,'2016-04-29 05:50:31','2016-04-29 05:50:31',''),(1491,18,'','00001491','MUNICIPALIDAD DISTRITAL DE MONOBAMBA',NULL,'2016-04-29 05:50:31','2016-04-29 05:50:31',''),(1492,18,'','00001492','MUNICIPALIDAD DISTRITAL DE MONSEFU',NULL,'2016-04-29 05:50:31','2016-04-29 05:50:31',''),(1493,18,'','00001493','MUNICIPALIDAD DISTRITAL DE MONTERO',NULL,'2016-04-29 05:50:31','2016-04-29 05:50:31',''),(1494,18,'','00001494','MUNICIPALIDAD DISTRITAL DE MONTEVIDEO',NULL,'2016-04-29 05:50:31','2016-04-29 05:50:31',''),(1495,18,'','00001495','MUNICIPALIDAD DISTRITAL DE MONZON',NULL,'2016-04-29 05:50:31','2016-04-29 05:50:31',''),(1496,18,'','00001496','MUNICIPALIDAD DISTRITAL DE MORALES',NULL,'2016-04-29 05:50:31','2016-04-29 05:50:31',''),(1497,18,'','00001497','MUNICIPALIDAD DISTRITAL DE MORCOLLA',NULL,'2016-04-29 05:50:31','2016-04-29 05:50:31',''),(1498,18,'','00001498','MUNICIPALIDAD DISTRITAL DE MORO',NULL,'2016-04-29 05:50:31','2016-04-29 05:50:31',''),(1499,18,'','00001499','MUNICIPALIDAD DISTRITAL DE MOROCOCHA',NULL,'2016-04-29 05:50:31','2016-04-29 05:50:31',''),(1500,18,'','00001500','MUNICIPALIDAD DISTRITAL DE MORONA',NULL,'2016-04-29 05:50:31','2016-04-29 05:50:31',''),(1501,18,'','00001501','MUNICIPALIDAD DISTRITAL DE MORROPE',NULL,'2016-04-29 05:50:31','2016-04-29 05:50:31',''),(1502,18,'','00001502','MUNICIPALIDAD DISTRITAL DE MORROPON',NULL,'2016-04-29 05:50:31','2016-04-29 05:50:31',''),(1503,18,'','00001503','MUNICIPALIDAD DISTRITAL DE MOSOC LLACTA',NULL,'2016-04-29 05:50:31','2016-04-29 05:50:31',''),(1504,18,'','00001504','MUNICIPALIDAD DISTRITAL DE MOTUPE',NULL,'2016-04-29 05:50:31','2016-04-29 05:50:31',''),(1505,18,'','00001505','MUNICIPALIDAD DISTRITAL DE MOYA',NULL,'2016-04-29 05:50:31','2016-04-29 05:50:31',''),(1506,18,'','00001506','MUNICIPALIDAD DISTRITAL DE MUÑANI',NULL,'2016-04-29 05:50:31','2016-04-29 05:50:31',''),(1507,18,'','00001507','MUNICIPALIDAD DISTRITAL DE MUQUI',NULL,'2016-04-29 05:50:31','2016-04-29 05:50:31',''),(1508,18,'','00001508','MUNICIPALIDAD DISTRITAL DE MUQUIYAUYO',NULL,'2016-04-29 05:50:31','2016-04-29 05:50:31',''),(1509,18,'','00001509','MUNICIPALIDAD DISTRITAL DE MUSGA',NULL,'2016-04-29 05:50:31','2016-04-29 05:50:31',''),(1510,18,'','00001510','MUNICIPALIDAD DISTRITAL DE NAMBALLE',NULL,'2016-04-29 05:50:31','2016-04-29 05:50:31',''),(1511,18,'','00001511','MUNICIPALIDAD DISTRITAL DE NAMORA',NULL,'2016-04-29 05:50:31','2016-04-29 05:50:31',''),(1512,18,'','00001512','MUNICIPALIDAD DISTRITAL DE NANCHOC',NULL,'2016-04-29 05:50:31','2016-04-29 05:50:31',''),(1513,18,'','00001513','MUNICIPALIDAD DISTRITAL DE NAPO',NULL,'2016-04-29 05:50:31','2016-04-29 05:50:31',''),(1514,18,'','00001514','MUNICIPALIDAD DISTRITAL DE NAVAN',NULL,'2016-04-29 05:50:31','2016-04-29 05:50:31',''),(1515,18,'','00001515','MUNICIPALIDAD DISTRITAL DE NEPEÑA',NULL,'2016-04-29 05:50:31','2016-04-29 05:50:31',''),(1516,18,'','00001516','MUNICIPALIDAD DISTRITAL DE NICASIO',NULL,'2016-04-29 05:50:31','2016-04-29 05:50:31',''),(1517,18,'','00001517','MUNICIPALIDAD DISTRITAL DE NICOLAS DE PIEROLA',NULL,'2016-04-29 05:50:31','2016-04-29 05:50:31',''),(1518,18,'','00001518','MUNICIPALIDAD DISTRITAL DE NIEPOS',NULL,'2016-04-29 05:50:31','2016-04-29 05:50:31',''),(1519,18,'','00001519','MUNICIPALIDAD DISTRITAL DE NIEVA',NULL,'2016-04-29 05:50:31','2016-04-29 05:50:31',''),(1520,18,'','00001520','MUNICIPALIDAD DISTRITAL DE NINABAMBA',NULL,'2016-04-29 05:50:31','2016-04-29 05:50:31',''),(1521,18,'','00001521','MUNICIPALIDAD DISTRITAL DE NINACACA',NULL,'2016-04-29 05:50:31','2016-04-29 05:50:31',''),(1522,18,'','00001522','MUNICIPALIDAD DISTRITAL DE NUEVA ARICA',NULL,'2016-04-29 05:50:31','2016-04-29 05:50:31',''),(1523,18,'','00001523','MUNICIPALIDAD DISTRITAL DE NUEVA CAJAMARCA',NULL,'2016-04-29 05:50:31','2016-04-29 05:50:31',''),(1524,18,'','00001524','MUNICIPALIDAD DISTRITAL DE NUEVA REQUENA',NULL,'2016-04-29 05:50:31','2016-04-29 05:50:31',''),(1525,18,'','00001525','MUNICIPALIDAD DISTRITAL DE NUEVE DE JULIO',NULL,'2016-04-29 05:50:31','2016-04-29 05:50:31',''),(1526,18,'','00001526','MUNICIPALIDAD DISTRITAL DE NUEVO CHIMBOTE',NULL,'2016-04-29 05:50:31','2016-04-29 05:50:31',''),(1527,18,'','00001527','MUNICIPALIDAD DISTRITAL DE NUEVO IMPERIAL',NULL,'2016-04-29 05:50:31','2016-04-29 05:50:31',''),(1528,18,'','00001528','MUNICIPALIDAD DISTRITAL DE NUEVO OCCORO',NULL,'2016-04-29 05:50:31','2016-04-29 05:50:31',''),(1529,18,'','00001529','MUNICIPALIDAD DISTRITAL DE NUEVO PROGRESO',NULL,'2016-04-29 05:50:31','2016-04-29 05:50:31',''),(1530,18,'','00001530','MUNICIPALIDAD DISTRITAL DE NUÑOA',NULL,'2016-04-29 05:50:31','2016-04-29 05:50:31',''),(1531,18,'','00001531','MUNICIPALIDAD DISTRITAL DE ÑAHUIMPUQUIO',NULL,'2016-04-29 05:50:31','2016-04-29 05:50:31',''),(1532,18,'','00001532','MUNICIPALIDAD DISTRITAL DE OBAS',NULL,'2016-04-29 05:50:31','2016-04-29 05:50:31',''),(1533,18,'','00001533','MUNICIPALIDAD DISTRITAL DE OCALLI',NULL,'2016-04-29 05:50:31','2016-04-29 05:50:31',''),(1534,18,'','00001534','MUNICIPALIDAD DISTRITAL DE OCAÑA',NULL,'2016-04-29 05:50:31','2016-04-29 05:50:31',''),(1535,18,'','00001535','MUNICIPALIDAD DISTRITAL DE OCOBAMBA-CHINCHEROS',NULL,'2016-04-29 05:50:31','2016-04-29 05:50:31',''),(1536,18,'','00001536','MUNICIPALIDAD DISTRITAL DE OCOBAMBA-LA CONVENCION',NULL,'2016-04-29 05:50:31','2016-04-29 05:50:31',''),(1537,18,'','00001537','MUNICIPALIDAD DISTRITAL DE OCONGATE',NULL,'2016-04-29 05:50:31','2016-04-29 05:50:31',''),(1538,18,'','00001538','MUNICIPALIDAD DISTRITAL DE OCOÑA',NULL,'2016-04-29 05:50:31','2016-04-29 05:50:31',''),(1539,18,'','00001539','MUNICIPALIDAD DISTRITAL DE OCORURO',NULL,'2016-04-29 05:50:31','2016-04-29 05:50:31',''),(1540,18,'','00001540','MUNICIPALIDAD DISTRITAL DE OCOYO',NULL,'2016-04-29 05:50:31','2016-04-29 05:50:31',''),(1541,18,'','00001541','MUNICIPALIDAD DISTRITAL DE OCROS',NULL,'2016-04-29 05:50:31','2016-04-29 05:50:31',''),(1542,18,'','00001542','MUNICIPALIDAD DISTRITAL DE OCUCAJE',NULL,'2016-04-29 05:50:31','2016-04-29 05:50:31',''),(1543,18,'','00001543','MUNICIPALIDAD DISTRITAL DE OCUMAL',NULL,'2016-04-29 05:50:31','2016-04-29 05:50:31',''),(1544,18,'','00001544','MUNICIPALIDAD DISTRITAL DE OCUVIRI',NULL,'2016-04-29 05:50:31','2016-04-29 05:50:31',''),(1545,18,'','00001545','MUNICIPALIDAD DISTRITAL DE OLLACHEA',NULL,'2016-04-29 05:50:31','2016-04-29 05:50:31',''),(1546,18,'','00001546','MUNICIPALIDAD DISTRITAL DE OLLANTAYTAMBO',NULL,'2016-04-29 05:50:31','2016-04-29 05:50:31',''),(1547,18,'','00001547','MUNICIPALIDAD DISTRITAL DE OLLARAYA',NULL,'2016-04-29 05:50:31','2016-04-29 05:50:31',''),(1548,18,'','00001548','MUNICIPALIDAD DISTRITAL DE OLLEROS-CHACHAPOYAS',NULL,'2016-04-29 05:50:31','2016-04-29 05:50:31',''),(1549,18,'','00001549','MUNICIPALIDAD DISTRITAL DE OLLEROS-HUARAZ',NULL,'2016-04-29 05:50:31','2016-04-29 05:50:31',''),(1550,18,'','00001550','MUNICIPALIDAD DISTRITAL DE OLMOS',NULL,'2016-04-29 05:50:31','2016-04-29 05:50:31',''),(1551,18,'','00001551','MUNICIPALIDAD DISTRITAL DE OMACHA',NULL,'2016-04-29 05:50:31','2016-04-29 05:50:31',''),(1552,18,'','00001552','MUNICIPALIDAD DISTRITAL DE OMAS',NULL,'2016-04-29 05:50:31','2016-04-29 05:50:31',''),(1553,18,'','00001553','MUNICIPALIDAD DISTRITAL DE OMIA',NULL,'2016-04-29 05:50:31','2016-04-29 05:50:31',''),(1554,18,'','00001554','MUNICIPALIDAD DISTRITAL DE ONDORES',NULL,'2016-04-29 05:50:31','2016-04-29 05:50:31',''),(1555,18,'','00001555','MUNICIPALIDAD DISTRITAL DE ONGON',NULL,'2016-04-29 05:50:31','2016-04-29 05:50:31',''),(1556,18,'','00001556','MUNICIPALIDAD DISTRITAL DE ONGOY',NULL,'2016-04-29 05:50:31','2016-04-29 05:50:31',''),(1557,18,'','00001557','MUNICIPALIDAD DISTRITAL DE ORCOPAMPA',NULL,'2016-04-29 05:50:31','2016-04-29 05:50:31',''),(1558,18,'','00001558','MUNICIPALIDAD DISTRITAL DE ORCOTUNA',NULL,'2016-04-29 05:50:31','2016-04-29 05:50:31',''),(1559,18,'','00001559','MUNICIPALIDAD DISTRITAL DE OROPESA-ANTABAMBA',NULL,'2016-04-29 05:50:31','2016-04-29 05:50:31',''),(1560,18,'','00001560','MUNICIPALIDAD DISTRITAL DE OROPESA-QUISPICANCHI',NULL,'2016-04-29 05:50:31','2016-04-29 05:50:31',''),(1561,18,'','00001561','MUNICIPALIDAD DISTRITAL DE ORURILLO',NULL,'2016-04-29 05:50:31','2016-04-29 05:50:31',''),(1562,18,'','00001562','MUNICIPALIDAD DISTRITAL DE OTOCA',NULL,'2016-04-29 05:50:31','2016-04-29 05:50:31',''),(1563,18,'','00001563','MUNICIPALIDAD DISTRITAL DE OXAMARCA',NULL,'2016-04-29 05:50:31','2016-04-29 05:50:31',''),(1564,18,'','00001564','MUNICIPALIDAD DISTRITAL DE OYOLO',NULL,'2016-04-29 05:50:31','2016-04-29 05:50:31',''),(1565,18,'','00001565','MUNICIPALIDAD DISTRITAL DE OYOTUN',NULL,'2016-04-29 05:50:31','2016-04-29 05:50:31',''),(1566,18,'','00001566','MUNICIPALIDAD DISTRITAL DE PACA',NULL,'2016-04-29 05:50:31','2016-04-29 05:50:31',''),(1567,18,'','00001567','MUNICIPALIDAD DISTRITAL DE PACAIPAMPA',NULL,'2016-04-29 05:50:31','2016-04-29 05:50:31',''),(1568,18,'','00001568','MUNICIPALIDAD DISTRITAL DE PACANGA',NULL,'2016-04-29 05:50:31','2016-04-29 05:50:31',''),(1569,18,'','00001569','MUNICIPALIDAD DISTRITAL DE PACAPAUSA',NULL,'2016-04-29 05:50:31','2016-04-29 05:50:31',''),(1570,18,'','00001570','MUNICIPALIDAD DISTRITAL DE PACARAN',NULL,'2016-04-29 05:50:31','2016-04-29 05:50:31',''),(1571,18,'','00001571','MUNICIPALIDAD DISTRITAL DE PACARAOS',NULL,'2016-04-29 05:50:31','2016-04-29 05:50:31',''),(1572,18,'','00001572','MUNICIPALIDAD DISTRITAL DE PACASMAYO',NULL,'2016-04-29 05:50:31','2016-04-29 05:50:31',''),(1573,18,'','00001573','MUNICIPALIDAD DISTRITAL DE PACAYCASA',NULL,'2016-04-29 05:50:31','2016-04-29 05:50:31',''),(1574,18,'','00001574','MUNICIPALIDAD DISTRITAL DE PACCARITAMBO',NULL,'2016-04-29 05:50:31','2016-04-29 05:50:31',''),(1575,18,'','00001575','MUNICIPALIDAD DISTRITAL DE PACCHA-CHOTA',NULL,'2016-04-29 05:50:31','2016-04-29 05:50:31',''),(1576,18,'','00001576','MUNICIPALIDAD DISTRITAL DE PACCHA-JAUJA',NULL,'2016-04-29 05:50:31','2016-04-29 05:50:31',''),(1577,18,'','00001577','MUNICIPALIDAD DISTRITAL DE PACCHA-YAULI',NULL,'2016-04-29 05:50:31','2016-04-29 05:50:31',''),(1578,18,'','00001578','MUNICIPALIDAD DISTRITAL DE PACCHO-HUAURA',NULL,'2016-04-29 05:50:31','2016-04-29 05:50:31',''),(1579,18,'','00001579','MUNICIPALIDAD DISTRITAL DE PACHACAMAC',NULL,'2016-04-29 05:50:31','2016-04-29 05:50:31',''),(1580,18,'','00001580','MUNICIPALIDAD DISTRITAL DE PACHACONAS',NULL,'2016-04-29 05:50:31','2016-04-29 05:50:31',''),(1581,18,'','00001581','MUNICIPALIDAD DISTRITAL DE PACHACUTEC',NULL,'2016-04-29 05:50:31','2016-04-29 05:50:31',''),(1582,18,'','00001582','MUNICIPALIDAD DISTRITAL DE PACHAMARCA',NULL,'2016-04-29 05:50:31','2016-04-29 05:50:31',''),(1583,18,'','00001583','MUNICIPALIDAD DISTRITAL DE PACHANGARA',NULL,'2016-04-29 05:50:31','2016-04-29 05:50:31',''),(1584,18,'','00001584','MUNICIPALIDAD DISTRITAL DE PACHAS',NULL,'2016-04-29 05:50:31','2016-04-29 05:50:31',''),(1585,18,'','00001585','MUNICIPALIDAD DISTRITAL DE PACHIA',NULL,'2016-04-29 05:50:31','2016-04-29 05:50:31',''),(1586,18,'','00001586','MUNICIPALIDAD DISTRITAL DE PACHIZA',NULL,'2016-04-29 05:50:31','2016-04-29 05:50:31',''),(1587,18,'','00001587','MUNICIPALIDAD DISTRITAL DE PACLLON',NULL,'2016-04-29 05:50:31','2016-04-29 05:50:31',''),(1588,18,'','00001588','MUNICIPALIDAD DISTRITAL DE PACOBAMBA',NULL,'2016-04-29 05:50:31','2016-04-29 05:50:31',''),(1589,18,'','00001589','MUNICIPALIDAD DISTRITAL DE PACOCHA',NULL,'2016-04-29 05:50:31','2016-04-29 05:50:31',''),(1590,18,'','00001590','MUNICIPALIDAD DISTRITAL DE PACORA',NULL,'2016-04-29 05:50:31','2016-04-29 05:50:31',''),(1591,18,'','00001591','MUNICIPALIDAD DISTRITAL DE PACUCHA',NULL,'2016-04-29 05:50:31','2016-04-29 05:50:31',''),(1592,18,'','00001592','MUNICIPALIDAD DISTRITAL DE PADRE MARQUEZ',NULL,'2016-04-29 05:50:31','2016-04-29 05:50:31',''),(1593,18,'','00001593','MUNICIPALIDAD DISTRITAL DE PAICO',NULL,'2016-04-29 05:50:31','2016-04-29 05:50:31',''),(1594,18,'','00001594','MUNICIPALIDAD DISTRITAL DE PAIJAN',NULL,'2016-04-29 05:50:31','2016-04-29 05:50:31',''),(1595,18,'','00001595','MUNICIPALIDAD DISTRITAL DE PAIMAS',NULL,'2016-04-29 05:50:31','2016-04-29 05:50:31',''),(1596,18,'','00001596','MUNICIPALIDAD DISTRITAL DE PAJARILLO',NULL,'2016-04-29 05:50:31','2016-04-29 05:50:31',''),(1597,18,'','00001597','MUNICIPALIDAD DISTRITAL DE PALCA-HUANCAVELICA',NULL,'2016-04-29 05:50:31','2016-04-29 05:50:31',''),(1598,18,'','00001598','MUNICIPALIDAD DISTRITAL DE PALCA-LAMPA',NULL,'2016-04-29 05:50:31','2016-04-29 05:50:31',''),(1599,18,'','00001599','MUNICIPALIDAD DISTRITAL DE PALCAMAYO',NULL,'2016-04-29 05:50:31','2016-04-29 05:50:31',''),(1600,18,'','00001600','MUNICIPALIDAD DISTRITAL DE PALCA-TACNA',NULL,'2016-04-29 05:50:31','2016-04-29 05:50:31',''),(1601,18,'','00001601','MUNICIPALIDAD DISTRITAL DE PALCA-TARMA',NULL,'2016-04-29 05:50:31','2016-04-29 05:50:31',''),(1602,18,'','00001602','MUNICIPALIDAD DISTRITAL DE PALCAZU',NULL,'2016-04-29 05:50:31','2016-04-29 05:50:31',''),(1603,18,'','00001603','MUNICIPALIDAD DISTRITAL DE PALLANCHACRA',NULL,'2016-04-29 05:50:31','2016-04-29 05:50:31',''),(1604,18,'','00001604','MUNICIPALIDAD DISTRITAL DE PALLASCA',NULL,'2016-04-29 05:50:31','2016-04-29 05:50:31',''),(1605,18,'','00001605','MUNICIPALIDAD DISTRITAL DE PALLPATA',NULL,'2016-04-29 05:50:31','2016-04-29 05:50:31',''),(1606,18,'','00001606','MUNICIPALIDAD DISTRITAL DE PAMPA HERMOSA-SATIPO',NULL,'2016-04-29 05:50:31','2016-04-29 05:50:31',''),(1607,18,'','00001607','MUNICIPALIDAD DISTRITAL DE PAMPA HERMOSA-UCAYALI',NULL,'2016-04-29 05:50:31','2016-04-29 05:50:31',''),(1608,18,'','00001608','MUNICIPALIDAD DISTRITAL DE PAMPACHIRI',NULL,'2016-04-29 05:50:31','2016-04-29 05:50:31',''),(1609,18,'','00001609','MUNICIPALIDAD DISTRITAL DE PAMPACOLCA',NULL,'2016-04-29 05:50:31','2016-04-29 05:50:31',''),(1610,18,'','00001610','MUNICIPALIDAD DISTRITAL DE PAMPAMARCA-CANAS',NULL,'2016-04-29 05:50:31','2016-04-29 05:50:31',''),(1611,18,'','00001611','MUNICIPALIDAD DISTRITAL DE PAMPAMARCA-LA UNION',NULL,'2016-04-29 05:50:31','2016-04-29 05:50:31',''),(1612,18,'','00001612','MUNICIPALIDAD DISTRITAL DE PAMPAMARCA-YAROWILCA',NULL,'2016-04-29 05:50:31','2016-04-29 05:50:31',''),(1613,18,'','00001613','MUNICIPALIDAD DISTRITAL DE PAMPAROMAS',NULL,'2016-04-29 05:50:31','2016-04-29 05:50:31',''),(1614,18,'','00001614','MUNICIPALIDAD DISTRITAL DE PAMPAS CHICO',NULL,'2016-04-29 05:50:31','2016-04-29 05:50:31',''),(1615,18,'','00001615','MUNICIPALIDAD DISTRITAL DE PAMPAS DE HOSPITAL',NULL,'2016-04-29 05:50:31','2016-04-29 05:50:31',''),(1616,18,'','00001616','MUNICIPALIDAD DISTRITAL DE PAMPAS-HUARAZ',NULL,'2016-04-29 05:50:31','2016-04-29 05:50:31',''),(1617,18,'','00001617','MUNICIPALIDAD DISTRITAL DE PAMPAS-PALLASCA',NULL,'2016-04-29 05:50:31','2016-04-29 05:50:31',''),(1618,18,'','00001618','MUNICIPALIDAD DISTRITAL DE PANCAN',NULL,'2016-04-29 05:50:31','2016-04-29 05:50:31',''),(1619,18,'','00001619','MUNICIPALIDAD DISTRITAL DE PANGOA',NULL,'2016-04-29 05:50:31','2016-04-29 05:50:31',''),(1620,18,'','00001620','MUNICIPALIDAD DISTRITAL DE PAPAPLAYA',NULL,'2016-04-29 05:50:31','2016-04-29 05:50:31',''),(1621,18,'','00001621','MUNICIPALIDAD DISTRITAL DE PAPAYAL',NULL,'2016-04-29 05:50:31','2016-04-29 05:50:31',''),(1622,18,'','00001622','MUNICIPALIDAD DISTRITAL DE PARACAS',NULL,'2016-04-29 05:50:31','2016-04-29 05:50:31',''),(1623,18,'','00001623','MUNICIPALIDAD DISTRITAL DE PARAMONGA',NULL,'2016-04-29 05:50:31','2016-04-29 05:50:31',''),(1624,18,'','00001624','MUNICIPALIDAD DISTRITAL DE PARANDAY',NULL,'2016-04-29 05:50:31','2016-04-29 05:50:31',''),(1625,18,'','00001625','MUNICIPALIDAD DISTRITAL DE PARARCA',NULL,'2016-04-29 05:50:31','2016-04-29 05:50:31',''),(1626,18,'','00001626','MUNICIPALIDAD DISTRITAL DE PARARIN',NULL,'2016-04-29 05:50:31','2016-04-29 05:50:31',''),(1627,18,'','00001627','MUNICIPALIDAD DISTRITAL DE PARAS',NULL,'2016-04-29 05:50:31','2016-04-29 05:50:31',''),(1628,18,'','00001628','MUNICIPALIDAD DISTRITAL DE PARATIA',NULL,'2016-04-29 05:50:31','2016-04-29 05:50:31',''),(1629,18,'','00001629','MUNICIPALIDAD DISTRITAL DE PARCO-JAUJA',NULL,'2016-04-29 05:50:31','2016-04-29 05:50:31',''),(1630,18,'','00001630','MUNICIPALIDAD DISTRITAL DE PARCONA',NULL,'2016-04-29 05:50:31','2016-04-29 05:50:31',''),(1631,18,'','00001631','MUNICIPALIDAD DISTRITAL DE PARCOY-PATAZ',NULL,'2016-04-29 05:50:31','2016-04-29 05:50:31',''),(1632,18,'','00001632','MUNICIPALIDAD DISTRITAL DE PARDO MIGUEL',NULL,'2016-04-29 05:50:31','2016-04-29 05:50:31',''),(1633,18,'','00001633','MUNICIPALIDAD DISTRITAL DE PARIACOTO',NULL,'2016-04-29 05:50:31','2016-04-29 05:50:31',''),(1634,18,'','00001634','MUNICIPALIDAD DISTRITAL DE PARIAHUANCA-CARHUAZ',NULL,'2016-04-29 05:50:31','2016-04-29 05:50:31',''),(1635,18,'','00001635','MUNICIPALIDAD DISTRITAL DE PARIAHUANCA-HUANCAYO',NULL,'2016-04-29 05:50:31','2016-04-29 05:50:31',''),(1636,18,'','00001636','MUNICIPALIDAD DISTRITAL DE PARINARI',NULL,'2016-04-29 05:50:31','2016-04-29 05:50:31',''),(1637,18,'','00001637','MUNICIPALIDAD DISTRITAL DE PAROBAMBA',NULL,'2016-04-29 05:50:31','2016-04-29 05:50:31',''),(1638,18,'','00001638','MUNICIPALIDAD DISTRITAL DE PASTAZA',NULL,'2016-04-29 05:50:31','2016-04-29 05:50:31',''),(1639,18,'','00001639','MUNICIPALIDAD DISTRITAL DE PATAMBUCO',NULL,'2016-04-29 05:50:31','2016-04-29 05:50:31',''),(1640,18,'','00001640','MUNICIPALIDAD DISTRITAL DE PATAPO',NULL,'2016-04-29 05:50:31','2016-04-29 05:50:31',''),(1641,18,'','00001641','MUNICIPALIDAD DISTRITAL DE PATAYPAMPA',NULL,'2016-04-29 05:50:31','2016-04-29 05:50:31',''),(1642,18,'','00001642','MUNICIPALIDAD DISTRITAL DE PATAZ',NULL,'2016-04-29 05:50:31','2016-04-29 05:50:31',''),(1643,18,'','00001643','MUNICIPALIDAD DISTRITAL DE PATIVILCA',NULL,'2016-04-29 05:50:31','2016-04-29 05:50:31',''),(1644,18,'','00001644','MUNICIPALIDAD DISTRITAL DE PAUCARA',NULL,'2016-04-29 05:50:31','2016-04-29 05:50:31',''),(1645,18,'','00001645','MUNICIPALIDAD DISTRITAL DE PAUCARBAMBA',NULL,'2016-04-29 05:50:31','2016-04-29 05:50:31',''),(1646,18,'','00001646','MUNICIPALIDAD DISTRITAL DE PAUCARCOLLA',NULL,'2016-04-29 05:50:31','2016-04-29 05:50:31',''),(1647,18,'','00001647','MUNICIPALIDAD DISTRITAL DE PAUCAR-DANIEL ALCIDES CARRION',NULL,'2016-04-29 05:50:31','2016-04-29 05:50:31',''),(1648,18,'','00001648','MUNICIPALIDAD DISTRITAL DE PAUCARPATA',NULL,'2016-04-29 05:50:31','2016-04-29 05:50:31',''),(1649,18,'','00001649','MUNICIPALIDAD DISTRITAL DE PAUCARTAMBO',NULL,'2016-04-29 05:50:31','2016-04-29 05:50:31',''),(1650,18,'','00001650','MUNICIPALIDAD DISTRITAL DE PAUCAS-HUARI',NULL,'2016-04-29 05:50:31','2016-04-29 05:50:31',''),(1651,18,'','00001651','MUNICIPALIDAD DISTRITAL DE PAZOS',NULL,'2016-04-29 05:50:31','2016-04-29 05:50:31',''),(1652,18,'','00001652','MUNICIPALIDAD DISTRITAL DE PEBAS',NULL,'2016-04-29 05:50:31','2016-04-29 05:50:31',''),(1653,18,'','00001653','MUNICIPALIDAD DISTRITAL DE PEDRO VILCA APAZA',NULL,'2016-04-29 05:50:31','2016-04-29 05:50:31',''),(1654,18,'','00001654','MUNICIPALIDAD DISTRITAL DE PERENE',NULL,'2016-04-29 05:50:31','2016-04-29 05:50:31',''),(1655,18,'','00001655','MUNICIPALIDAD DISTRITAL DE PHARA',NULL,'2016-04-29 05:50:31','2016-04-29 05:50:31',''),(1656,18,'','00001656','MUNICIPALIDAD DISTRITAL DE PIAS',NULL,'2016-04-29 05:50:31','2016-04-29 05:50:31',''),(1657,18,'','00001657','MUNICIPALIDAD DISTRITAL DE PICHACANI',NULL,'2016-04-29 05:50:31','2016-04-29 05:50:31',''),(1658,18,'','00001658','MUNICIPALIDAD DISTRITAL DE PICHANAQUI',NULL,'2016-04-29 05:50:31','2016-04-29 05:50:31',''),(1659,18,'','00001659','MUNICIPALIDAD DISTRITAL DE PICHARI',NULL,'2016-04-29 05:50:31','2016-04-29 05:50:31',''),(1660,18,'','00001660','MUNICIPALIDAD DISTRITAL DE PICHIGUA',NULL,'2016-04-29 05:50:31','2016-04-29 05:50:31',''),(1661,18,'','00001661','MUNICIPALIDAD DISTRITAL DE PICHIRHUA',NULL,'2016-04-29 05:50:31','2016-04-29 05:50:31',''),(1662,18,'','00001662','MUNICIPALIDAD DISTRITAL DE PICSI',NULL,'2016-04-29 05:50:31','2016-04-29 05:50:31',''),(1663,18,'','00001663','MUNICIPALIDAD DISTRITAL DE PILCHACA',NULL,'2016-04-29 05:50:31','2016-04-29 05:50:31',''),(1664,18,'','00001664','MUNICIPALIDAD DISTRITAL DE PILCOMAYO',NULL,'2016-04-29 05:50:31','2016-04-29 05:50:31',''),(1665,18,'','00001665','MUNICIPALIDAD DISTRITAL DE PILCUYO',NULL,'2016-04-29 05:50:31','2016-04-29 05:50:31',''),(1666,18,'','00001666','MUNICIPALIDAD DISTRITAL DE PILLCO MARCA',NULL,'2016-04-29 05:50:31','2016-04-29 05:50:31',''),(1667,18,'','00001667','MUNICIPALIDAD DISTRITAL DE PILLPINTO',NULL,'2016-04-29 05:50:31','2016-04-29 05:50:31',''),(1668,18,'','00001668','MUNICIPALIDAD DISTRITAL DE PILLUANA',NULL,'2016-04-29 05:50:31','2016-04-29 05:50:31',''),(1669,18,'','00001669','MUNICIPALIDAD DISTRITAL DE PILPICHACA',NULL,'2016-04-29 05:50:31','2016-04-29 05:50:31',''),(1670,18,'','00001670','MUNICIPALIDAD DISTRITAL DE PIMENTEL',NULL,'2016-04-29 05:50:31','2016-04-29 05:50:31',''),(1671,18,'','00001671','MUNICIPALIDAD DISTRITAL DE PIMPINGOS',NULL,'2016-04-29 05:50:31','2016-04-29 05:50:31',''),(1672,18,'','00001672','MUNICIPALIDAD DISTRITAL DE PINRA',NULL,'2016-04-29 05:50:31','2016-04-29 05:50:31',''),(1673,18,'','00001673','MUNICIPALIDAD DISTRITAL DE PINTO RECODO',NULL,'2016-04-29 05:50:31','2016-04-29 05:50:31',''),(1674,18,'','00001674','MUNICIPALIDAD DISTRITAL DE PION',NULL,'2016-04-29 05:50:31','2016-04-29 05:50:31',''),(1675,18,'','00001675','MUNICIPALIDAD DISTRITAL DE PIRA',NULL,'2016-04-29 05:50:31','2016-04-29 05:50:31',''),(1676,18,'','00001676','MUNICIPALIDAD DISTRITAL DE PISAC',NULL,'2016-04-29 05:50:31','2016-04-29 05:50:31',''),(1677,18,'','00001677','MUNICIPALIDAD DISTRITAL DE PISACOMA',NULL,'2016-04-29 05:50:31','2016-04-29 05:50:31',''),(1678,18,'','00001678','MUNICIPALIDAD DISTRITAL DE PISCOYACU',NULL,'2016-04-29 05:50:31','2016-04-29 05:50:31',''),(1679,18,'','00001679','MUNICIPALIDAD DISTRITAL DE PISUQUIA',NULL,'2016-04-29 05:50:31','2016-04-29 05:50:31',''),(1680,18,'','00001680','MUNICIPALIDAD DISTRITAL DE PITIPO',NULL,'2016-04-29 05:50:31','2016-04-29 05:50:31',''),(1681,18,'','00001681','MUNICIPALIDAD DISTRITAL DE PITUMARCA',NULL,'2016-04-29 05:50:31','2016-04-29 05:50:31',''),(1682,18,'','00001682','MUNICIPALIDAD DISTRITAL DE PLATERIA',NULL,'2016-04-29 05:50:31','2016-04-29 05:50:31',''),(1683,18,'','00001683','MUNICIPALIDAD DISTRITAL DE POCOHUANCA',NULL,'2016-04-29 05:50:31','2016-04-29 05:50:31',''),(1684,18,'','00001684','MUNICIPALIDAD DISTRITAL DE POCOLLAY',NULL,'2016-04-29 05:50:31','2016-04-29 05:50:31',''),(1685,18,'','00001685','MUNICIPALIDAD DISTRITAL DE POCSI',NULL,'2016-04-29 05:50:31','2016-04-29 05:50:31',''),(1686,18,'','00001686','MUNICIPALIDAD DISTRITAL DE POLOBAYA',NULL,'2016-04-29 05:50:31','2016-04-29 05:50:31',''),(1687,18,'','00001687','MUNICIPALIDAD DISTRITAL DE POLVORA',NULL,'2016-04-29 05:50:31','2016-04-29 05:50:31',''),(1688,18,'','00001688','MUNICIPALIDAD DISTRITAL DE POMACANCHA',NULL,'2016-04-29 05:50:31','2016-04-29 05:50:31',''),(1689,18,'','00001689','MUNICIPALIDAD DISTRITAL DE POMACANCHI',NULL,'2016-04-29 05:50:31','2016-04-29 05:50:31',''),(1690,18,'','00001690','MUNICIPALIDAD DISTRITAL DE POMACOCHA-ACOBAMBA',NULL,'2016-04-29 05:50:31','2016-04-29 05:50:31',''),(1691,18,'','00001691','MUNICIPALIDAD DISTRITAL DE POMACOCHA-ANDAHUAYLAS',NULL,'2016-04-29 05:50:31','2016-04-29 05:50:31',''),(1692,18,'','00001692','MUNICIPALIDAD DISTRITAL DE POMAHUACA',NULL,'2016-04-29 05:50:31','2016-04-29 05:50:31',''),(1693,18,'','00001693','MUNICIPALIDAD DISTRITAL DE POMALCA',NULL,'2016-04-29 05:50:31','2016-04-29 05:50:31',''),(1694,18,'','00001694','MUNICIPALIDAD DISTRITAL DE POMATA',NULL,'2016-04-29 05:50:31','2016-04-29 05:50:31',''),(1695,18,'','00001695','MUNICIPALIDAD DISTRITAL DE PONTO',NULL,'2016-04-29 05:50:31','2016-04-29 05:50:31',''),(1696,18,'','00001696','MUNICIPALIDAD DISTRITAL DE POROTO',NULL,'2016-04-29 05:50:31','2016-04-29 05:50:31',''),(1697,18,'','00001697','MUNICIPALIDAD DISTRITAL DE POROY',NULL,'2016-04-29 05:50:31','2016-04-29 05:50:31',''),(1698,18,'','00001698','MUNICIPALIDAD DISTRITAL DE POSIC',NULL,'2016-04-29 05:50:31','2016-04-29 05:50:31',''),(1699,18,'','00001699','MUNICIPALIDAD DISTRITAL DE POTONI',NULL,'2016-04-29 05:50:31','2016-04-29 05:50:31',''),(1700,18,'','00001700','MUNICIPALIDAD DISTRITAL DE POZUZO',NULL,'2016-04-29 05:50:31','2016-04-29 05:50:31',''),(1701,18,'','00001701','MUNICIPALIDAD DISTRITAL DE PROGRESO',NULL,'2016-04-29 05:50:31','2016-04-29 05:50:31',''),(1702,18,'','00001702','MUNICIPALIDAD DISTRITAL DE PROVIDENCIA',NULL,'2016-04-29 05:50:31','2016-04-29 05:50:31',''),(1703,18,'','00001703','MUNICIPALIDAD DISTRITAL DE PUCACACA',NULL,'2016-04-29 05:50:31','2016-04-29 05:50:31',''),(1704,18,'','00001704','MUNICIPALIDAD DISTRITAL DE PUCALA',NULL,'2016-04-29 05:50:31','2016-04-29 05:50:31',''),(1705,18,'','00001705','MUNICIPALIDAD DISTRITAL DE PUCARA-HUANCAYO',NULL,'2016-04-29 05:50:31','2016-04-29 05:50:31',''),(1706,18,'','00001706','MUNICIPALIDAD DISTRITAL DE PUCARA-JAEN',NULL,'2016-04-29 05:50:31','2016-04-29 05:50:31',''),(1707,18,'','00001707','MUNICIPALIDAD DISTRITAL DE PUCARA-LAMPA',NULL,'2016-04-29 05:50:31','2016-04-29 05:50:31',''),(1708,18,'','00001708','MUNICIPALIDAD DISTRITAL DE PUCUSANA',NULL,'2016-04-29 05:50:31','2016-04-29 05:50:31',''),(1709,18,'','00001709','MUNICIPALIDAD DISTRITAL DE PUCYURA',NULL,'2016-04-29 05:50:31','2016-04-29 05:50:31',''),(1710,18,'','00001710','MUNICIPALIDAD DISTRITAL DE PUEBLO LIBRE(MAGDALENA VIEJA)',NULL,'2016-04-29 05:50:31','2016-04-29 05:50:31',''),(1711,18,'','00001711','MUNICIPALIDAD DISTRITAL DE PUEBLO LIBRE-HUAYLAS',NULL,'2016-04-29 05:50:31','2016-04-29 05:50:31',''),(1712,18,'','00001712','MUNICIPALIDAD DISTRITAL DE PUEBLO NUEVO-CHEPEN',NULL,'2016-04-29 05:50:31','2016-04-29 05:50:31',''),(1713,18,'','00001713','MUNICIPALIDAD DISTRITAL DE PUEBLO NUEVO-CHINCHA',NULL,'2016-04-29 05:50:31','2016-04-29 05:50:31',''),(1714,18,'','00001714','MUNICIPALIDAD DISTRITAL DE PUEBLO NUEVO-FERREÑAFE',NULL,'2016-04-29 05:50:31','2016-04-29 05:50:31',''),(1715,18,'','00001715','MUNICIPALIDAD DISTRITAL DE PUEBLO NUEVO-ICA',NULL,'2016-04-29 05:50:31','2016-04-29 05:50:31',''),(1716,18,'','00001716','MUNICIPALIDAD DISTRITAL DE PUENTE PIEDRA',NULL,'2016-04-29 05:50:31','2016-04-29 05:50:31',''),(1717,18,'','00001717','MUNICIPALIDAD DISTRITAL DE PUERTO BERMUDEZ',NULL,'2016-04-29 05:50:31','2016-04-29 05:50:31',''),(1718,18,'','00001718','MUNICIPALIDAD DISTRITAL DE PUINAHUA',NULL,'2016-04-29 05:50:31','2016-04-29 05:50:31',''),(1719,18,'','00001719','MUNICIPALIDAD DISTRITAL DE PULAN',NULL,'2016-04-29 05:50:31','2016-04-29 05:50:31',''),(1720,18,'','00001720','MUNICIPALIDAD DISTRITAL DE PULLO',NULL,'2016-04-29 05:50:31','2016-04-29 05:50:31',''),(1721,18,'','00001721','MUNICIPALIDAD DISTRITAL DE PUNCHANA',NULL,'2016-04-29 05:50:31','2016-04-29 05:50:31',''),(1722,18,'','00001722','MUNICIPALIDAD DISTRITAL DE PUNCHAO',NULL,'2016-04-29 05:50:31','2016-04-29 05:50:31',''),(1723,18,'','00001723','MUNICIPALIDAD DISTRITAL DE PUNTA DE BOMBON',NULL,'2016-04-29 05:50:31','2016-04-29 05:50:31',''),(1724,18,'','00001724','MUNICIPALIDAD DISTRITAL DE PUNTA HERMOSA',NULL,'2016-04-29 05:50:31','2016-04-29 05:50:31',''),(1725,18,'','00001725','MUNICIPALIDAD DISTRITAL DE PUNTA NEGRA',NULL,'2016-04-29 05:50:31','2016-04-29 05:50:31',''),(1726,18,'','00001726','MUNICIPALIDAD DISTRITAL DE PUÑOS',NULL,'2016-04-29 05:50:31','2016-04-29 05:50:31',''),(1727,18,'','00001727','MUNICIPALIDAD DISTRITAL DE PUQUINA',NULL,'2016-04-29 05:50:31','2016-04-29 05:50:31',''),(1728,18,'','00001728','MUNICIPALIDAD DISTRITAL DE PUSI',NULL,'2016-04-29 05:50:31','2016-04-29 05:50:31',''),(1729,18,'','00001729','MUNICIPALIDAD DISTRITAL DE PUTINZA',NULL,'2016-04-29 05:50:31','2016-04-29 05:50:31',''),(1730,18,'','00001730','MUNICIPALIDAD DISTRITAL DE PUTUMAYO',NULL,'2016-04-29 05:50:31','2016-04-29 05:50:31',''),(1731,18,'','00001731','MUNICIPALIDAD DISTRITAL DE PUYCA',NULL,'2016-04-29 05:50:31','2016-04-29 05:50:31',''),(1732,18,'','00001732','MUNICIPALIDAD DISTRITAL DE PUYUSCA',NULL,'2016-04-29 05:50:31','2016-04-29 05:50:31',''),(1733,18,'','00001733','MUNICIPALIDAD DISTRITAL DE QUECHUALLA',NULL,'2016-04-29 05:50:31','2016-04-29 05:50:31',''),(1734,18,'','00001734','MUNICIPALIDAD DISTRITAL DE QUEHUE',NULL,'2016-04-29 05:50:31','2016-04-29 05:50:31',''),(1735,18,'','00001735','MUNICIPALIDAD DISTRITAL DE QUELLOUNO',NULL,'2016-04-29 05:50:31','2016-04-29 05:50:31',''),(1736,18,'','00001736','MUNICIPALIDAD DISTRITAL DE QUEQUEÑA',NULL,'2016-04-29 05:50:31','2016-04-29 05:50:31',''),(1737,18,'','00001737','MUNICIPALIDAD DISTRITAL DE QUERCO',NULL,'2016-04-29 05:50:31','2016-04-29 05:50:31',''),(1738,18,'','00001738','MUNICIPALIDAD DISTRITAL DE QUERECOTILLO-SULLANA',NULL,'2016-04-29 05:50:31','2016-04-29 05:50:31',''),(1739,18,'','00001739','MUNICIPALIDAD DISTRITAL DE QUEROCOTILLO',NULL,'2016-04-29 05:50:31','2016-04-29 05:50:31',''),(1740,18,'','00001740','MUNICIPALIDAD DISTRITAL DE QUEROCOTO-CHOTA',NULL,'2016-04-29 05:50:31','2016-04-29 05:50:31',''),(1741,18,'','00001741','MUNICIPALIDAD DISTRITAL DE QUEROPALCA',NULL,'2016-04-29 05:50:31','2016-04-29 05:50:31',''),(1742,18,'','00001742','MUNICIPALIDAD DISTRITAL DE QUIACA',NULL,'2016-04-29 05:50:31','2016-04-29 05:50:31',''),(1743,18,'','00001743','MUNICIPALIDAD DISTRITAL DE QUICACHA',NULL,'2016-04-29 05:50:31','2016-04-29 05:50:31',''),(1744,18,'','00001744','MUNICIPALIDAD DISTRITAL DE QUICHES',NULL,'2016-04-29 05:50:31','2016-04-29 05:50:31',''),(1745,18,'','00001745','MUNICIPALIDAD DISTRITAL DE QUICHUAY',NULL,'2016-04-29 05:50:31','2016-04-29 05:50:31',''),(1746,18,'','00001746','MUNICIPALIDAD DISTRITAL DE QUILAHUANI',NULL,'2016-04-29 05:50:31','2016-04-29 05:50:31',''),(1747,18,'','00001747','MUNICIPALIDAD DISTRITAL DE QUILCA-CAMANA',NULL,'2016-04-29 05:50:31','2016-04-29 05:50:31',''),(1748,18,'','00001748','MUNICIPALIDAD DISTRITAL DE QUILCAPUNCU',NULL,'2016-04-29 05:50:31','2016-04-29 05:50:31',''),(1749,18,'','00001749','MUNICIPALIDAD DISTRITAL DE QUILCAS-HUANCAYO',NULL,'2016-04-29 05:50:31','2016-04-29 05:50:31',''),(1750,18,'','00001750','MUNICIPALIDAD DISTRITAL DE QUILLO',NULL,'2016-04-29 05:50:31','2016-04-29 05:50:31',''),(1751,18,'','00001751','MUNICIPALIDAD DISTRITAL DE QUILMANA',NULL,'2016-04-29 05:50:31','2016-04-29 05:50:31',''),(1752,18,'','00001752','MUNICIPALIDAD DISTRITAL DE QUINCHES',NULL,'2016-04-29 05:50:31','2016-04-29 05:50:31',''),(1753,18,'','00001753','MUNICIPALIDAD DISTRITAL DE QUINISTAQUILLAS',NULL,'2016-04-29 05:50:31','2016-04-29 05:50:31',''),(1754,18,'','00001754','MUNICIPALIDAD DISTRITAL DE QUINJALCA',NULL,'2016-04-29 05:50:31','2016-04-29 05:50:31',''),(1755,18,'','00001755','MUNICIPALIDAD DISTRITAL DE QUINOCAY',NULL,'2016-04-29 05:50:31','2016-04-29 05:50:31',''),(1756,18,'','00001756','MUNICIPALIDAD DISTRITAL DE QUINUA',NULL,'2016-04-29 05:50:31','2016-04-29 05:50:31',''),(1757,18,'','00001757','MUNICIPALIDAD DISTRITAL DE QUINUABAMBA',NULL,'2016-04-29 05:50:31','2016-04-29 05:50:31',''),(1758,18,'','00001758','MUNICIPALIDAD DISTRITAL DE QUIÑOTA',NULL,'2016-04-29 05:50:31','2016-04-29 05:50:31',''),(1759,18,'','00001759','MUNICIPALIDAD DISTRITAL DE QUIQUIJANA',NULL,'2016-04-29 05:50:31','2016-04-29 05:50:31',''),(1760,18,'','00001760','MUNICIPALIDAD DISTRITAL DE QUIRUVILCA',NULL,'2016-04-29 05:50:31','2016-04-29 05:50:31',''),(1761,18,'','00001761','MUNICIPALIDAD DISTRITAL DE QUISHUAR',NULL,'2016-04-29 05:50:31','2016-04-29 05:50:31',''),(1762,18,'','00001762','MUNICIPALIDAD DISTRITAL DE QUISQUI',NULL,'2016-04-29 05:50:31','2016-04-29 05:50:31',''),(1763,18,'','00001763','MUNICIPALIDAD DISTRITAL DE QUITO-ARMA',NULL,'2016-04-29 05:50:31','2016-04-29 05:50:31',''),(1764,18,'','00001764','MUNICIPALIDAD DISTRITAL DE QUIVILLA',NULL,'2016-04-29 05:50:31','2016-04-29 05:50:31',''),(1765,18,'','00001765','MUNICIPALIDAD DISTRITAL DE RAGASH',NULL,'2016-04-29 05:50:31','2016-04-29 05:50:31',''),(1766,18,'','00001766','MUNICIPALIDAD DISTRITAL DE RAHUAPAMPA',NULL,'2016-04-29 05:50:31','2016-04-29 05:50:31',''),(1767,18,'','00001767','MUNICIPALIDAD DISTRITAL DE RANRACANCHA',NULL,'2016-04-29 05:50:31','2016-04-29 05:50:31',''),(1768,18,'','00001768','MUNICIPALIDAD DISTRITAL DE RANRAHIRCA',NULL,'2016-04-29 05:50:31','2016-04-29 05:50:31',''),(1769,18,'','00001769','MUNICIPALIDAD DISTRITAL DE RAPAYAN',NULL,'2016-04-29 05:50:31','2016-04-29 05:50:31',''),(1770,18,'','00001770','MUNICIPALIDAD DISTRITAL DE RAZURI',NULL,'2016-04-29 05:50:31','2016-04-29 05:50:31',''),(1771,18,'','00001771','MUNICIPALIDAD DISTRITAL DE RECTA',NULL,'2016-04-29 05:50:31','2016-04-29 05:50:31',''),(1772,18,'','00001772','MUNICIPALIDAD DISTRITAL DE REQUE',NULL,'2016-04-29 05:50:31','2016-04-29 05:50:31',''),(1773,18,'','00001773','MUNICIPALIDAD DISTRITAL DE RICARDO PALMA',NULL,'2016-04-29 05:50:31','2016-04-29 05:50:31',''),(1774,18,'','00001774','MUNICIPALIDAD DISTRITAL DE RICRAN',NULL,'2016-04-29 05:50:31','2016-04-29 05:50:31',''),(1775,18,'','00001775','MUNICIPALIDAD DISTRITAL DE RINCONADA LLICUAR',NULL,'2016-04-29 05:50:31','2016-04-29 05:50:31',''),(1776,18,'','00001776','MUNICIPALIDAD DISTRITAL DE RIO GRANDE-CONDESUYOS',NULL,'2016-04-29 05:50:31','2016-04-29 05:50:31',''),(1777,18,'','00001777','MUNICIPALIDAD DISTRITAL DE RIO GRANDE-PALPA',NULL,'2016-04-29 05:50:31','2016-04-29 05:50:31',''),(1778,18,'','00001778','MUNICIPALIDAD DISTRITAL DE RIO NEGRO',NULL,'2016-04-29 05:50:31','2016-04-29 05:50:31',''),(1779,18,'','00001779','MUNICIPALIDAD DISTRITAL DE RIO SANTIAGO',NULL,'2016-04-29 05:50:31','2016-04-29 05:50:31',''),(1780,18,'','00001780','MUNICIPALIDAD DISTRITAL DE RIO TAMBO',NULL,'2016-04-29 05:50:31','2016-04-29 05:50:31',''),(1781,18,'','00001781','MUNICIPALIDAD DISTRITAL DE RIPAN',NULL,'2016-04-29 05:50:31','2016-04-29 05:50:31',''),(1782,18,'','00001782','MUNICIPALIDAD DISTRITAL DE RONDOCAN',NULL,'2016-04-29 05:50:31','2016-04-29 05:50:31',''),(1783,18,'','00001783','MUNICIPALIDAD DISTRITAL DE RONDOS',NULL,'2016-04-29 05:50:31','2016-04-29 05:50:31',''),(1784,18,'','00001784','MUNICIPALIDAD DISTRITAL DE ROSARIO',NULL,'2016-04-29 05:50:31','2016-04-29 05:50:31',''),(1785,18,'','00001785','MUNICIPALIDAD DISTRITAL DE ROSASPATA',NULL,'2016-04-29 05:50:31','2016-04-29 05:50:31',''),(1786,18,'','00001786','MUNICIPALIDAD DISTRITAL DE RUMISAPA',NULL,'2016-04-29 05:50:31','2016-04-29 05:50:31',''),(1787,18,'','00001787','MUNICIPALIDAD DISTRITAL DE SABAINO',NULL,'2016-04-29 05:50:31','2016-04-29 05:50:31',''),(1788,18,'','00001788','MUNICIPALIDAD DISTRITAL DE SABANDIA',NULL,'2016-04-29 05:50:31','2016-04-29 05:50:31',''),(1789,18,'','00001789','MUNICIPALIDAD DISTRITAL DE SACANCHE',NULL,'2016-04-29 05:50:31','2016-04-29 05:50:31',''),(1790,18,'','00001790','MUNICIPALIDAD DISTRITAL DE SACHACA',NULL,'2016-04-29 05:50:31','2016-04-29 05:50:31',''),(1791,18,'','00001791','MUNICIPALIDAD DISTRITAL DE SACSAMARCA',NULL,'2016-04-29 05:50:31','2016-04-29 05:50:31',''),(1792,18,'','00001792','MUNICIPALIDAD DISTRITAL DE SAISA',NULL,'2016-04-29 05:50:31','2016-04-29 05:50:31',''),(1793,18,'','00001793','MUNICIPALIDAD DISTRITAL DE SALAMANCA',NULL,'2016-04-29 05:50:31','2016-04-29 05:50:31',''),(1794,18,'','00001794','MUNICIPALIDAD DISTRITAL DE SALAS-ICA',NULL,'2016-04-29 05:50:31','2016-04-29 05:50:31',''),(1795,18,'','00001795','MUNICIPALIDAD DISTRITAL DE SALAS-LAMBAYEQUE',NULL,'2016-04-29 05:50:31','2016-04-29 05:50:31',''),(1796,18,'','00001796','MUNICIPALIDAD DISTRITAL DE SALAVERRY',NULL,'2016-04-29 05:50:31','2016-04-29 05:50:31',''),(1797,18,'','00001797','MUNICIPALIDAD DISTRITAL DE SALCABAMBA',NULL,'2016-04-29 05:50:31','2016-04-29 05:50:31',''),(1798,18,'','00001798','MUNICIPALIDAD DISTRITAL DE SALCAHUASI',NULL,'2016-04-29 05:50:31','2016-04-29 05:50:31',''),(1799,18,'','00001799','MUNICIPALIDAD DISTRITAL DE SALITRAL-MORROPON',NULL,'2016-04-29 05:50:31','2016-04-29 05:50:31',''),(1800,18,'','00001800','MUNICIPALIDAD DISTRITAL DE SALITRAL-SULLANA',NULL,'2016-04-29 05:50:31','2016-04-29 05:50:31',''),(1801,18,'','00001801','MUNICIPALIDAD DISTRITAL DE SALLIQUE',NULL,'2016-04-29 05:50:31','2016-04-29 05:50:31',''),(1802,18,'','00001802','MUNICIPALIDAD DISTRITAL DE SALPO',NULL,'2016-04-29 05:50:31','2016-04-29 05:50:31',''),(1803,18,'','00001803','MUNICIPALIDAD DISTRITAL DE SAMA',NULL,'2016-04-29 05:50:31','2016-04-29 05:50:31',''),(1804,18,'','00001804','MUNICIPALIDAD DISTRITAL DE SAMAN',NULL,'2016-04-29 05:50:31','2016-04-29 05:50:31',''),(1805,18,'','00001805','MUNICIPALIDAD DISTRITAL DE SAMANCO',NULL,'2016-04-29 05:50:31','2016-04-29 05:50:31',''),(1806,18,'','00001806','MUNICIPALIDAD DISTRITAL DE SAMEGUA',NULL,'2016-04-29 05:50:31','2016-04-29 05:50:31',''),(1807,18,'','00001807','MUNICIPALIDAD DISTRITAL DE SAMUEL PASTOR',NULL,'2016-04-29 05:50:31','2016-04-29 05:50:31',''),(1808,18,'','00001808','MUNICIPALIDAD DISTRITAL DE SAMUGARI',NULL,'2016-04-29 05:50:31','2016-04-29 05:50:31',''),(1809,18,'','00001809','MUNICIPALIDAD DISTRITAL DE SAN AGUSTIN',NULL,'2016-04-29 05:50:31','2016-04-29 05:50:31',''),(1810,18,'','00001810','MUNICIPALIDAD DISTRITAL DE SAN ANDRES',NULL,'2016-04-29 05:50:31','2016-04-29 05:50:31',''),(1811,18,'','00001811','MUNICIPALIDAD DISTRITAL DE SAN ANDRES DE CUTERVO',NULL,'2016-04-29 05:50:31','2016-04-29 05:50:31',''),(1812,18,'','00001812','MUNICIPALIDAD DISTRITAL DE SAN ANDRES DE TUPICOCHA',NULL,'2016-04-29 05:50:31','2016-04-29 05:50:31',''),(1813,18,'','00001813','MUNICIPALIDAD DISTRITAL DE SAN ANTON-AZANGARO',NULL,'2016-04-29 05:50:31','2016-04-29 05:50:31',''),(1814,18,'','00001814','MUNICIPALIDAD DISTRITAL DE SAN ANTONIO DE ANTAPARCO',NULL,'2016-04-29 05:50:31','2016-04-29 05:50:31',''),(1815,18,'','00001815','MUNICIPALIDAD DISTRITAL DE SAN ANTONIO DE CACHI',NULL,'2016-04-29 05:50:31','2016-04-29 05:50:31',''),(1816,18,'','00001816','MUNICIPALIDAD DISTRITAL DE SAN ANTONIO DE CHUCA',NULL,'2016-04-29 05:50:31','2016-04-29 05:50:31',''),(1817,18,'','00001817','MUNICIPALIDAD DISTRITAL DE SAN ANTONIO DE CUSICANCHA',NULL,'2016-04-29 05:50:31','2016-04-29 05:50:31',''),(1818,18,'','00001818','MUNICIPALIDAD DISTRITAL DE SAN ANTONIO-CAÑETE',NULL,'2016-04-29 05:50:31','2016-04-29 05:50:31',''),(1819,18,'','00001819','MUNICIPALIDAD DISTRITAL DE SAN ANTONIO-GRAU',NULL,'2016-04-29 05:50:31','2016-04-29 05:50:31',''),(1820,18,'','00001820','MUNICIPALIDAD DISTRITAL DE SAN ANTONIO-HUAROCHIRI',NULL,'2016-04-29 05:50:31','2016-04-29 05:50:31',''),(1821,18,'','00001821','MUNICIPALIDAD DISTRITAL DE SAN ANTONIO-PUNO',NULL,'2016-04-29 05:50:31','2016-04-29 05:50:31',''),(1822,18,'','00001822','MUNICIPALIDAD DISTRITAL DE SAN ANTONIO-SAN MARTIN',NULL,'2016-04-29 05:50:31','2016-04-29 05:50:31',''),(1823,18,'','00001823','MUNICIPALIDAD DISTRITAL DE SAN BARTOLO',NULL,'2016-04-29 05:50:31','2016-04-29 05:50:31',''),(1824,18,'','00001824','MUNICIPALIDAD DISTRITAL DE SAN BARTOLOME',NULL,'2016-04-29 05:50:31','2016-04-29 05:50:31',''),(1825,18,'','00001825','MUNICIPALIDAD DISTRITAL DE SAN BENITO',NULL,'2016-04-29 05:50:31','2016-04-29 05:50:31',''),(1826,18,'','00001826','MUNICIPALIDAD DISTRITAL DE SAN BERNARDINO',NULL,'2016-04-29 05:50:31','2016-04-29 05:50:31',''),(1827,18,'','00001827','MUNICIPALIDAD DISTRITAL DE SAN BORJA',NULL,'2016-04-29 05:50:31','2016-04-29 05:50:31',''),(1828,18,'','00001828','MUNICIPALIDAD DISTRITAL DE SAN BUENAVENTURA-CANTA',NULL,'2016-04-29 05:50:31','2016-04-29 05:50:31',''),(1829,18,'','00001829','MUNICIPALIDAD DISTRITAL DE SAN BUENAVENTURA-MARAÑON',NULL,'2016-04-29 05:50:31','2016-04-29 05:50:31',''),(1830,18,'','00001830','MUNICIPALIDAD DISTRITAL DE SAN CARLOS',NULL,'2016-04-29 05:50:31','2016-04-29 05:50:31',''),(1831,18,'','00001831','MUNICIPALIDAD DISTRITAL DE SAN CLEMENTE',NULL,'2016-04-29 05:50:31','2016-04-29 05:50:31',''),(1832,18,'','00001832','MUNICIPALIDAD DISTRITAL DE SAN CRISTOBAL DE RAJAN',NULL,'2016-04-29 05:50:31','2016-04-29 05:50:31',''),(1833,18,'','00001833','MUNICIPALIDAD DISTRITAL DE SAN CRISTOBAL-LUCANAS',NULL,'2016-04-29 05:50:31','2016-04-29 05:50:31',''),(1834,18,'','00001834','MUNICIPALIDAD DISTRITAL DE SAN CRISTOBAL-LUYA',NULL,'2016-04-29 05:50:31','2016-04-29 05:50:31',''),(1835,18,'','00001835','MUNICIPALIDAD DISTRITAL DE SAN CRISTOBAL-MARISCAL NIETO',NULL,'2016-04-29 05:50:31','2016-04-29 05:50:31',''),(1836,18,'','00001836','MUNICIPALIDAD DISTRITAL DE SAN CRISTOBAL-PICOTA',NULL,'2016-04-29 05:50:31','2016-04-29 05:50:31',''),(1837,18,'','00001837','MUNICIPALIDAD DISTRITAL DE SAN DAMIAN',NULL,'2016-04-29 05:50:31','2016-04-29 05:50:31',''),(1838,18,'','00001838','MUNICIPALIDAD DISTRITAL DE SAN FELIPE',NULL,'2016-04-29 05:50:31','2016-04-29 05:50:31',''),(1839,18,'','00001839','MUNICIPALIDAD DISTRITAL DE SAN FERNANDO',NULL,'2016-04-29 05:50:31','2016-04-29 05:50:31',''),(1840,18,'','00001840','MUNICIPALIDAD DISTRITAL DE SAN FRANCISCO',NULL,'2016-04-29 05:50:31','2016-04-29 05:50:31',''),(1841,18,'','00001841','MUNICIPALIDAD DISTRITAL DE SAN FRANCISCO DE ASIS',NULL,'2016-04-29 05:50:31','2016-04-29 05:50:31',''),(1842,18,'','00001842','MUNICIPALIDAD DISTRITAL DE SAN FRANCISCO DE ASIS DE YARUSYACAN',NULL,'2016-04-29 05:50:31','2016-04-29 05:50:31',''),(1843,18,'','00001843','MUNICIPALIDAD DISTRITAL DE SAN FRANCISCO DE CAYRAN',NULL,'2016-04-29 05:50:31','2016-04-29 05:50:31',''),(1844,18,'','00001844','MUNICIPALIDAD DISTRITAL DE SAN FRANCISCO DE DAGUAS',NULL,'2016-04-29 05:50:31','2016-04-29 05:50:31',''),(1845,18,'','00001845','MUNICIPALIDAD DISTRITAL DE SAN FRANCISCO DE RAVACAYCO',NULL,'2016-04-29 05:50:31','2016-04-29 05:50:31',''),(1846,18,'','00001846','MUNICIPALIDAD DISTRITAL DE SAN FRANCISCO DE SANGAYAICO',NULL,'2016-04-29 05:50:31','2016-04-29 05:50:31',''),(1847,18,'','00001847','MUNICIPALIDAD DISTRITAL DE SAN FRANCISCO DEL YESO',NULL,'2016-04-29 05:50:31','2016-04-29 05:50:31',''),(1848,18,'','00001848','MUNICIPALIDAD DISTRITAL DE SAN GABAN',NULL,'2016-04-29 05:50:31','2016-04-29 05:50:31',''),(1849,18,'','00001849','MUNICIPALIDAD DISTRITAL DE SAN GREGORIO',NULL,'2016-04-29 05:50:31','2016-04-29 05:50:31',''),(1850,18,'','00001850','MUNICIPALIDAD DISTRITAL DE SAN HILARION',NULL,'2016-04-29 05:50:31','2016-04-29 05:50:31',''),(1851,18,'','00001851','MUNICIPALIDAD DISTRITAL DE SAN ISIDRO DE MAINO',NULL,'2016-04-29 05:50:31','2016-04-29 05:50:31',''),(1852,18,'','00001852','MUNICIPALIDAD DISTRITAL DE SAN ISIDRO-HUAYTARA',NULL,'2016-04-29 05:50:31','2016-04-29 05:50:31',''),(1853,18,'','00001853','MUNICIPALIDAD DISTRITAL DE SAN ISIDRO-LIMA',NULL,'2016-04-29 05:50:31','2016-04-29 05:50:31',''),(1854,18,'','00001854','MUNICIPALIDAD DISTRITAL DE SAN JACINTO',NULL,'2016-04-29 05:50:31','2016-04-29 05:50:31',''),(1855,18,'','00001855','MUNICIPALIDAD DISTRITAL DE SAN JAVIER DE ALPABAMBA',NULL,'2016-04-29 05:50:31','2016-04-29 05:50:31',''),(1856,18,'','00001856','MUNICIPALIDAD DISTRITAL DE SAN JERONIMO',NULL,'2016-04-29 05:50:31','2016-04-29 05:50:31',''),(1857,18,'','00001857','MUNICIPALIDAD DISTRITAL DE SAN JERONIMO DE TUNAN',NULL,'2016-04-29 05:50:31','2016-04-29 05:50:31',''),(1858,18,'','00001858','MUNICIPALIDAD DISTRITAL DE SAN JERONIMO-ANDAHUAYLAS',NULL,'2016-04-29 05:50:31','2016-04-29 05:50:31',''),(1859,18,'','00001859','MUNICIPALIDAD DISTRITAL DE SAN JERONIMO-LUYA',NULL,'2016-04-29 05:50:31','2016-04-29 05:50:31',''),(1860,18,'','00001860','MUNICIPALIDAD DISTRITAL DE SAN JOAQUIN',NULL,'2016-04-29 05:50:31','2016-04-29 05:50:31',''),(1861,18,'','00001861','MUNICIPALIDAD DISTRITAL DE SAN JOSE DE LOS MOLINOS',NULL,'2016-04-29 05:50:31','2016-04-29 05:50:31',''),(1862,18,'','00001862','MUNICIPALIDAD DISTRITAL DE SAN JOSE DE LOURDES',NULL,'2016-04-29 05:50:31','2016-04-29 05:50:31',''),(1863,18,'','00001863','MUNICIPALIDAD DISTRITAL DE SAN JOSE DE QUERO',NULL,'2016-04-29 05:50:31','2016-04-29 05:50:31',''),(1864,18,'','00001864','MUNICIPALIDAD DISTRITAL DE SAN JOSE DE TICLLAS',NULL,'2016-04-29 05:50:31','2016-04-29 05:50:31',''),(1865,18,'','00001865','MUNICIPALIDAD DISTRITAL DE SAN JOSE DE USHUA',NULL,'2016-04-29 05:50:31','2016-04-29 05:50:31',''),(1866,18,'','00001866','MUNICIPALIDAD DISTRITAL DE SAN JOSE DEL ALTO',NULL,'2016-04-29 05:50:31','2016-04-29 05:50:31',''),(1867,18,'','00001867','MUNICIPALIDAD DISTRITAL DE SAN JOSE-AZANGARO',NULL,'2016-04-29 05:50:31','2016-04-29 05:50:31',''),(1868,18,'','00001868','MUNICIPALIDAD DISTRITAL DE SAN JOSE-LAMBAYEQUE',NULL,'2016-04-29 05:50:31','2016-04-29 05:50:31',''),(1869,18,'','00001869','MUNICIPALIDAD DISTRITAL DE SAN JOSE-PACASMAYO',NULL,'2016-04-29 05:50:31','2016-04-29 05:50:31',''),(1870,18,'','00001870','MUNICIPALIDAD DISTRITAL DE SAN JUAN BAUTISTA-HUAMANGA',NULL,'2016-04-29 05:50:31','2016-04-29 05:50:31',''),(1871,18,'','00001871','MUNICIPALIDAD DISTRITAL DE SAN JUAN BAUTISTA-ICA',NULL,'2016-04-29 05:50:31','2016-04-29 05:50:31',''),(1872,18,'','00001872','MUNICIPALIDAD DISTRITAL DE SAN JUAN BAUTISTA-MAYNAS',NULL,'2016-04-29 05:50:31','2016-04-29 05:50:31',''),(1873,18,'','00001873','MUNICIPALIDAD DISTRITAL DE SAN JUAN DE BIGOTE',NULL,'2016-04-29 05:50:31','2016-04-29 05:50:31',''),(1874,18,'','00001874','MUNICIPALIDAD DISTRITAL DE SAN JUAN DE CHACÑA',NULL,'2016-04-29 05:50:31','2016-04-29 05:50:31',''),(1875,18,'','00001875','MUNICIPALIDAD DISTRITAL DE SAN JUAN DE CUTERVO',NULL,'2016-04-29 05:50:31','2016-04-29 05:50:31',''),(1876,18,'','00001876','MUNICIPALIDAD DISTRITAL DE SAN JUAN DE IRIS',NULL,'2016-04-29 05:50:31','2016-04-29 05:50:31',''),(1877,18,'','00001877','MUNICIPALIDAD DISTRITAL DE SAN JUAN DE JARPA',NULL,'2016-04-29 05:50:31','2016-04-29 05:50:31',''),(1878,18,'','00001878','MUNICIPALIDAD DISTRITAL DE SAN JUAN DE LA VIRGEN',NULL,'2016-04-29 05:50:31','2016-04-29 05:50:31',''),(1879,18,'','00001879','MUNICIPALIDAD DISTRITAL DE SAN JUAN DE LICUPIS',NULL,'2016-04-29 05:50:31','2016-04-29 05:50:31',''),(1880,18,'','00001880','MUNICIPALIDAD DISTRITAL DE SAN JUAN DE LOPECANCHA',NULL,'2016-04-29 05:50:31','2016-04-29 05:50:31',''),(1881,18,'','00001881','MUNICIPALIDAD DISTRITAL DE SAN JUAN DE LURIGANCHO',NULL,'2016-04-29 05:50:31','2016-04-29 05:50:31',''),(1882,18,'','00001882','MUNICIPALIDAD DISTRITAL DE SAN JUAN DE MIRAFLORES',NULL,'2016-04-29 05:50:31','2016-04-29 05:50:31',''),(1883,18,'','00001883','MUNICIPALIDAD DISTRITAL DE SAN JUAN DE RONTOY',NULL,'2016-04-29 05:50:31','2016-04-29 05:50:31',''),(1884,18,'','00001884','MUNICIPALIDAD DISTRITAL DE SAN JUAN DE SALINAS',NULL,'2016-04-29 05:50:31','2016-04-29 05:50:31',''),(1885,18,'','00001885','MUNICIPALIDAD DISTRITAL DE SAN JUAN DE SIGUAS',NULL,'2016-04-29 05:50:31','2016-04-29 05:50:31',''),(1886,18,'','00001886','MUNICIPALIDAD DISTRITAL DE SAN JUAN DE TANTARANCHE',NULL,'2016-04-29 05:50:31','2016-04-29 05:50:31',''),(1887,18,'','00001887','MUNICIPALIDAD DISTRITAL DE SAN JUAN DE TARUCANI',NULL,'2016-04-29 05:50:31','2016-04-29 05:50:31',''),(1888,18,'','00001888','MUNICIPALIDAD DISTRITAL DE SAN JUAN DE YANAC',NULL,'2016-04-29 05:50:31','2016-04-29 05:50:31',''),(1889,18,'','00001889','MUNICIPALIDAD DISTRITAL DE SAN JUAN DE YSCOS',NULL,'2016-04-29 05:50:31','2016-04-29 05:50:31',''),(1890,18,'','00001890','MUNICIPALIDAD DISTRITAL DE SAN JUAN DEL ORO',NULL,'2016-04-29 05:50:31','2016-04-29 05:50:31',''),(1891,18,'','00001891','MUNICIPALIDAD DISTRITAL DE SAN JUAN-CAJAMARCA',NULL,'2016-04-29 05:50:31','2016-04-29 05:50:31',''),(1892,18,'','00001892','MUNICIPALIDAD DISTRITAL DE SAN JUAN-CASTROVIRREYNA',NULL,'2016-04-29 05:50:31','2016-04-29 05:50:31',''),(1893,18,'','00001893','MUNICIPALIDAD DISTRITAL DE SAN JUAN-LUCANAS',NULL,'2016-04-29 05:50:31','2016-04-29 05:50:31',''),(1894,18,'','00001894','MUNICIPALIDAD DISTRITAL DE SAN JUAN-SIHUAS',NULL,'2016-04-29 05:50:31','2016-04-29 05:50:31',''),(1895,18,'','00001895','MUNICIPALIDAD DISTRITAL DE SAN LORENZO',NULL,'2016-04-29 05:50:31','2016-04-29 05:50:31',''),(1896,18,'','00001896','MUNICIPALIDAD DISTRITAL DE SAN LORENZO DE QUINTI',NULL,'2016-04-29 05:50:31','2016-04-29 05:50:31',''),(1897,18,'','00001897','MUNICIPALIDAD DISTRITAL DE SAN LUIS DE LUCMA',NULL,'2016-04-29 05:50:31','2016-04-29 05:50:31',''),(1898,18,'','00001898','MUNICIPALIDAD DISTRITAL DE SAN LUIS DE SHUARO',NULL,'2016-04-29 05:50:31','2016-04-29 05:50:31',''),(1899,18,'','00001899','MUNICIPALIDAD DISTRITAL DE SAN LUIS LIMA',NULL,'2016-04-29 05:50:31','2016-04-29 05:50:31',''),(1900,18,'','00001900','MUNICIPALIDAD DISTRITAL DE SAN LUIS-CAÑETE',NULL,'2016-04-29 05:50:31','2016-04-29 05:50:31',''),(1901,18,'','00001901','MUNICIPALIDAD DISTRITAL DE SAN LUIS-SAN PABLO',NULL,'2016-04-29 05:50:31','2016-04-29 05:50:31',''),(1902,18,'','00001902','MUNICIPALIDAD DISTRITAL DE SAN MARCOS DE ROCCHAC',NULL,'2016-04-29 05:50:31','2016-04-29 05:50:31',''),(1903,18,'','00001903','MUNICIPALIDAD DISTRITAL DE SAN MARCOS-HUARI',NULL,'2016-04-29 05:50:31','2016-04-29 05:50:31',''),(1904,18,'','00001904','MUNICIPALIDAD DISTRITAL DE SAN MARTIN',NULL,'2016-04-29 05:50:31','2016-04-29 05:50:31',''),(1905,18,'','00001905','MUNICIPALIDAD DISTRITAL DE SAN MARTIN DE PORRES',NULL,'2016-04-29 05:50:31','2016-04-29 05:50:31',''),(1906,18,'','00001906','MUNICIPALIDAD DISTRITAL DE SAN MATEO DE OTAO',NULL,'2016-04-29 05:50:31','2016-04-29 05:50:31',''),(1907,18,'','00001907','MUNICIPALIDAD DISTRITAL DE SAN MATEO-HUAROCHIRI',NULL,'2016-04-29 05:50:31','2016-04-29 05:50:31',''),(1908,18,'','00001908','MUNICIPALIDAD DISTRITAL DE SAN MIGUEL',NULL,'2016-04-29 05:50:31','2016-04-29 05:50:31',''),(1909,18,'','00001909','MUNICIPALIDAD DISTRITAL DE SAN MIGUEL DE ACO',NULL,'2016-04-29 05:50:31','2016-04-29 05:50:31',''),(1910,18,'','00001910','MUNICIPALIDAD DISTRITAL DE SAN MIGUEL DE ACOS',NULL,'2016-04-29 05:50:31','2016-04-29 05:50:31',''),(1911,18,'','00001911','MUNICIPALIDAD DISTRITAL DE SAN MIGUEL DE CAURI',NULL,'2016-04-29 05:50:31','2016-04-29 05:50:31',''),(1912,18,'','00001912','MUNICIPALIDAD DISTRITAL DE SAN MIGUEL DE CHACCRAMPA',NULL,'2016-04-29 05:50:31','2016-04-29 05:50:31',''),(1913,18,'','00001913','MUNICIPALIDAD DISTRITAL DE SAN MIGUEL DE CORPANQUI',NULL,'2016-04-29 05:50:31','2016-04-29 05:50:31',''),(1914,18,'','00001914','MUNICIPALIDAD DISTRITAL DE SAN MIGUEL DE EL FAIQUE',NULL,'2016-04-29 05:50:31','2016-04-29 05:50:31',''),(1915,18,'','00001915','MUNICIPALIDAD DISTRITAL DE SAN MIGUEL DE MAYOCC',NULL,'2016-04-29 05:50:31','2016-04-29 05:50:31',''),(1916,18,'','00001916','MUNICIPALIDAD DISTRITAL DE SAN NICOLAS',NULL,'2016-04-29 05:50:31','2016-04-29 05:50:31',''),(1917,18,'','00001917','MUNICIPALIDAD DISTRITAL DE SAN PABLO-BELLAVISTA',NULL,'2016-04-29 05:50:31','2016-04-29 05:50:31',''),(1918,18,'','00001918','MUNICIPALIDAD DISTRITAL DE SAN PABLO-CANCHIS',NULL,'2016-04-29 05:50:31','2016-04-29 05:50:31',''),(1919,18,'','00001919','MUNICIPALIDAD DISTRITAL DE SAN PABLO-MARISCAL RAMON CASTILLA',NULL,'2016-04-29 05:50:31','2016-04-29 05:50:31',''),(1920,18,'','00001920','MUNICIPALIDAD DISTRITAL DE SAN PEDRO DE CACHORA',NULL,'2016-04-29 05:50:31','2016-04-29 05:50:31',''),(1921,18,'','00001921','MUNICIPALIDAD DISTRITAL DE SAN PEDRO DE CAJAS',NULL,'2016-04-29 05:50:31','2016-04-29 05:50:31',''),(1922,18,'','00001922','MUNICIPALIDAD DISTRITAL DE SAN PEDRO DE CASTA',NULL,'2016-04-29 05:50:31','2016-04-29 05:50:31',''),(1923,18,'','00001923','MUNICIPALIDAD DISTRITAL DE SAN PEDRO DE CHANA',NULL,'2016-04-29 05:50:31','2016-04-29 05:50:31',''),(1924,18,'','00001924','MUNICIPALIDAD DISTRITAL DE SAN PEDRO DE CHAULAN',NULL,'2016-04-29 05:50:31','2016-04-29 05:50:31',''),(1925,18,'','00001925','MUNICIPALIDAD DISTRITAL DE SAN PEDRO DE CHUNAN',NULL,'2016-04-29 05:50:31','2016-04-29 05:50:31',''),(1926,18,'','00001926','MUNICIPALIDAD DISTRITAL DE SAN PEDRO DE CORIS',NULL,'2016-04-29 05:50:31','2016-04-29 05:50:31',''),(1927,18,'','00001927','MUNICIPALIDAD DISTRITAL DE SAN PEDRO DE HUACARPANA',NULL,'2016-04-29 05:50:31','2016-04-29 05:50:31',''),(1928,18,'','00001928','MUNICIPALIDAD DISTRITAL DE SAN PEDRO DE HUANCAYRE',NULL,'2016-04-29 05:50:31','2016-04-29 05:50:31',''),(1929,18,'','00001929','MUNICIPALIDAD DISTRITAL DE SAN PEDRO DE LARCAY',NULL,'2016-04-29 05:50:31','2016-04-29 05:50:31',''),(1930,18,'','00001930','MUNICIPALIDAD DISTRITAL DE SAN PEDRO DE PALCO',NULL,'2016-04-29 05:50:31','2016-04-29 05:50:31',''),(1931,18,'','00001931','MUNICIPALIDAD DISTRITAL DE SAN PEDRO DE PILAS',NULL,'2016-04-29 05:50:31','2016-04-29 05:50:31',''),(1932,18,'','00001932','MUNICIPALIDAD DISTRITAL DE SAN PEDRO DE PILLAO',NULL,'2016-04-29 05:50:31','2016-04-29 05:50:31',''),(1933,18,'','00001933','MUNICIPALIDAD DISTRITAL DE SAN PEDRO DE PUTINA PUNCO',NULL,'2016-04-29 05:50:31','2016-04-29 05:50:31',''),(1934,18,'','00001934','MUNICIPALIDAD DISTRITAL DE SAN PEDRO-CANCHIS',NULL,'2016-04-29 05:50:31','2016-04-29 05:50:31',''),(1935,18,'','00001935','MUNICIPALIDAD DISTRITAL DE SAN PEDRO-LUCANAS',NULL,'2016-04-29 05:50:31','2016-04-29 05:50:31',''),(1936,18,'','00001936','MUNICIPALIDAD DISTRITAL DE SAN PEDRO-OCROS',NULL,'2016-04-29 05:50:31','2016-04-29 05:50:31',''),(1937,18,'','00001937','MUNICIPALIDAD DISTRITAL DE SAN RAFAEL-AMBO',NULL,'2016-04-29 05:50:31','2016-04-29 05:50:31',''),(1938,18,'','00001938','MUNICIPALIDAD DISTRITAL DE SAN RAFAEL-BELLAVISTA',NULL,'2016-04-29 05:50:31','2016-04-29 05:50:31',''),(1939,18,'','00001939','MUNICIPALIDAD DISTRITAL DE SAN RAMON',NULL,'2016-04-29 05:50:31','2016-04-29 05:50:31',''),(1940,18,'','00001940','MUNICIPALIDAD DISTRITAL DE SAN ROQUE DE CUMBAZA',NULL,'2016-04-29 05:50:31','2016-04-29 05:50:31',''),(1941,18,'','00001941','MUNICIPALIDAD DISTRITAL DE SAN SALVADOR',NULL,'2016-04-29 05:50:31','2016-04-29 05:50:31',''),(1942,18,'','00001942','MUNICIPALIDAD DISTRITAL DE SAN SALVADOR DE QUIJE',NULL,'2016-04-29 05:50:31','2016-04-29 05:50:31',''),(1943,18,'','00001943','MUNICIPALIDAD DISTRITAL DE SAN SEBASTIAN',NULL,'2016-04-29 05:50:31','2016-04-29 05:50:31',''),(1944,18,'','00001944','MUNICIPALIDAD DISTRITAL DE SAN SILVESTRE DE COCHAN',NULL,'2016-04-29 05:50:31','2016-04-29 05:50:31',''),(1945,18,'','00001945','MUNICIPALIDAD DISTRITAL DE SANAGORAN',NULL,'2016-04-29 05:50:31','2016-04-29 05:50:31',''),(1946,18,'','00001946','MUNICIPALIDAD DISTRITAL DE SANCOS',NULL,'2016-04-29 05:50:31','2016-04-29 05:50:31',''),(1947,18,'','00001947','MUNICIPALIDAD DISTRITAL DE SANGALLAYA',NULL,'2016-04-29 05:50:31','2016-04-29 05:50:31',''),(1948,18,'','00001948','MUNICIPALIDAD DISTRITAL DE SANGARARA',NULL,'2016-04-29 05:50:31','2016-04-29 05:50:31',''),(1949,18,'','00001949','MUNICIPALIDAD DISTRITAL DE SANTA ANA',NULL,'2016-04-29 05:50:31','2016-04-29 05:50:31',''),(1950,18,'','00001950','MUNICIPALIDAD DISTRITAL DE SANTA ANA DE HUAYCAHUACHO',NULL,'2016-04-29 05:50:31','2016-04-29 05:50:31',''),(1951,18,'','00001951','MUNICIPALIDAD DISTRITAL DE SANTA ANA DE TUSI',NULL,'2016-04-29 05:50:31','2016-04-29 05:50:31',''),(1952,18,'','00001952','MUNICIPALIDAD DISTRITAL DE SANTA ANITA',NULL,'2016-04-29 05:50:31','2016-04-29 05:50:31',''),(1953,18,'','00001953','MUNICIPALIDAD DISTRITAL DE SANTA BARBARA DE CARHUACAYAN',NULL,'2016-04-29 05:50:31','2016-04-29 05:50:31',''),(1954,18,'','00001954','MUNICIPALIDAD DISTRITAL DE SANTA CATALINA DE MOSSA-MORROPON',NULL,'2016-04-29 05:50:31','2016-04-29 05:50:31',''),(1955,18,'','00001955','MUNICIPALIDAD DISTRITAL DE SANTA CATALINA-LUYA',NULL,'2016-04-29 05:50:31','2016-04-29 05:50:31',''),(1956,18,'','00001956','MUNICIPALIDAD DISTRITAL DE SANTA CRUZ DE ANDAMARCA',NULL,'2016-04-29 05:50:31','2016-04-29 05:50:31',''),(1957,18,'','00001957','MUNICIPALIDAD DISTRITAL DE SANTA CRUZ DE CHUCA',NULL,'2016-04-29 05:50:31','2016-04-29 05:50:31',''),(1958,18,'','00001958','MUNICIPALIDAD DISTRITAL DE SANTA CRUZ DE COCACHACRA',NULL,'2016-04-29 05:50:31','2016-04-29 05:50:31',''),(1959,18,'','00001959','MUNICIPALIDAD DISTRITAL DE SANTA CRUZ DE FLORES',NULL,'2016-04-29 05:50:31','2016-04-29 05:50:31',''),(1960,18,'','00001960','MUNICIPALIDAD DISTRITAL DE SANTA CRUZ DE TOLEDO',NULL,'2016-04-29 05:50:31','2016-04-29 05:50:31',''),(1961,18,'','00001961','MUNICIPALIDAD DISTRITAL DE SANTA CRUZ-ALTO AMAZONAS',NULL,'2016-04-29 05:50:31','2016-04-29 05:50:31',''),(1962,18,'','00001962','MUNICIPALIDAD DISTRITAL DE SANTA CRUZ-CUTERVO',NULL,'2016-04-29 05:50:31','2016-04-29 05:50:31',''),(1963,18,'','00001963','MUNICIPALIDAD DISTRITAL DE SANTA CRUZ-HUAYLAS',NULL,'2016-04-29 05:50:31','2016-04-29 05:50:31',''),(1964,18,'','00001964','MUNICIPALIDAD DISTRITAL DE SANTA CRUZ-PALPA',NULL,'2016-04-29 05:50:31','2016-04-29 05:50:31',''),(1965,18,'','00001965','MUNICIPALIDAD DISTRITAL DE SANTA EULALIA',NULL,'2016-04-29 05:50:31','2016-04-29 05:50:31',''),(1966,18,'','00001966','MUNICIPALIDAD DISTRITAL DE SANTA ISABEL DE SIGUAS',NULL,'2016-04-29 05:50:31','2016-04-29 05:50:31',''),(1967,18,'','00001967','MUNICIPALIDAD DISTRITAL DE SANTA LEONOR',NULL,'2016-04-29 05:50:31','2016-04-29 05:50:31',''),(1968,18,'','00001968','MUNICIPALIDAD DISTRITAL DE SANTA LUCIA-LAMPA',NULL,'2016-04-29 05:50:31','2016-04-29 05:50:31',''),(1969,18,'','00001969','MUNICIPALIDAD DISTRITAL DE SANTA LUCIA-LUCANAS',NULL,'2016-04-29 05:50:31','2016-04-29 05:50:31',''),(1970,18,'','00001970','MUNICIPALIDAD DISTRITAL DE SANTA MARIA DE CHICMO',NULL,'2016-04-29 05:50:31','2016-04-29 05:50:31',''),(1971,18,'','00001971','MUNICIPALIDAD DISTRITAL DE SANTA MARIA DEL MAR',NULL,'2016-04-29 05:50:31','2016-04-29 05:50:31',''),(1972,18,'','00001972','MUNICIPALIDAD DISTRITAL DE SANTA MARIA DEL VALLE',NULL,'2016-04-29 05:50:31','2016-04-29 05:50:31',''),(1973,18,'','00001973','MUNICIPALIDAD DISTRITAL DE SANTA MARIA-HUAURA',NULL,'2016-04-29 05:50:31','2016-04-29 05:50:31',''),(1974,18,'','00001974','MUNICIPALIDAD DISTRITAL DE SANTA RITA DE SIGUAS',NULL,'2016-04-29 05:50:31','2016-04-29 05:50:31',''),(1975,18,'','00001975','MUNICIPALIDAD DISTRITAL DE SANTA ROSA DE OCOPA',NULL,'2016-04-29 05:50:31','2016-04-29 05:50:31',''),(1976,18,'','00001976','MUNICIPALIDAD DISTRITAL DE SANTA ROSA DE QUIVES',NULL,'2016-04-29 05:50:31','2016-04-29 05:50:31',''),(1977,18,'','00001977','MUNICIPALIDAD DISTRITAL DE SANTA ROSA DE SACCO',NULL,'2016-04-29 05:50:31','2016-04-29 05:50:31',''),(1978,18,'','00001978','MUNICIPALIDAD DISTRITAL DE SANTA ROSA-CHICLAYO',NULL,'2016-04-29 05:50:31','2016-04-29 05:50:31',''),(1979,18,'','00001979','MUNICIPALIDAD DISTRITAL DE SANTA ROSA-EL COLLAO',NULL,'2016-04-29 05:50:31','2016-04-29 05:50:31',''),(1980,18,'','00001980','MUNICIPALIDAD DISTRITAL DE SANTA ROSA-EL DORADO',NULL,'2016-04-29 05:50:31','2016-04-29 05:50:31',''),(1981,18,'','00001981','MUNICIPALIDAD DISTRITAL DE SANTA ROSA-GRAU',NULL,'2016-04-29 05:50:31','2016-04-29 05:50:31',''),(1982,18,'','00001982','MUNICIPALIDAD DISTRITAL DE SANTA ROSA-JAEN',NULL,'2016-04-29 05:50:31','2016-04-29 05:50:31',''),(1983,18,'','00001983','MUNICIPALIDAD DISTRITAL DE SANTA ROSA-LA MAR',NULL,'2016-04-29 05:50:31','2016-04-29 05:50:31',''),(1984,18,'','00001984','MUNICIPALIDAD DISTRITAL DE SANTA ROSA-LIMA',NULL,'2016-04-29 05:50:31','2016-04-29 05:50:31',''),(1985,18,'','00001985','MUNICIPALIDAD DISTRITAL DE SANTA ROSA-MELGAR',NULL,'2016-04-29 05:50:31','2016-04-29 05:50:31',''),(1986,18,'','00001986','MUNICIPALIDAD DISTRITAL DE SANTA ROSA-PALLASCA',NULL,'2016-04-29 05:50:31','2016-04-29 05:50:31',''),(1987,18,'','00001987','MUNICIPALIDAD DISTRITAL DE SANTA ROSA-RODRIGUEZ DE MENDOZA',NULL,'2016-04-29 05:50:31','2016-04-29 05:50:31',''),(1988,18,'','00001988','MUNICIPALIDAD DISTRITAL DE SANTA TERESA',NULL,'2016-04-29 05:50:31','2016-04-29 05:50:31',''),(1989,18,'','00001989','MUNICIPALIDAD DISTRITAL DE SANTIAGO DE ANCHUCAYA',NULL,'2016-04-29 05:50:31','2016-04-29 05:50:31',''),(1990,18,'','00001990','MUNICIPALIDAD DISTRITAL DE SANTIAGO DE CAO',NULL,'2016-04-29 05:50:31','2016-04-29 05:50:31',''),(1991,18,'','00001991','MUNICIPALIDAD DISTRITAL DE SANTIAGO DE CHALLAS',NULL,'2016-04-29 05:50:31','2016-04-29 05:50:31',''),(1992,18,'','00001992','MUNICIPALIDAD DISTRITAL DE SANTIAGO DE CHILCAS',NULL,'2016-04-29 05:50:31','2016-04-29 05:50:31',''),(1993,18,'','00001993','MUNICIPALIDAD DISTRITAL DE SANTIAGO DE CHOCORVOS',NULL,'2016-04-29 05:50:31','2016-04-29 05:50:31',''),(1994,18,'','00001994','MUNICIPALIDAD DISTRITAL DE SANTIAGO DE LUCANAMARCA',NULL,'2016-04-29 05:50:31','2016-04-29 05:50:31',''),(1995,18,'','00001995','MUNICIPALIDAD DISTRITAL DE SANTIAGO DE PAUCARAY',NULL,'2016-04-29 05:50:31','2016-04-29 05:50:31',''),(1996,18,'','00001996','MUNICIPALIDAD DISTRITAL DE SANTIAGO DE PISCHA',NULL,'2016-04-29 05:50:31','2016-04-29 05:50:31',''),(1997,18,'','00001997','MUNICIPALIDAD DISTRITAL DE SANTIAGO DE PUPUJA',NULL,'2016-04-29 05:50:31','2016-04-29 05:50:31',''),(1998,18,'','00001998','MUNICIPALIDAD DISTRITAL DE SANTIAGO DE QUIRAHUARA',NULL,'2016-04-29 05:50:31','2016-04-29 05:50:31',''),(1999,18,'','00001999','MUNICIPALIDAD DISTRITAL DE SANTIAGO DE SURCO',NULL,'2016-04-29 05:50:31','2016-04-29 05:50:31',''),(2000,18,'','00002000','MUNICIPALIDAD DISTRITAL DE SANTIAGO DE TUNA',NULL,'2016-04-29 05:50:31','2016-04-29 05:50:31',''),(2001,18,'','00002001','MUNICIPALIDAD DISTRITAL DE SANTIAGO-CUSCO',NULL,'2016-04-29 05:50:31','2016-04-29 05:50:31',''),(2002,18,'','00002002','MUNICIPALIDAD DISTRITAL DE SANTIAGO-ICA',NULL,'2016-04-29 05:50:31','2016-04-29 05:50:31',''),(2003,18,'','00002003','MUNICIPALIDAD DISTRITAL DE SANTILLANA',NULL,'2016-04-29 05:50:31','2016-04-29 05:50:31',''),(2004,18,'','00002004','MUNICIPALIDAD DISTRITAL DE SANTO DOMINGO',NULL,'2016-04-29 05:50:31','2016-04-29 05:50:31',''),(2005,18,'','00002005','MUNICIPALIDAD DISTRITAL DE SANTO DOMINGO DE ACOBAMBA',NULL,'2016-04-29 05:50:31','2016-04-29 05:50:31',''),(2006,18,'','00002006','MUNICIPALIDAD DISTRITAL DE SANTO DOMINGO DE CAPILLAS',NULL,'2016-04-29 05:50:31','2016-04-29 05:50:31',''),(2007,18,'','00002007','MUNICIPALIDAD DISTRITAL DE SANTO DOMINGO DE LA CAPILLA',NULL,'2016-04-29 05:50:31','2016-04-29 05:50:31',''),(2008,18,'','00002008','MUNICIPALIDAD DISTRITAL DE SANTO DOMINGO DE LOS OLLEROS',NULL,'2016-04-29 05:50:31','2016-04-29 05:50:31',''),(2009,18,'','00002009','MUNICIPALIDAD DISTRITAL DE SANTO TOMAS DE PATA',NULL,'2016-04-29 05:50:31','2016-04-29 05:50:31',''),(2010,18,'','00002010','MUNICIPALIDAD DISTRITAL DE SANTO TOMAS-CUTERVO',NULL,'2016-04-29 05:50:31','2016-04-29 05:50:31',''),(2011,18,'','00002011','MUNICIPALIDAD DISTRITAL DE SANTO TOMAS-LUYA',NULL,'2016-04-29 05:50:31','2016-04-29 05:50:31',''),(2012,18,'','00002012','MUNICIPALIDAD DISTRITAL DE SANTO TORIBIO',NULL,'2016-04-29 05:50:31','2016-04-29 05:50:31',''),(2013,18,'','00002013','MUNICIPALIDAD DISTRITAL DE SAÑA',NULL,'2016-04-29 05:50:31','2016-04-29 05:50:31',''),(2014,18,'','00002014','MUNICIPALIDAD DISTRITAL DE SAÑAYCA',NULL,'2016-04-29 05:50:31','2016-04-29 05:50:31',''),(2015,18,'','00002015','MUNICIPALIDAD DISTRITAL DE SAÑO',NULL,'2016-04-29 05:50:31','2016-04-29 05:50:31',''),(2016,18,'','00002016','MUNICIPALIDAD DISTRITAL DE SAPALLANGA',NULL,'2016-04-29 05:50:31','2016-04-29 05:50:31',''),(2017,18,'','00002017','MUNICIPALIDAD DISTRITAL DE SAPILLICA',NULL,'2016-04-29 05:50:31','2016-04-29 05:50:31',''),(2018,18,'','00002018','MUNICIPALIDAD DISTRITAL DE SAQUENA',NULL,'2016-04-29 05:50:31','2016-04-29 05:50:31',''),(2019,18,'','00002019','MUNICIPALIDAD DISTRITAL DE SARA SARA',NULL,'2016-04-29 05:50:31','2016-04-29 05:50:31',''),(2020,18,'','00002020','MUNICIPALIDAD DISTRITAL DE SARAYACU',NULL,'2016-04-29 05:50:31','2016-04-29 05:50:31',''),(2021,18,'','00002021','MUNICIPALIDAD DISTRITAL DE SARHUA',NULL,'2016-04-29 05:50:31','2016-04-29 05:50:31',''),(2022,18,'','00002022','MUNICIPALIDAD DISTRITAL DE SARIN',NULL,'2016-04-29 05:50:31','2016-04-29 05:50:31',''),(2023,18,'','00002023','MUNICIPALIDAD DISTRITAL DE SARTIMBAMBA',NULL,'2016-04-29 05:50:31','2016-04-29 05:50:31',''),(2024,18,'','00002024','MUNICIPALIDAD DISTRITAL DE SAUCE',NULL,'2016-04-29 05:50:31','2016-04-29 05:50:31',''),(2025,18,'','00002025','MUNICIPALIDAD DISTRITAL DE SAUCEPAMPA',NULL,'2016-04-29 05:50:31','2016-04-29 05:50:31',''),(2026,18,'','00002026','MUNICIPALIDAD DISTRITAL DE SAURAMA',NULL,'2016-04-29 05:50:31','2016-04-29 05:50:31',''),(2027,18,'','00002027','MUNICIPALIDAD DISTRITAL DE SAUSA',NULL,'2016-04-29 05:50:31','2016-04-29 05:50:31',''),(2028,18,'','00002028','MUNICIPALIDAD DISTRITAL DE SAYAN',NULL,'2016-04-29 05:50:31','2016-04-29 05:50:31',''),(2029,18,'','00002029','MUNICIPALIDAD DISTRITAL DE SAYAPULLO',NULL,'2016-04-29 05:50:31','2016-04-29 05:50:31',''),(2030,18,'','00002030','MUNICIPALIDAD DISTRITAL DE SAYLA-LA UNION',NULL,'2016-04-29 05:50:31','2016-04-29 05:50:31',''),(2031,18,'','00002031','MUNICIPALIDAD DISTRITAL DE SAYLLA-CUSCO',NULL,'2016-04-29 05:50:31','2016-04-29 05:50:31',''),(2032,18,'','00002032','MUNICIPALIDAD DISTRITAL DE SECCLLA',NULL,'2016-04-29 05:50:31','2016-04-29 05:50:31',''),(2033,18,'','00002033','MUNICIPALIDAD DISTRITAL DE SEPAHUA',NULL,'2016-04-29 05:50:31','2016-04-29 05:50:31',''),(2034,18,'','00002034','MUNICIPALIDAD DISTRITAL DE SEXI',NULL,'2016-04-29 05:50:31','2016-04-29 05:50:31',''),(2035,18,'','00002035','MUNICIPALIDAD DISTRITAL DE SHAMBOYACU',NULL,'2016-04-29 05:50:31','2016-04-29 05:50:31',''),(2036,18,'','00002036','MUNICIPALIDAD DISTRITAL DE SHANAO',NULL,'2016-04-29 05:50:31','2016-04-29 05:50:31',''),(2037,18,'','00002037','MUNICIPALIDAD DISTRITAL DE SHAPAJA',NULL,'2016-04-29 05:50:31','2016-04-29 05:50:31',''),(2038,18,'','00002038','MUNICIPALIDAD DISTRITAL DE SHATOJA',NULL,'2016-04-29 05:50:31','2016-04-29 05:50:31',''),(2039,18,'','00002039','MUNICIPALIDAD DISTRITAL DE SHILLA',NULL,'2016-04-29 05:50:31','2016-04-29 05:50:31',''),(2040,18,'','00002040','MUNICIPALIDAD DISTRITAL DE SHIPASBAMBA',NULL,'2016-04-29 05:50:31','2016-04-29 05:50:31',''),(2041,18,'','00002041','MUNICIPALIDAD DISTRITAL DE SHUNQUI',NULL,'2016-04-29 05:50:31','2016-04-29 05:50:31',''),(2042,18,'','00002042','MUNICIPALIDAD DISTRITAL DE SHUNTE',NULL,'2016-04-29 05:50:31','2016-04-29 05:50:31',''),(2043,18,'','00002043','MUNICIPALIDAD DISTRITAL DE SHUPLUY',NULL,'2016-04-29 05:50:31','2016-04-29 05:50:31',''),(2044,18,'','00002044','MUNICIPALIDAD DISTRITAL DE SIBAYO',NULL,'2016-04-29 05:50:31','2016-04-29 05:50:31',''),(2045,18,'','00002045','MUNICIPALIDAD DISTRITAL DE SICAYA',NULL,'2016-04-29 05:50:31','2016-04-29 05:50:31',''),(2046,18,'','00002046','MUNICIPALIDAD DISTRITAL DE SICCHEZ',NULL,'2016-04-29 05:50:31','2016-04-29 05:50:31',''),(2047,18,'','00002047','MUNICIPALIDAD DISTRITAL DE SICSIBAMBA',NULL,'2016-04-29 05:50:31','2016-04-29 05:50:31',''),(2048,18,'','00002048','MUNICIPALIDAD DISTRITAL DE SILLAPATA',NULL,'2016-04-29 05:50:31','2016-04-29 05:50:31',''),(2049,18,'','00002049','MUNICIPALIDAD DISTRITAL DE SIMBAL',NULL,'2016-04-29 05:50:31','2016-04-29 05:50:31',''),(2050,18,'','00002050','MUNICIPALIDAD DISTRITAL DE SIMON BOLIVAR',NULL,'2016-04-29 05:50:31','2016-04-29 05:50:31',''),(2051,18,'','00002051','MUNICIPALIDAD DISTRITAL DE SINA',NULL,'2016-04-29 05:50:31','2016-04-29 05:50:31',''),(2052,18,'','00002052','MUNICIPALIDAD DISTRITAL DE SINCOS',NULL,'2016-04-29 05:50:31','2016-04-29 05:50:31',''),(2053,18,'','00002053','MUNICIPALIDAD DISTRITAL DE SINGA',NULL,'2016-04-29 05:50:31','2016-04-29 05:50:31',''),(2054,18,'','00002054','MUNICIPALIDAD DISTRITAL DE SINSICAP',NULL,'2016-04-29 05:50:31','2016-04-29 05:50:31',''),(2055,18,'','00002055','MUNICIPALIDAD DISTRITAL DE SITABAMBA',NULL,'2016-04-29 05:50:31','2016-04-29 05:50:31',''),(2056,18,'','00002056','MUNICIPALIDAD DISTRITAL DE SITACOCHA',NULL,'2016-04-29 05:50:31','2016-04-29 05:50:31',''),(2057,18,'','00002057','MUNICIPALIDAD DISTRITAL DE SITAJARA',NULL,'2016-04-29 05:50:31','2016-04-29 05:50:31',''),(2058,18,'','00002058','MUNICIPALIDAD DISTRITAL DE SIVIA',NULL,'2016-04-29 05:50:31','2016-04-29 05:50:31',''),(2059,18,'','00002059','MUNICIPALIDAD DISTRITAL DE SOCABAYA',NULL,'2016-04-29 05:50:31','2016-04-29 05:50:31',''),(2060,18,'','00002060','MUNICIPALIDAD DISTRITAL DE SOCOS',NULL,'2016-04-29 05:50:31','2016-04-29 05:50:31',''),(2061,18,'','00002061','MUNICIPALIDAD DISTRITAL DE SOCOTA',NULL,'2016-04-29 05:50:31','2016-04-29 05:50:31',''),(2062,18,'','00002062','MUNICIPALIDAD DISTRITAL DE SOLOCO',NULL,'2016-04-29 05:50:31','2016-04-29 05:50:31',''),(2063,18,'','00002063','MUNICIPALIDAD DISTRITAL DE SONCHE',NULL,'2016-04-29 05:50:31','2016-04-29 05:50:31',''),(2064,18,'','00002064','MUNICIPALIDAD DISTRITAL DE SONDOR',NULL,'2016-04-29 05:50:31','2016-04-29 05:50:31',''),(2065,18,'','00002065','MUNICIPALIDAD DISTRITAL DE SONDORILLO',NULL,'2016-04-29 05:50:31','2016-04-29 05:50:31',''),(2066,18,'','00002066','MUNICIPALIDAD DISTRITAL DE SOPLIN',NULL,'2016-04-29 05:50:31','2016-04-29 05:50:31',''),(2067,18,'','00002067','MUNICIPALIDAD DISTRITAL DE SORAS',NULL,'2016-04-29 05:50:31','2016-04-29 05:50:31',''),(2068,18,'','00002068','MUNICIPALIDAD DISTRITAL DE SORAYA',NULL,'2016-04-29 05:50:31','2016-04-29 05:50:31',''),(2069,18,'','00002069','MUNICIPALIDAD DISTRITAL DE SORITOR',NULL,'2016-04-29 05:50:31','2016-04-29 05:50:31',''),(2070,18,'','00002070','MUNICIPALIDAD DISTRITAL DE SOROCHUCO',NULL,'2016-04-29 05:50:31','2016-04-29 05:50:31',''),(2071,18,'','00002071','MUNICIPALIDAD DISTRITAL DE SUBTANJALLA',NULL,'2016-04-29 05:50:31','2016-04-29 05:50:31',''),(2072,18,'','00002072','MUNICIPALIDAD DISTRITAL DE SUCCHA',NULL,'2016-04-29 05:50:31','2016-04-29 05:50:31',''),(2073,18,'','00002073','MUNICIPALIDAD DISTRITAL DE SUCRE',NULL,'2016-04-29 05:50:31','2016-04-29 05:50:31',''),(2074,18,'','00002074','MUNICIPALIDAD DISTRITAL DE SUITUCANCHA',NULL,'2016-04-29 05:50:31','2016-04-29 05:50:31',''),(2075,18,'','00002075','MUNICIPALIDAD DISTRITAL DE SUMBILCA',NULL,'2016-04-29 05:50:31','2016-04-29 05:50:31',''),(2076,18,'','00002076','MUNICIPALIDAD DISTRITAL DE SUNAMPE',NULL,'2016-04-29 05:50:31','2016-04-29 05:50:31',''),(2077,18,'','00002077','MUNICIPALIDAD DISTRITAL DE SUPE',NULL,'2016-04-29 05:50:31','2016-04-29 05:50:31',''),(2078,18,'','00002078','MUNICIPALIDAD DISTRITAL DE SUPE PUERTO',NULL,'2016-04-29 05:50:31','2016-04-29 05:50:31',''),(2079,18,'','00002079','MUNICIPALIDAD DISTRITAL DE SURCO-HUAROCHIRI',NULL,'2016-04-29 05:50:31','2016-04-29 05:50:31',''),(2080,18,'','00002080','MUNICIPALIDAD DISTRITAL DE SURCUBAMBA',NULL,'2016-04-29 05:50:31','2016-04-29 05:50:31',''),(2081,18,'','00002081','MUNICIPALIDAD DISTRITAL DE SURQUILLO',NULL,'2016-04-29 05:50:31','2016-04-29 05:50:31',''),(2082,18,'','00002082','MUNICIPALIDAD DISTRITAL DE SUSAPAYA',NULL,'2016-04-29 05:50:31','2016-04-29 05:50:31',''),(2083,18,'','00002083','MUNICIPALIDAD DISTRITAL DE SUYCKUTAMBO',NULL,'2016-04-29 05:50:31','2016-04-29 05:50:31',''),(2084,18,'','00002084','MUNICIPALIDAD DISTRITAL DE SUYO',NULL,'2016-04-29 05:50:31','2016-04-29 05:50:31',''),(2085,18,'','00002085','MUNICIPALIDAD DISTRITAL DE TABACONAS',NULL,'2016-04-29 05:50:31','2016-04-29 05:50:31',''),(2086,18,'','00002086','MUNICIPALIDAD DISTRITAL DE TABALOSOS',NULL,'2016-04-29 05:50:31','2016-04-29 05:50:31',''),(2087,18,'','00002087','MUNICIPALIDAD DISTRITAL DE TACABAMBA',NULL,'2016-04-29 05:50:31','2016-04-29 05:50:31',''),(2088,18,'','00002088','MUNICIPALIDAD DISTRITAL DE TAHUAMANU',NULL,'2016-04-29 05:50:31','2016-04-29 05:50:31',''),(2089,18,'','00002089','MUNICIPALIDAD DISTRITAL DE TAHUANIA',NULL,'2016-04-29 05:50:31','2016-04-29 05:50:31',''),(2090,18,'','00002090','MUNICIPALIDAD DISTRITAL DE TALAVERA',NULL,'2016-04-29 05:50:31','2016-04-29 05:50:31',''),(2091,18,'','00002091','MUNICIPALIDAD DISTRITAL DE TAMARINDO',NULL,'2016-04-29 05:50:31','2016-04-29 05:50:31',''),(2092,18,'','00002092','MUNICIPALIDAD DISTRITAL DE TAMBILLO',NULL,'2016-04-29 05:50:31','2016-04-29 05:50:31',''),(2093,18,'','00002093','MUNICIPALIDAD DISTRITAL DE TAMBO DE MORA',NULL,'2016-04-29 05:50:31','2016-04-29 05:50:31',''),(2094,18,'','00002094','MUNICIPALIDAD DISTRITAL DE TAMBO GRANDE',NULL,'2016-04-29 05:50:31','2016-04-29 05:50:31',''),(2095,18,'','00002095','MUNICIPALIDAD DISTRITAL DE TAMBO-HUAYTARA',NULL,'2016-04-29 05:50:31','2016-04-29 05:50:31',''),(2096,18,'','00002096','MUNICIPALIDAD DISTRITAL DE TAMBO-LA MAR',NULL,'2016-04-29 05:50:31','2016-04-29 05:50:31',''),(2097,18,'','00002097','MUNICIPALIDAD DISTRITAL DE TAMBURCO',NULL,'2016-04-29 05:50:31','2016-04-29 05:50:31',''),(2098,18,'','00002098','MUNICIPALIDAD DISTRITAL DE TANTA',NULL,'2016-04-29 05:50:31','2016-04-29 05:50:31',''),(2099,18,'','00002099','MUNICIPALIDAD DISTRITAL DE TANTAMAYO',NULL,'2016-04-29 05:50:31','2016-04-29 05:50:31',''),(2100,18,'','00002100','MUNICIPALIDAD DISTRITAL DE TANTARA',NULL,'2016-04-29 05:50:31','2016-04-29 05:50:31',''),(2101,18,'','00002101','MUNICIPALIDAD DISTRITAL DE TANTARICA',NULL,'2016-04-29 05:50:31','2016-04-29 05:50:31',''),(2102,18,'','00002102','MUNICIPALIDAD DISTRITAL DE TAPACOCHA',NULL,'2016-04-29 05:50:31','2016-04-29 05:50:31',''),(2103,18,'','00002103','MUNICIPALIDAD DISTRITAL DE TAPAIRIHUA',NULL,'2016-04-29 05:50:31','2016-04-29 05:50:31',''),(2104,18,'','00002104','MUNICIPALIDAD DISTRITAL DE TAPAY',NULL,'2016-04-29 05:50:31','2016-04-29 05:50:31',''),(2105,18,'','00002105','MUNICIPALIDAD DISTRITAL DE TAPICHE',NULL,'2016-04-29 05:50:31','2016-04-29 05:50:31',''),(2106,18,'','00002106','MUNICIPALIDAD DISTRITAL DE TAPO',NULL,'2016-04-29 05:50:31','2016-04-29 05:50:31',''),(2107,18,'','00002107','MUNICIPALIDAD DISTRITAL DE TAPUC',NULL,'2016-04-29 05:50:31','2016-04-29 05:50:31',''),(2108,18,'','00002108','MUNICIPALIDAD DISTRITAL DE TARACO',NULL,'2016-04-29 05:50:31','2016-04-29 05:50:31',''),(2109,18,'','00002109','MUNICIPALIDAD DISTRITAL DE TARAY',NULL,'2016-04-29 05:50:31','2016-04-29 05:50:31',''),(2110,18,'','00002110','MUNICIPALIDAD DISTRITAL DE TARICA',NULL,'2016-04-29 05:50:31','2016-04-29 05:50:31',''),(2111,18,'','00002111','MUNICIPALIDAD DISTRITAL DE TARUCACHI',NULL,'2016-04-29 05:50:31','2016-04-29 05:50:31',''),(2112,18,'','00002112','MUNICIPALIDAD DISTRITAL DE TATE',NULL,'2016-04-29 05:50:31','2016-04-29 05:50:31',''),(2113,18,'','00002113','MUNICIPALIDAD DISTRITAL DE TAUCA',NULL,'2016-04-29 05:50:31','2016-04-29 05:50:31',''),(2114,18,'','00002114','MUNICIPALIDAD DISTRITAL DE TAURIA',NULL,'2016-04-29 05:50:31','2016-04-29 05:50:31',''),(2115,18,'','00002115','MUNICIPALIDAD DISTRITAL DE TAURIJA',NULL,'2016-04-29 05:50:31','2016-04-29 05:50:31',''),(2116,18,'','00002116','MUNICIPALIDAD DISTRITAL DE TAURIPAMPA',NULL,'2016-04-29 05:50:31','2016-04-29 05:50:31',''),(2117,18,'','00002117','MUNICIPALIDAD DISTRITAL DE TENIENTE CESAR LOPEZ ROJAS',NULL,'2016-04-29 05:50:31','2016-04-29 05:50:31',''),(2118,18,'','00002118','MUNICIPALIDAD DISTRITAL DE TENIENTE MANUEL CLAVERO',NULL,'2016-04-29 05:50:31','2016-04-29 05:50:31',''),(2119,18,'','00002119','MUNICIPALIDAD DISTRITAL DE TIABAYA',NULL,'2016-04-29 05:50:31','2016-04-29 05:50:31',''),(2120,18,'','00002120','MUNICIPALIDAD DISTRITAL DE TIBILLO',NULL,'2016-04-29 05:50:31','2016-04-29 05:50:31',''),(2121,18,'','00002121','MUNICIPALIDAD DISTRITAL DE TICACO',NULL,'2016-04-29 05:50:31','2016-04-29 05:50:31',''),(2122,18,'','00002122','MUNICIPALIDAD DISTRITAL DE TICAPAMPA',NULL,'2016-04-29 05:50:31','2016-04-29 05:50:31',''),(2123,18,'','00002123','MUNICIPALIDAD DISTRITAL DE TICLACAYAN',NULL,'2016-04-29 05:50:31','2016-04-29 05:50:31',''),(2124,18,'','00002124','MUNICIPALIDAD DISTRITAL DE TICLLOS',NULL,'2016-04-29 05:50:31','2016-04-29 05:50:31',''),(2125,18,'','00002125','MUNICIPALIDAD DISTRITAL DE TICRAPO',NULL,'2016-04-29 05:50:31','2016-04-29 05:50:31',''),(2126,18,'','00002126','MUNICIPALIDAD DISTRITAL DE TIGRE',NULL,'2016-04-29 05:50:31','2016-04-29 05:50:31',''),(2127,18,'','00002127','MUNICIPALIDAD DISTRITAL DE TILALI',NULL,'2016-04-29 05:50:31','2016-04-29 05:50:31',''),(2128,18,'','00002128','MUNICIPALIDAD DISTRITAL DE TINCO-CARHUAZ',NULL,'2016-04-29 05:50:31','2016-04-29 05:50:31',''),(2129,18,'','00002129','MUNICIPALIDAD DISTRITAL DE TINGO DE PONASA',NULL,'2016-04-29 05:50:31','2016-04-29 05:50:31',''),(2130,18,'','00002130','MUNICIPALIDAD DISTRITAL DE TINGO DE SAPOSOA',NULL,'2016-04-29 05:50:31','2016-04-29 05:50:31',''),(2131,18,'','00002131','MUNICIPALIDAD DISTRITAL DE TINGO-LUYA',NULL,'2016-04-29 05:50:31','2016-04-29 05:50:31',''),(2132,18,'','00002132','MUNICIPALIDAD DISTRITAL DE TINICACHI',NULL,'2016-04-29 05:50:31','2016-04-29 05:50:31',''),(2133,18,'','00002133','MUNICIPALIDAD DISTRITAL DE TINTA',NULL,'2016-04-29 05:50:31','2016-04-29 05:50:31',''),(2134,18,'','00002134','MUNICIPALIDAD DISTRITAL DE TINTAY PUNCU-TAYACAJA',NULL,'2016-04-29 05:50:31','2016-04-29 05:50:31',''),(2135,18,'','00002135','MUNICIPALIDAD DISTRITAL DE TINTAY-AYMARAES',NULL,'2016-04-29 05:50:31','2016-04-29 05:50:31',''),(2136,18,'','00002136','MUNICIPALIDAD DISTRITAL DE TINYAHUARCO',NULL,'2016-04-29 05:50:31','2016-04-29 05:50:31',''),(2137,18,'','00002137','MUNICIPALIDAD DISTRITAL DE TIPAN',NULL,'2016-04-29 05:50:31','2016-04-29 05:50:31',''),(2138,18,'','00002138','MUNICIPALIDAD DISTRITAL DE TIQUILLACA',NULL,'2016-04-29 05:50:31','2016-04-29 05:50:31',''),(2139,18,'','00002139','MUNICIPALIDAD DISTRITAL DE TIRAPATA',NULL,'2016-04-29 05:50:31','2016-04-29 05:50:31',''),(2140,18,'','00002140','MUNICIPALIDAD DISTRITAL DE TISCO',NULL,'2016-04-29 05:50:31','2016-04-29 05:50:31',''),(2141,18,'','00002141','MUNICIPALIDAD DISTRITAL DE TOCMOCHE',NULL,'2016-04-29 05:50:31','2016-04-29 05:50:31',''),(2142,18,'','00002142','MUNICIPALIDAD DISTRITAL DE TOMAS',NULL,'2016-04-29 05:50:31','2016-04-29 05:50:31',''),(2143,18,'','00002143','MUNICIPALIDAD DISTRITAL DE TOMAY KICHWA',NULL,'2016-04-29 05:50:31','2016-04-29 05:50:31',''),(2144,18,'','00002144','MUNICIPALIDAD DISTRITAL DE TOMEPAMPA',NULL,'2016-04-29 05:50:31','2016-04-29 05:50:31',''),(2145,18,'','00002145','MUNICIPALIDAD DISTRITAL DE TONGOD',NULL,'2016-04-29 05:50:31','2016-04-29 05:50:31',''),(2146,18,'','00002146','MUNICIPALIDAD DISTRITAL DE TORATA',NULL,'2016-04-29 05:50:31','2016-04-29 05:50:31',''),(2147,18,'','00002147','MUNICIPALIDAD DISTRITAL DE TORAYA',NULL,'2016-04-29 05:50:31','2016-04-29 05:50:31',''),(2148,18,'','00002148','MUNICIPALIDAD DISTRITAL DE TORIBIO CASANOVA',NULL,'2016-04-29 05:50:31','2016-04-29 05:50:31',''),(2149,18,'','00002149','MUNICIPALIDAD DISTRITAL DE TORO',NULL,'2016-04-29 05:50:31','2016-04-29 05:50:31',''),(2150,18,'','00002150','MUNICIPALIDAD DISTRITAL DE TORRES CAUSANA',NULL,'2016-04-29 05:50:31','2016-04-29 05:50:31',''),(2151,18,'','00002151','MUNICIPALIDAD DISTRITAL DE TOTORA',NULL,'2016-04-29 05:50:31','2016-04-29 05:50:31',''),(2152,18,'','00002152','MUNICIPALIDAD DISTRITAL DE TOTOS',NULL,'2016-04-29 05:50:31','2016-04-29 05:50:31',''),(2153,18,'','00002153','MUNICIPALIDAD DISTRITAL DE TOURNAVISTA',NULL,'2016-04-29 05:50:31','2016-04-29 05:50:31',''),(2154,18,'','00002154','MUNICIPALIDAD DISTRITAL DE TRES DE DICIEMBRE',NULL,'2016-04-29 05:50:31','2016-04-29 05:50:31',''),(2155,18,'','00002155','MUNICIPALIDAD DISTRITAL DE TRES UNIDOS',NULL,'2016-04-29 05:50:31','2016-04-29 05:50:31',''),(2156,18,'','00002156','MUNICIPALIDAD DISTRITAL DE TRITA',NULL,'2016-04-29 05:50:31','2016-04-29 05:50:31',''),(2157,18,'','00002157','MUNICIPALIDAD DISTRITAL DE TROMPETEROS',NULL,'2016-04-29 05:50:31','2016-04-29 05:50:31',''),(2158,18,'','00002158','MUNICIPALIDAD DISTRITAL DE TUCUME',NULL,'2016-04-29 05:50:31','2016-04-29 05:50:31',''),(2159,18,'','00002159','MUNICIPALIDAD DISTRITAL DE TUMAN',NULL,'2016-04-29 05:50:31','2016-04-29 05:50:31',''),(2160,18,'','00002160','MUNICIPALIDAD DISTRITAL DE TUMAY HUARACA',NULL,'2016-04-29 05:50:31','2016-04-29 05:50:31',''),(2161,18,'','00002161','MUNICIPALIDAD DISTRITAL DE TUMBADEN',NULL,'2016-04-29 05:50:31','2016-04-29 05:50:31',''),(2162,18,'','00002162','MUNICIPALIDAD DISTRITAL DE TUNAN MARCA',NULL,'2016-04-29 05:50:31','2016-04-29 05:50:31',''),(2163,18,'','00002163','MUNICIPALIDAD DISTRITAL DE TUPAC AMARU',NULL,'2016-04-29 05:50:31','2016-04-29 05:50:31',''),(2164,18,'','00002164','MUNICIPALIDAD DISTRITAL DE TUPAC AMARU INCA',NULL,'2016-04-29 05:50:31','2016-04-29 05:50:31',''),(2165,18,'','00002165','MUNICIPALIDAD DISTRITAL DE TUPE',NULL,'2016-04-29 05:50:31','2016-04-29 05:50:31',''),(2166,18,'','00002166','MUNICIPALIDAD DISTRITAL DE TURPAY',NULL,'2016-04-29 05:50:31','2016-04-29 05:50:31',''),(2167,18,'','00002167','MUNICIPALIDAD DISTRITAL DE TURPO',NULL,'2016-04-29 05:50:31','2016-04-29 05:50:31',''),(2168,18,'','00002168','MUNICIPALIDAD DISTRITAL DE TUTI',NULL,'2016-04-29 05:50:31','2016-04-29 05:50:31',''),(2169,18,'','00002169','MUNICIPALIDAD DISTRITAL DE UBINAS',NULL,'2016-04-29 05:50:31','2016-04-29 05:50:31',''),(2170,18,'','00002170','MUNICIPALIDAD DISTRITAL DE UCHIZA',NULL,'2016-04-29 05:50:31','2016-04-29 05:50:31',''),(2171,18,'','00002171','MUNICIPALIDAD DISTRITAL DE UCHUMARCA',NULL,'2016-04-29 05:50:31','2016-04-29 05:50:31',''),(2172,18,'','00002172','MUNICIPALIDAD DISTRITAL DE UCHUMAYO',NULL,'2016-04-29 05:50:31','2016-04-29 05:50:31',''),(2173,18,'','00002173','MUNICIPALIDAD DISTRITAL DE UCO',NULL,'2016-04-29 05:50:31','2016-04-29 05:50:31',''),(2174,18,'','00002174','MUNICIPALIDAD DISTRITAL DE UCUNCHA',NULL,'2016-04-29 05:50:31','2016-04-29 05:50:31',''),(2175,18,'','00002175','MUNICIPALIDAD DISTRITAL DE ULCUMAYO',NULL,'2016-04-29 05:50:31','2016-04-29 05:50:31',''),(2176,18,'','00002176','MUNICIPALIDAD DISTRITAL DE UMACHIRI',NULL,'2016-04-29 05:50:31','2016-04-29 05:50:31',''),(2177,18,'','00002177','MUNICIPALIDAD DISTRITAL DE UMARI',NULL,'2016-04-29 05:50:31','2016-04-29 05:50:31',''),(2178,18,'','00002178','MUNICIPALIDAD DISTRITAL DE UNICACHI',NULL,'2016-04-29 05:50:31','2016-04-29 05:50:31',''),(2179,18,'','00002179','MUNICIPALIDAD DISTRITAL DE UNION AGUA BLANCA',NULL,'2016-04-29 05:50:31','2016-04-29 05:50:31',''),(2180,18,'','00002180','MUNICIPALIDAD DISTRITAL DE UÑON',NULL,'2016-04-29 05:50:31','2016-04-29 05:50:31',''),(2181,18,'','00002181','MUNICIPALIDAD DISTRITAL DE UPAHUACHO',NULL,'2016-04-29 05:50:31','2016-04-29 05:50:31',''),(2182,18,'','00002182','MUNICIPALIDAD DISTRITAL DE URACA',NULL,'2016-04-29 05:50:31','2016-04-29 05:50:31',''),(2183,18,'','00002183','MUNICIPALIDAD DISTRITAL DE URANMARCA',NULL,'2016-04-29 05:50:31','2016-04-29 05:50:31',''),(2184,18,'','00002184','MUNICIPALIDAD DISTRITAL DE URARINAS',NULL,'2016-04-29 05:50:31','2016-04-29 05:50:31',''),(2185,18,'','00002185','MUNICIPALIDAD DISTRITAL DE URPAY',NULL,'2016-04-29 05:50:31','2016-04-29 05:50:31',''),(2186,18,'','00002186','MUNICIPALIDAD DISTRITAL DE USICAYOS',NULL,'2016-04-29 05:50:31','2016-04-29 05:50:31',''),(2187,18,'','00002187','MUNICIPALIDAD DISTRITAL DE USQUIL',NULL,'2016-04-29 05:50:31','2016-04-29 05:50:31',''),(2188,18,'','00002188','MUNICIPALIDAD DISTRITAL DE UTCO',NULL,'2016-04-29 05:50:31','2016-04-29 05:50:31',''),(2189,18,'','00002189','MUNICIPALIDAD DISTRITAL DE UTICYACU',NULL,'2016-04-29 05:50:31','2016-04-29 05:50:31',''),(2190,18,'','00002190','MUNICIPALIDAD DISTRITAL DE VALERA',NULL,'2016-04-29 05:50:31','2016-04-29 05:50:31',''),(2191,18,'','00002191','MUNICIPALIDAD DISTRITAL DE VARGAS GUERRA',NULL,'2016-04-29 05:50:31','2016-04-29 05:50:31',''),(2192,18,'','00002192','MUNICIPALIDAD DISTRITAL DE VEGUETA',NULL,'2016-04-29 05:50:31','2016-04-29 05:50:31',''),(2193,18,'','00002193','MUNICIPALIDAD DISTRITAL DE VEINTISIETE DE NOVIEMBRE',NULL,'2016-04-29 05:50:31','2016-04-29 05:50:31',''),(2194,18,'','00002194','MUNICIPALIDAD DISTRITAL DE VELILLE',NULL,'2016-04-29 05:50:31','2016-04-29 05:50:31',''),(2195,18,'','00002195','MUNICIPALIDAD DISTRITAL DE VENTANILLA',NULL,'2016-04-29 05:50:31','2016-04-29 05:50:31',''),(2196,18,'','00002196','MUNICIPALIDAD DISTRITAL DE VICCO',NULL,'2016-04-29 05:50:31','2016-04-29 05:50:31',''),(2197,18,'','00002197','MUNICIPALIDAD DISTRITAL DE VICE',NULL,'2016-04-29 05:50:31','2016-04-29 05:50:31',''),(2198,18,'','00002198','MUNICIPALIDAD DISTRITAL DE VICHAYAL',NULL,'2016-04-29 05:50:31','2016-04-29 05:50:31',''),(2199,18,'','00002199','MUNICIPALIDAD DISTRITAL DE VICTOR LARCO HERRERA',NULL,'2016-04-29 05:50:31','2016-04-29 05:50:31',''),(2200,18,'','00002200','MUNICIPALIDAD DISTRITAL DE VILAVILA',NULL,'2016-04-29 05:50:31','2016-04-29 05:50:31',''),(2201,18,'','00002201','MUNICIPALIDAD DISTRITAL DE VILCA',NULL,'2016-04-29 05:50:31','2016-04-29 05:50:31',''),(2202,18,'','00002202','MUNICIPALIDAD DISTRITAL DE VILCABAMBA-DANIEL ALCIDES CARRION',NULL,'2016-04-29 05:50:31','2016-04-29 05:50:31',''),(2203,18,'','00002203','MUNICIPALIDAD DISTRITAL DE VILCABAMBA-GRAU',NULL,'2016-04-29 05:50:31','2016-04-29 05:50:31',''),(2204,18,'','00002204','MUNICIPALIDAD DISTRITAL DE VILCABAMBA-LA CONVENCION',NULL,'2016-04-29 05:50:31','2016-04-29 05:50:31',''),(2205,18,'','00002205','MUNICIPALIDAD DISTRITAL DE VILCANCHOS',NULL,'2016-04-29 05:50:31','2016-04-29 05:50:31',''),(2206,18,'','00002206','MUNICIPALIDAD DISTRITAL DE VILLA EL SALVADOR',NULL,'2016-04-29 05:50:31','2016-04-29 05:50:31',''),(2207,18,'','00002207','MUNICIPALIDAD DISTRITAL DE VILLA MARIA DEL TRIUNFO',NULL,'2016-04-29 05:50:31','2016-04-29 05:50:31',''),(2208,18,'','00002208','MUNICIPALIDAD DISTRITAL DE VILLA RICA',NULL,'2016-04-29 05:50:31','2016-04-29 05:50:31',''),(2209,18,'','00002209','MUNICIPALIDAD DISTRITAL DE VILQUE',NULL,'2016-04-29 05:50:31','2016-04-29 05:50:31',''),(2210,18,'','00002210','MUNICIPALIDAD DISTRITAL DE VILQUE CHICO',NULL,'2016-04-29 05:50:31','2016-04-29 05:50:31',''),(2211,18,'','00002211','MUNICIPALIDAD DISTRITAL DE VINCHOS',NULL,'2016-04-29 05:50:31','2016-04-29 05:50:31',''),(2212,18,'','00002212','MUNICIPALIDAD DISTRITAL DE VIÑAC',NULL,'2016-04-29 05:50:31','2016-04-29 05:50:31',''),(2213,18,'','00002213','MUNICIPALIDAD DISTRITAL DE VIQUES',NULL,'2016-04-29 05:50:31','2016-04-29 05:50:31',''),(2214,18,'','00002214','MUNICIPALIDAD DISTRITAL DE VIRACO',NULL,'2016-04-29 05:50:31','2016-04-29 05:50:31',''),(2215,18,'','00002215','MUNICIPALIDAD DISTRITAL DE VIRUNDO',NULL,'2016-04-29 05:50:31','2016-04-29 05:50:31',''),(2216,18,'','00002216','MUNICIPALIDAD DISTRITAL DE VISCHONGO',NULL,'2016-04-29 05:50:31','2016-04-29 05:50:31',''),(2217,18,'','00002217','MUNICIPALIDAD DISTRITAL DE VISTA ALEGRE-NAZCA',NULL,'2016-04-29 05:50:31','2016-04-29 05:50:31',''),(2218,18,'','00002218','MUNICIPALIDAD DISTRITAL DE VISTA ALEGRE-RODRIGUEZ DE MENDOZA',NULL,'2016-04-29 05:50:31','2016-04-29 05:50:31',''),(2219,18,'','00002219','MUNICIPALIDAD DISTRITAL DE VITIS',NULL,'2016-04-29 05:50:31','2016-04-29 05:50:31',''),(2220,18,'','00002220','MUNICIPALIDAD DISTRITAL DE VITOC',NULL,'2016-04-29 05:50:31','2016-04-29 05:50:31',''),(2221,18,'','00002221','MUNICIPALIDAD DISTRITAL DE VITOR',NULL,'2016-04-29 05:50:31','2016-04-29 05:50:31',''),(2222,18,'','00002222','MUNICIPALIDAD DISTRITAL DE WANCHAQ',NULL,'2016-04-29 05:50:31','2016-04-29 05:50:31',''),(2223,18,'','00002223','MUNICIPALIDAD DISTRITAL DE YAMANGO',NULL,'2016-04-29 05:50:31','2016-04-29 05:50:31',''),(2224,18,'','00002224','MUNICIPALIDAD DISTRITAL DE YAMBRASBAMBA',NULL,'2016-04-29 05:50:31','2016-04-29 05:50:31',''),(2225,18,'','00002225','MUNICIPALIDAD DISTRITAL DE YAMON',NULL,'2016-04-29 05:50:31','2016-04-29 05:50:31',''),(2226,18,'','00002226','MUNICIPALIDAD DISTRITAL DE YANACA',NULL,'2016-04-29 05:50:31','2016-04-29 05:50:31',''),(2227,18,'','00002227','MUNICIPALIDAD DISTRITAL DE YANACANCHA-CHUPACA',NULL,'2016-04-29 05:50:31','2016-04-29 05:50:31',''),(2228,18,'','00002228','MUNICIPALIDAD DISTRITAL DE YANACANCHA-PASCO',NULL,'2016-04-29 05:50:31','2016-04-29 05:50:31',''),(2229,18,'','00002229','MUNICIPALIDAD DISTRITAL DE YANAC-CORONGO',NULL,'2016-04-29 05:50:31','2016-04-29 05:50:31',''),(2230,18,'','00002230','MUNICIPALIDAD DISTRITAL DE YANAHUARA',NULL,'2016-04-29 05:50:31','2016-04-29 05:50:31',''),(2231,18,'','00002231','MUNICIPALIDAD DISTRITAL DE YANAHUAYA',NULL,'2016-04-29 05:50:31','2016-04-29 05:50:31',''),(2232,18,'','00002232','MUNICIPALIDAD DISTRITAL DE YANAMA',NULL,'2016-04-29 05:50:31','2016-04-29 05:50:31',''),(2233,18,'','00002233','MUNICIPALIDAD DISTRITAL DE YANAQUIHUA',NULL,'2016-04-29 05:50:31','2016-04-29 05:50:31',''),(2234,18,'','00002234','MUNICIPALIDAD DISTRITAL DE YANAS-DOS DE MAYO',NULL,'2016-04-29 05:50:31','2016-04-29 05:50:31',''),(2235,18,'','00002235','MUNICIPALIDAD DISTRITAL DE YANATILE',NULL,'2016-04-29 05:50:31','2016-04-29 05:50:31',''),(2236,18,'','00002236','MUNICIPALIDAD DISTRITAL DE YANQUE',NULL,'2016-04-29 05:50:31','2016-04-29 05:50:31',''),(2237,18,'','00002237','MUNICIPALIDAD DISTRITAL DE YANTALO',NULL,'2016-04-29 05:50:31','2016-04-29 05:50:31',''),(2238,18,'','00002238','MUNICIPALIDAD DISTRITAL DE YAQUERANA',NULL,'2016-04-29 05:50:31','2016-04-29 05:50:31',''),(2239,18,'','00002239','MUNICIPALIDAD DISTRITAL DE YARABAMBA',NULL,'2016-04-29 05:50:31','2016-04-29 05:50:31',''),(2240,18,'','00002240','MUNICIPALIDAD DISTRITAL DE YARINACOCHA',NULL,'2016-04-29 05:50:31','2016-04-29 05:50:31',''),(2241,18,'','00002241','MUNICIPALIDAD DISTRITAL DE YARUMAYO',NULL,'2016-04-29 05:50:31','2016-04-29 05:50:31',''),(2242,18,'','00002242','MUNICIPALIDAD DISTRITAL DE YAUCA',NULL,'2016-04-29 05:50:31','2016-04-29 05:50:31',''),(2243,18,'','00002243','MUNICIPALIDAD DISTRITAL DE YAUCA DEL ROSARIO',NULL,'2016-04-29 05:50:31','2016-04-29 05:50:31',''),(2244,18,'','00002244','MUNICIPALIDAD DISTRITAL DE YAULI-HUANCAVELICA',NULL,'2016-04-29 05:50:31','2016-04-29 05:50:31',''),(2245,18,'','00002245','MUNICIPALIDAD DISTRITAL DE YAULI-JAUJA',NULL,'2016-04-29 05:50:31','2016-04-29 05:50:31',''),(2246,18,'','00002246','MUNICIPALIDAD DISTRITAL DE YAULI-YAULI',NULL,'2016-04-29 05:50:31','2016-04-29 05:50:31',''),(2247,18,'','00002247','MUNICIPALIDAD DISTRITAL DE YAURISQUE',NULL,'2016-04-29 05:50:31','2016-04-29 05:50:31',''),(2248,18,'','00002248','MUNICIPALIDAD DISTRITAL DE YAUTAN',NULL,'2016-04-29 05:50:31','2016-04-29 05:50:31',''),(2249,18,'','00002249','MUNICIPALIDAD DISTRITAL DE YAUYA',NULL,'2016-04-29 05:50:31','2016-04-29 05:50:31',''),(2250,18,'','00002250','MUNICIPALIDAD DISTRITAL DE YAUYOS',NULL,'2016-04-29 05:50:31','2016-04-29 05:50:31',''),(2251,18,'','00002251','MUNICIPALIDAD DISTRITAL DE YAUYUCAN',NULL,'2016-04-29 05:50:31','2016-04-29 05:50:31',''),(2252,18,'','00002252','MUNICIPALIDAD DISTRITAL DE YAVARI',NULL,'2016-04-29 05:50:31','2016-04-29 05:50:31',''),(2253,18,'','00002253','MUNICIPALIDAD DISTRITAL DE YONAN',NULL,'2016-04-29 05:50:31','2016-04-29 05:50:31',''),(2254,18,'','00002254','MUNICIPALIDAD DISTRITAL DE YORONGOS',NULL,'2016-04-29 05:50:31','2016-04-29 05:50:31',''),(2255,18,'','00002255','MUNICIPALIDAD DISTRITAL DE YUCAY',NULL,'2016-04-29 05:50:31','2016-04-29 05:50:31',''),(2256,18,'','00002256','MUNICIPALIDAD DISTRITAL DE YUNGA-GENERAL SANCHEZ CERRO',NULL,'2016-04-29 05:50:31','2016-04-29 05:50:31',''),(2257,18,'','00002257','MUNICIPALIDAD DISTRITAL DE YUNGAR-CARHUAZ',NULL,'2016-04-29 05:50:31','2016-04-29 05:50:31',''),(2258,18,'','00002258','MUNICIPALIDAD DISTRITAL DE YUPAN',NULL,'2016-04-29 05:50:31','2016-04-29 05:50:31',''),(2259,18,'','00002259','MUNICIPALIDAD DISTRITAL DE YURA',NULL,'2016-04-29 05:50:31','2016-04-29 05:50:31',''),(2260,18,'','00002260','MUNICIPALIDAD DISTRITAL DE YURACMARCA',NULL,'2016-04-29 05:50:31','2016-04-29 05:50:31',''),(2261,18,'','00002261','MUNICIPALIDAD DISTRITAL DE YURACYACU',NULL,'2016-04-29 05:50:31','2016-04-29 05:50:31',''),(2262,18,'','00002262','MUNICIPALIDAD DISTRITAL DE YURUA',NULL,'2016-04-29 05:50:31','2016-04-29 05:50:31',''),(2263,18,'','00002263','MUNICIPALIDAD DISTRITAL DE YUYAPICHIS',NULL,'2016-04-29 05:50:31','2016-04-29 05:50:31',''),(2264,18,'','00002264','MUNICIPALIDAD DISTRITAL DE ZAPATERO',NULL,'2016-04-29 05:50:31','2016-04-29 05:50:31',''),(2265,18,'','00002265','MUNICIPALIDAD DISTRITAL DE ZEPITA',NULL,'2016-04-29 05:50:31','2016-04-29 05:50:31',''),(2266,18,'','00002266','MUNICIPALIDAD DISTRITAL DE ZUÑIGA',NULL,'2016-04-29 05:50:31','2016-04-29 05:50:31',''),(2267,18,'','00002267','MUNICIPALIDAD DISTRITAL DE ZURITE',NULL,'2016-04-29 05:50:31','2016-04-29 05:50:31',''),(2268,18,'','00002268','MUNICIPALIDAD DISTRITAL DEL RIMAC',NULL,'2016-04-29 05:50:31','2016-04-29 05:50:31',''),(2269,18,'','00002269','MUNICIPALIDAD DISTRITAL DEL SANTA',NULL,'2016-04-29 05:50:31','2016-04-29 05:50:31',''),(2270,19,'','00002270','MANCOMUNIDAD MUNICIAPL RIO CACHI MANRIOCACHI',NULL,'2016-04-29 05:50:31','2016-04-29 05:50:31',''),(2271,19,'','00002271','MANCOMUNIDAD MUNICIPAL CUENCA DEL MANTARO VIZCATAN VRAE',NULL,'2016-04-29 05:50:31','2016-04-29 05:50:31',''),(2272,19,'','00002272','MANCOMUNIDAD MUNICIPAL CUENCA MANTARO MANTARO',NULL,'2016-04-29 05:50:31','2016-04-29 05:50:31',''),(2273,19,'','00002273','MANCOMUNIDAD MUNICIPAL DE HUAYTAPALLANA',NULL,'2016-04-29 05:50:31','2016-04-29 05:50:31',''),(2274,19,'','00002274','MANCOMUNIDAD MUNICIPAL DE LA AMAZONIA DE PUNO',NULL,'2016-04-29 05:50:31','2016-04-29 05:50:31',''),(2275,19,'','00002275','MANCOMUNIDAD MUNICIPAL DE LA CUENCA DEL RIO SAN JUAN',NULL,'2016-04-29 05:50:31','2016-04-29 05:50:31',''),(2276,19,'','00002276','MANCOMUNIDAD MUNICIPAL DE LA CUENCA VALLE DE LURIN',NULL,'2016-04-29 05:50:31','2016-04-29 05:50:31',''),(2277,19,'','00002277','MANCOMUNIDAD MUNICIPAL DE LA SUB CUENCA DEL RIO CHIPILLICO',NULL,'2016-04-29 05:50:31','2016-04-29 05:50:31',''),(2278,19,'','00002278','MANCOMUNIDAD MUNICIPAL DE PARAMOS Y CUENCAS DEL JAEN',NULL,'2016-04-29 05:50:31','2016-04-29 05:50:31',''),(2279,19,'','00002279','MANCOMUNIDAD MUNICIPAL DE QAPAQ ÑAN',NULL,'2016-04-29 05:50:31','2016-04-29 05:50:31',''),(2280,19,'','00002280','MANCOMUNIDAD MUNICIPAL DE SALHUANA',NULL,'2016-04-29 05:50:31','2016-04-29 05:50:31',''),(2281,19,'','00002281','MANCOMUNIDAD MUNICIPAL DE USCOVILCA',NULL,'2016-04-29 05:50:31','2016-04-29 05:50:31',''),(2282,19,'','00002282','MANCOMUNIDAD MUNICIPAL DEL CORREDOR MANTARO',NULL,'2016-04-29 05:50:31','2016-04-29 05:50:31',''),(2283,19,'','00002283','MANCOMUNIDAD MUNICIPAL DEL NORTE DE CELENDIN',NULL,'2016-04-29 05:50:31','2016-04-29 05:50:31',''),(2284,19,'','00002284','MANCOMUNIDAD MUNICIPAL DEL VALLE DE LA LECHE',NULL,'2016-04-29 05:50:31','2016-04-29 05:50:31',''),(2285,19,'','00002285','MANCOMUNIDAD MUNICIPAL DEL VALLE DE LOS VOLCANES',NULL,'2016-04-29 05:50:31','2016-04-29 05:50:31',''),(2286,19,'','00002286','MANCOMUNIDAD MUNICIPAL FRENTE NORTE DE ILUCAN',NULL,'2016-04-29 05:50:31','2016-04-29 05:50:31',''),(2287,19,'','00002287','MANCOMUNIDAD MUNICIPAL HATUN HUAYLAS',NULL,'2016-04-29 05:50:31','2016-04-29 05:50:31',''),(2288,19,'','00002288','MANCOMUNIDAD MUNICIPAL INTEGRACION FRONTERIZA COLLPA',NULL,'2016-04-29 05:50:31','2016-04-29 05:50:31',''),(2289,19,'','00002289','MANCOMUNIDAD MUNICIPAL LIMA ESTE',NULL,'2016-04-29 05:50:31','2016-04-29 05:50:31',''),(2290,19,'','00002290','MANCOMUNIDAD MUNICIPAL LOS ANDES SUR AYACUCHO AREQUIPA MANDESUR',NULL,'2016-04-29 05:50:31','2016-04-29 05:50:31',''),(2291,19,'','00002291','MANCOMUNIDAD MUNICIPAL LOS WARI MANWARI',NULL,'2016-04-29 05:50:31','2016-04-29 05:50:31',''),(2292,19,'','00002292','MANCOMUNIDAD MUNICIPAL NUEVA REQUENA PADRE MARQUEZ NR PM',NULL,'2016-04-29 05:50:31','2016-04-29 05:50:31',''),(2293,19,'','00002293','MANCOMUNIDAD MUNICIPAL QUEBRADA DEL MANTARO JAUJA',NULL,'2016-04-29 05:50:31','2016-04-29 05:50:31',''),(2294,19,'','00002294','MANCOMUNIDAD MUNICIPAL TALLAN',NULL,'2016-04-29 05:50:31','2016-04-29 05:50:31',''),(2295,19,'','00002295','MANCOMUNIDAD MUNICIPAL TUPAC AMARU II',NULL,'2016-04-29 05:50:31','2016-04-29 05:50:31',''),(2296,19,'','00002296','MANCOMUNIDAD MUNICIPAL UNION DE MUNICIPALIDADES ANDINAS DEL SUR UMASUR',NULL,'2016-04-29 05:50:31','2016-04-29 05:50:31',''),(2297,19,'','00002297','MANCOMUNIDAD MUNICIPAL VALLE SUR CUSCO',NULL,'2016-04-29 05:50:31','2016-04-29 05:50:31',''),(2300,20,'000000',NULL,'EMPRESA MUNICIPAL INMOBILIARIA DE LIMA S.A.',NULL,'2016-04-29 16:39:44','2016-04-29 16:39:44',''),(2301,21,'140101',NULL,'Corte Superior de Lambayeque (D.J. LAMBAYEQUE)',NULL,'2016-05-12 07:34:42','2016-05-12 07:34:42',''),(2302,21,'120114',NULL,'Corte Superior de Junin (D.J. JUNIN)',NULL,'2016-05-12 07:34:42','2016-05-12 07:34:42',''),(2303,21,'130101',NULL,'Corte Superior de la Libertad (D.J. LA LIBERTAD)',NULL,'2016-05-12 07:34:42','2016-05-12 07:34:42',''),(2304,21,'150501',NULL,'Corte Superior de Cañete (D.J. CANETE)',NULL,'2016-05-12 07:34:42','2016-05-12 07:34:42',''),(2305,21,'150801',NULL,'Corte Superior de Huaura (D.J. HUAURA)',NULL,'2016-05-12 07:34:42','2016-05-12 07:34:42',''),(2306,21,'160101',NULL,'Corte Superior de Loreto (D.J. LORETO)',NULL,'2016-05-12 07:34:42','2016-05-12 07:34:42',''),(2307,21,'170000',NULL,'Corte Superior de Madre de Dios (D.J. MADRE DE DIOS)',NULL,'2016-05-12 07:34:42','2016-05-12 07:34:42',''),(2308,21,'180000',NULL,'Corte Superior de Moquegua (D.J. MOQUEGUA)',NULL,'2016-05-12 07:34:42','2016-05-12 07:34:42',''),(2309,21,'190113',NULL,'Corte Superior de Pasco (D.J. PASCO)',NULL,'2016-05-12 07:34:42','2016-05-12 07:34:42',''),(2310,21,'200101',NULL,'Corte Superior de Piura (D.J. PIURA)',NULL,'2016-05-12 07:34:42','2016-05-12 07:34:42',''),(2311,21,'220101',NULL,'Corte Superior de San Martin (D.J. SAN MARTIN)',NULL,'2016-05-12 07:34:42','2016-05-12 07:34:42',''),(2312,21,'210101',NULL,'Corte Superior de Puno (D.J. PUNO)',NULL,'2016-05-12 07:34:42','2016-05-12 07:34:42',''),(2313,21,'10101',NULL,'Corte Superior de Amazonas (D.J.AMAZONAS)',NULL,'2016-05-12 07:34:42','2016-05-12 07:34:42',''),(2314,21,'20101',NULL,'Corte Superior de Ancash (D.J.ANCASH)',NULL,'2016-05-12 07:34:42','2016-05-12 07:34:42',''),(2315,21,'21801',NULL,'Corte Superior del Santa (D.J. SANTA)',NULL,'2016-05-12 07:34:42','2016-05-12 07:34:42',''),(2316,21,'30101',NULL,'Corte Superior de Apurimac (D.J. APURIMAC)',NULL,'2016-05-12 07:34:42','2016-05-12 07:34:42',''),(2317,21,'40101',NULL,'Corte Superior de Arequipa (CSJAR)',NULL,'2016-05-12 07:34:42','2016-05-12 07:34:42',''),(2318,21,'50101',NULL,'Corte Superior de Ayacucho (D.J. AYACUCHO)',NULL,'2016-05-12 07:34:42','2016-05-12 07:34:42',''),(2319,21,'60101',NULL,'Corte Superior de Cajamarca (D.J. CAJAMARCA)',NULL,'2016-05-12 07:34:42','2016-05-12 07:34:42',''),(2320,21,'70101',NULL,'Corte Superior del Callao (D.J. CALLAO)',NULL,'2016-05-12 07:34:42','2016-05-12 07:34:42',''),(2321,21,'80101',NULL,'Corte Superior de cusco (D.J. Cusco)',NULL,'2016-05-12 07:34:42','2016-05-12 07:34:42',''),(2322,21,'90101',NULL,'Corte Superior de Huancavelica (D.J. Huancavelica)',NULL,'2016-05-12 07:34:42','2016-05-12 07:34:42',''),(2323,21,'100101',NULL,'Corte Superior de Huanuco (D.J. HUANUCO)',NULL,'2016-05-12 07:34:42','2016-05-12 07:34:42',''),(2324,21,'110101',NULL,'Corte Superior de Ica (D.J. ICA)',NULL,'2016-05-12 07:34:42','2016-05-12 07:34:42',''),(2325,21,'230101',NULL,'Corte Superior de Tacna (D.J. TACNA)',NULL,'2016-05-12 07:34:42','2016-05-12 07:34:42',''),(2326,21,'240101',NULL,'Corte Superior de Tumbes (D.J. TUMBES)',NULL,'2016-05-12 07:34:42','2016-05-12 07:34:42',''),(2327,21,'250101',NULL,'Corte Superior de Ucayali (D.J. UCAYALI)',NULL,'2016-05-12 07:34:42','2016-05-12 07:34:42',''),(2328,21,'150130',NULL,'PROYECTO  ESPECIAL JUNTAS DE GOBERNADORES BM/FMI 2015 PERÚ',NULL,'2016-05-12 07:34:42','2016-05-12 07:34:42',''),(2329,21,'150113',NULL,'Empresa de Seguridad, Vigilancia y Control S.A.C. (ESVICSAC)',NULL,'2016-05-12 07:34:42','2016-05-12 07:34:42',''),(2330,21,'131001',NULL,'Red de Salud Santiago de Chuco (RSCH)',NULL,'2016-05-12 07:34:42','2016-05-12 07:34:42',''),(2331,21,'120301',NULL,'Proyecto Especial Pichis Palcazu (PEPP)',NULL,'2016-05-12 07:34:42','2016-05-12 07:34:42',''),(2332,21,'150114',NULL,'Proyecto de Investigación y Extensión Agricola (INCAGRO)',NULL,'2016-05-12 07:34:42','2016-05-12 07:34:42',''),(2333,21,'150113',NULL,'Programa de Desarrollo Productivo Agrario Rural (AGRO RURAL)',NULL,'2016-05-12 07:34:42','2016-05-12 07:34:42',''),(2334,21,'150122',NULL,'Programa de Compensaciones para la Competitividad (AGROIDEAS)',NULL,'2016-05-12 07:34:42','2016-05-12 07:34:42',''),(2335,21,'210101',NULL,'Proyecto Especial Binacional Lago Titicaca (PELT)',NULL,'2016-05-12 07:34:42','2016-05-12 07:34:42',''),(2336,21,'160101',NULL,'Proyecto Especial Desarrollo Integral de la Cuenca del Río Putumayo (PEDICP)',NULL,'2016-05-12 07:34:42','2016-05-12 07:34:42',''),(2337,21,'60801',NULL,'Proyecto Especial Jaén San Ignacio Bagua (PEJSIB)',NULL,'2016-05-12 07:34:42','2016-05-12 07:34:42',''),(2338,21,'60101',NULL,'Proyecto Especial Jequetepeque Zaña (PEJEZA)',NULL,'2016-05-12 07:34:42','2016-05-12 07:34:42',''),(2339,21,'50101',NULL,'Proyecto Especial Sierra Centro Sur (MINAG-PESCS UE-1329)',NULL,'2016-05-12 07:34:42','2016-05-12 07:34:42',''),(2340,21,'240101',NULL,'Proyecto Especial Binacional Puyango Tumbes (PEBPT)',NULL,'2016-05-12 07:34:42','2016-05-12 07:34:42',''),(2341,21,'150131',NULL,'Plan COPESCO Nacional (PCN)',NULL,'2016-05-12 07:34:42','2016-05-12 07:34:42',''),(2342,21,'150101',NULL,'FONDO DE INVERSIÓN EN TELECOMUNICACIONES (FITEL)',NULL,'2016-05-12 07:34:42','2016-05-12 07:34:42',''),(2343,21,'150130',NULL,'Autoridad Autónoma del Sistema Eléctrico de Transporte Masivo de Lima y Callao (AATE)',NULL,'2016-05-12 07:34:42','2016-05-12 07:34:42',''),(2344,21,'150116',NULL,'Programa Nacional de Innovación para la Competitividad y Productividad (PNICP-INNÓVATE PERÚ)',NULL,'2016-05-12 07:34:42','2016-05-12 07:34:42',''),(2345,21,'150131',NULL,'Petróleos del Perú (PETROPERU)',NULL,'2016-05-12 07:34:42','2016-05-12 07:34:42',''),(2346,21,'150130',NULL,'Dirección General de Electrificación Rural (DGER)',NULL,'2016-05-12 07:34:42','2016-05-12 07:34:42',''),(2347,21,'250101',NULL,'RED ASISTENCIAL UCAYALI (RAUC - UCAYALI)',NULL,'2016-05-12 07:34:42','2016-05-12 07:34:42',''),(2348,21,'240101',NULL,'RED ASISTENCIAL TUMBES (RAT - TUMBES)',NULL,'2016-05-12 07:34:42','2016-05-12 07:34:42',''),(2349,21,'40101',NULL,'RED ASISTENCIAL AREQUIPA (RAAR - AREQUIPA)',NULL,'2016-05-12 07:34:42','2016-05-12 07:34:42',''),(2350,21,'21801',NULL,'RED ASISTENCIAL ANCASH (RA - ANCASH)',NULL,'2016-05-12 07:34:42','2016-05-12 07:34:42',''),(2351,21,'30101',NULL,'RED ASISTENCIAL APURIMAC (RAC - APURIMAC)',NULL,'2016-05-12 07:34:42','2016-05-12 07:34:42',''),(2352,21,'10101',NULL,'RED ASISTENCIAL AMAZONAS (DRAAM- AMAZONAS)',NULL,'2016-05-12 07:34:42','2016-05-12 07:34:42',''),(2353,21,'90101',NULL,'RED ASISTENCIAL HUANCAVELICA (RAHVC - HUANCAVELICA)',NULL,'2016-05-12 07:34:42','2016-05-12 07:34:42',''),(2354,21,'80108',NULL,'RED ASISTENCIAL CUSCO (RACU - CUSCO)',NULL,'2016-05-12 07:34:42','2016-05-12 07:34:42',''),(2355,21,'100101',NULL,'RED ASISTENCIAL HUANUCO (RAHU - HUANUCO)',NULL,'2016-05-12 07:34:42','2016-05-12 07:34:42',''),(2356,21,'110101',NULL,'RED ASISTENCIAL ICA (RAICA)',NULL,'2016-05-12 07:34:42','2016-05-12 07:34:42',''),(2357,21,'70102',NULL,'RED ASISTENCIAL SABOGAL (RAS - SABOGAL)',NULL,'2016-05-12 07:34:42','2016-05-12 07:34:42',''),(2358,21,'60101',NULL,'RED ASISTENCIAL CAJAMARCA (RA - CAJAMARCA)',NULL,'2016-05-12 07:34:42','2016-05-12 07:34:42',''),(2359,21,'210101',NULL,'RED ASISTENCIAL PUNO (RAPU- PUNO)',NULL,'2016-05-12 07:34:42','2016-05-12 07:34:42',''),(2360,21,'220101',NULL,'RED ASISTENCIAL MOYOBAMBA (RAM- MOYOBAMBA)',NULL,'2016-05-12 07:34:42','2016-05-12 07:34:42',''),(2361,21,'220901',NULL,'RED ASISTENCIAL TARAPOTO (RATAR - TARAPOTO)',NULL,'2016-05-12 07:34:42','2016-05-12 07:34:42',''),(2362,21,'230103',NULL,'RED ASISTENCIAL TACNA (RAT - TACNA)',NULL,'2016-05-12 07:34:42','2016-05-12 07:34:42',''),(2363,21,'211101',NULL,'RED ASISTENCIAL JULIACA (RAJUL)',NULL,'2016-05-12 07:34:42','2016-05-12 07:34:42',''),(2364,21,'200101',NULL,'RED ASISTENCIAL PIURA (RAPI- PIURA)',NULL,'2016-05-12 07:34:42','2016-05-12 07:34:42',''),(2365,21,'170101',NULL,'RED ASISTENCIAL MADRE DE DIOS (RAMD)',NULL,'2016-05-12 07:34:42','2016-05-12 07:34:42',''),(2366,21,'180101',NULL,'RED ASISTENCIAL MOQUEGUA (RAMOQ)',NULL,'2016-05-12 07:34:42','2016-05-12 07:34:42',''),(2367,21,'190101',NULL,'RED ASISTENCIAL PASCO (RAP - PASCO)',NULL,'2016-05-12 07:34:42','2016-05-12 07:34:42',''),(2368,21,'160108',NULL,'RED ASISTENCIAL LORETO (RALO)',NULL,'2016-05-12 07:34:42','2016-05-12 07:34:42',''),(2369,21,'140101',NULL,'RED ASISTENCIAL LAMBAYEQUE (RAL)',NULL,'2016-05-12 07:34:42','2016-05-12 07:34:42',''),(2370,21,'130101',NULL,'RED ASISTENCIAL LA LIBERTAD (RALI)',NULL,'2016-05-12 07:34:42','2016-05-12 07:34:42',''),(2371,21,'120114',NULL,'RED ASISTENCIAL JUNIN (RAJUN)',NULL,'2016-05-12 07:34:42','2016-05-12 07:34:42',''),(2372,21,'150115',NULL,'Red Asistencial Almenara (RAA - ALMENARA)',NULL,'2016-05-12 07:34:42','2016-05-12 07:34:42',''),(2373,21,'150115',NULL,'INSTITUTO NACIONAL DEL CORAZON (INCOR - ESSALUD)',NULL,'2016-05-12 07:34:42','2016-05-12 07:34:42',''),(2374,21,'150101',NULL,'Dirección General del Servicio Nacional del Empleo (SENEP)',NULL,'2016-05-12 07:34:42','2016-05-12 07:34:42',''),(2375,21,'150113',NULL,'Programa Nacional para la Promoción de Oportunidades Laborales Impulsa Perú (Impulsa Perú)',NULL,'2016-05-12 07:34:42','2016-05-12 07:34:42',''),(2376,21,'150113',NULL,'PROGRAMA NACIONAL DE EMPLEO JUVENIL JOVENES PRODUCTIVOS (JOVENES PRODUCTIVOS)',NULL,'2016-05-12 07:34:42','2016-05-12 07:34:42',''),(2377,21,'150113',NULL,'Red Asistencial Rebagliati (RAR - Rebagliati)',NULL,'2016-05-12 07:34:42','2016-05-12 07:34:42',''),(2378,21,'150113',NULL,'OFICINA DE SELECCION PROMOCION Y CARRERA (OSPC - ESSALUD)',NULL,'2016-05-12 07:34:42','2016-05-12 07:34:42',''),(2379,21,'150113',NULL,'SUBGERENCIA DE PERSONAL (SGP- ESSALUD)',NULL,'2016-05-12 07:34:42','2016-05-12 07:34:42',''),(2380,21,'150113',NULL,'GERENCIA CENTRAL DE LOGISTICA (GCL - ESSALUD)',NULL,'2016-05-12 07:34:42','2016-05-12 07:34:42',''),(2381,21,'150113',NULL,'CENTRO NACIONAL DE SALUD RENAL (CNSR)',NULL,'2016-05-12 07:34:42','2016-05-12 07:34:42',''),(2382,21,'150113',NULL,'Programa para la Generación de Empleo Social Inclusivo  - Trabaja Perú (Trabaja Perú)',NULL,'2016-05-12 07:34:42','2016-05-12 07:34:42',''),(2383,21,'150113',NULL,'Programa Perú Responsable (Perú Responsable)',NULL,'2016-05-12 07:34:42','2016-05-12 07:34:42',''),(2384,21,'150113',NULL,'Dirección de Abastecimiento de Recursos Estratégicos en Salud (DARES)',NULL,'2016-05-12 07:34:42','2016-05-12 07:34:42',''),(2385,21,'150104',NULL,'Dirección de Salud II Lima Sur (DISA II L.S.)',NULL,'2016-05-12 07:34:42','2016-05-12 07:34:42',''),(2386,21,'150112',NULL,'Red de Salud Tupac Amaru (TA - MINSA)',NULL,'2016-05-12 07:34:42','2016-05-12 07:34:42',''),(2387,21,'150111',NULL,'Dirección de Salud IV Lima Este (Disa IV LE)',NULL,'2016-05-12 07:34:42','2016-05-12 07:34:42',''),(2388,21,'150108',NULL,'RED DE SALUD BARRANCO CHORRILLOS SURCO (RSS BCO.CHO.SCO.)',NULL,'2016-05-12 07:34:42','2016-05-12 07:34:42',''),(2389,21,'150101',NULL,'Hospital Nacional General (HNGAL)',NULL,'2016-05-12 07:34:42','2016-05-12 07:34:42',''),(2390,21,'150101',NULL,'Red Asistencial Almenara - Clinica Chosica',NULL,'2016-05-12 07:34:42','2016-05-12 07:34:42',''),(2391,21,'150101',NULL,'DIRECCION DE RED DE SALUD LIMA CIUDAD (DRSLC)',NULL,'2016-05-12 07:34:42','2016-05-12 07:34:42',''),(2392,21,'150130',NULL,'INSTITUTO NACIONAL DE SALUD DEL NIÑO - SAN BORJA (INSNSB)',NULL,'2016-05-12 07:34:42','2016-05-12 07:34:42',''),(2393,21,'150125',NULL,'RED DE SALUD LIMA NORTE IV (R.S.L.N. IV)',NULL,'2016-05-12 07:34:42','2016-05-12 07:34:42',''),(2394,21,'150128',NULL,'Dirección de Red de Salud Lima Norte V  Rímac- SMP- Los Olivos (Red de Salud Rimac)',NULL,'2016-05-12 07:34:42','2016-05-12 07:34:42',''),(2395,21,'150136',NULL,'FONDO INTANGIBLE SOLIDARIO DE SALUD (FISSAL)',NULL,'2016-05-12 07:34:42','2016-05-12 07:34:42',''),(2396,21,'150132',NULL,'Red de Salud San Juan de Lurigancho - MINSA (RSSJL- MINSA)',NULL,'2016-05-12 07:34:42','2016-05-12 07:34:42',''),(2397,21,'150131',NULL,'Instituto de Desarrollo de Recursos Humanos (IDREH)',NULL,'2016-05-12 07:34:42','2016-05-12 07:34:42',''),(2398,21,'150131',NULL,'DIRECCION DE SALUD V LIMA CIUDAD (DISA V LC)',NULL,'2016-05-12 07:34:42','2016-05-12 07:34:42',''),(2399,21,'140101',NULL,'Hospital Regional Docente Las Mercedes (HRDLMCH)',NULL,'2016-05-12 07:34:42','2016-05-12 07:34:42',''),(2400,21,'150801',NULL,'Red Huacho (RH)',NULL,'2016-05-12 07:34:42','2016-05-12 07:34:42',''),(2401,21,'150201',NULL,'Hospital Barranca Cajatambo y SBS (HBC-SBS)',NULL,'2016-05-12 07:34:42','2016-05-12 07:34:42',''),(2402,21,'150141',NULL,'Instituto Nacional de Enfermedades Neoplásicas (INEN)',NULL,'2016-05-12 07:34:42','2016-05-12 07:34:42',''),(2403,21,'150142',NULL,'RED DE SALUD VILLA EL SALVADOR LURIN PACHACAMAC PUCUSANA (RSS.VES.LPP)',NULL,'2016-05-12 07:34:42','2016-05-12 07:34:42',''),(2404,21,'150143',NULL,'DIRECCION RED DE SALUD - SAN JUAN DE MIRAFLORES - VILLA MARIA DEL TRIUNFO (DRS SJM VMT)',NULL,'2016-05-12 07:34:42','2016-05-12 07:34:42',''),(2405,21,'150601',NULL,'Hospital Huaral y Red Huaral (RH - MINSA)',NULL,'2016-05-12 07:34:42','2016-05-12 07:34:42',''),(2406,21,'200101',NULL,'HOSPITAL DE LA AMISTAD PERU-COREA II-2 SANTA ROSA (HAPCII-2-SRP)',NULL,'2016-05-12 07:34:42','2016-05-12 07:34:42',''),(2407,21,'200401',NULL,'E.S. II-1 HOSPITAL DE CHULUCANAS (ESHCHULUCANAS)',NULL,'2016-05-12 07:34:42','2016-05-12 07:34:42',''),(2408,21,'80101',NULL,'Hospital de Sicuani - CUSCO (HSC)',NULL,'2016-05-12 07:34:42','2016-05-12 07:34:42',''),(2409,21,'100301',NULL,'RED DE SALUD DE DOS DE MAYO - UNIDAD EJECUTORA 406 (RSDM)',NULL,'2016-05-12 07:34:42','2016-05-12 07:34:42',''),(2410,21,'21201',NULL,'Red de Salud Huaylas Norte (RSHN)',NULL,'2016-05-12 07:34:42','2016-05-12 07:34:42',''),(2411,21,'21809',NULL,'Hospital Regional Eleazar Guzmán Barrón (HEGB)',NULL,'2016-05-12 07:34:42','2016-05-12 07:34:42',''),(2412,21,'50110',NULL,'RED ASISTENCIAL AYACUCHO - ESSALUD (RAAY)',NULL,'2016-05-12 07:34:42','2016-05-12 07:34:42',''),(2413,21,'80101',NULL,'INSTITUTO NACIONAL DE CULTURA CUSCO (INC-CUSCO)',NULL,'2016-05-12 07:34:42','2016-05-12 07:34:42',''),(2414,21,'200302',NULL,'I.E.N° 14566 (I.E.N° 14566)',NULL,'2016-05-12 07:34:42','2016-05-12 07:34:42',''),(2415,21,'220900',NULL,'UNIDAD DE GESTION EDUCATIVA LOCAL LAMAS- UNIDAD EJECUTORA Nº 305 (UGEL - LAMAS)',NULL,'2016-05-12 07:34:42','2016-05-12 07:34:42',''),(2416,21,'150140',NULL,'SECRETARÍA NACIONAL DE LA JUVENTUD (SENAJU)',NULL,'2016-05-12 07:34:42','2016-05-12 07:34:42',''),(2417,21,'150301',NULL,'UNIDAD DE GESTIÓN EDUCATIVA LOCAL Nº 11 - CAJATAMBO (UGEL 11-C)',NULL,'2016-05-12 07:34:42','2016-05-12 07:34:42',''),(2418,21,'180201',NULL,'UNIDAD DE GESTIÓN EDUCATIVA LOCAL GENERAL SÁNCHEZ CERRO (UGEL Gral. SC)',NULL,'2016-05-12 07:34:42','2016-05-12 07:34:42',''),(2419,21,'180101',NULL,'UGEL MARISCAL NIETO (UGEL MN)',NULL,'2016-05-12 07:34:42','2016-05-12 07:34:42',''),(2420,21,'190201',NULL,'Unidad de Gestión Educativa Local Daniel Alcides Carrión (UGELDAC)',NULL,'2016-05-12 07:34:42','2016-05-12 07:34:42',''),(2421,21,'120601',NULL,'UNIDAD DE GESTION EDUCATIVA LOCAL SATIPO (UGEL-S)',NULL,'2016-05-12 07:34:42','2016-05-12 07:34:42',''),(2422,21,'150130',NULL,'PROGRAMA NACIONAL DE BECAS Y CREDITO EDUCATIVO (PRONABEC)',NULL,'2016-05-12 07:34:42','2016-05-12 07:34:42',''),(2423,21,'150132',NULL,'Unidad de Gestión Educativa Local N.º 05 (UGEL 05)',NULL,'2016-05-12 07:34:42','2016-05-12 07:34:42',''),(2424,21,'150135',NULL,'UNIDAD DE GESTIÓN EDUCATIVA LOCAL N° 02 (UGEL 02)',NULL,'2016-05-12 07:34:42','2016-05-12 07:34:42',''),(2425,21,'150133',NULL,'Unidad de Gestión Educativa Local N° 01 (UGEL01)',NULL,'2016-05-12 07:34:42','2016-05-12 07:34:42',''),(2426,21,'150130',NULL,'UNIDAD DE GESTION EDUCATIVA LOCAL Nº 07 (UGEL 07)',NULL,'2016-05-12 07:34:42','2016-05-12 07:34:42',''),(2427,21,'150130',NULL,'Dirección General de Tecnologias Educativas (DIGETE)',NULL,'2016-05-12 07:34:42','2016-05-12 07:34:42',''),(2428,21,'150130',NULL,'Educacion para Todos (Educacion para Todos)',NULL,'2016-05-12 07:34:42','2016-05-12 07:34:42',''),(2429,21,'150130',NULL,'Educacion Rural (Educacion Rural)',NULL,'2016-05-12 07:34:42','2016-05-12 07:34:42',''),(2430,21,'150130',NULL,'Programa Nacional de Alfabetización (PNA)',NULL,'2016-05-12 07:34:42','2016-05-12 07:34:42',''),(2431,21,'150101',NULL,'UNIDAD DE GESTIÓN EDUCATIVA LOCAL Nº 03 (UGEL Nº 03)',NULL,'2016-05-12 07:34:42','2016-05-12 07:34:42',''),(2432,21,'150107',NULL,'INSTITUCIÓN EDUCATIVA PÚBLICA (CMSPP)',NULL,'2016-05-12 07:34:42','2016-05-12 07:34:42',''),(2433,21,'150110',NULL,'UNIDAD DE GESTIÓN EDUCATIVA LOCAL Nº 04 (UGEL04)',NULL,'2016-05-12 07:34:42','2016-05-12 07:34:42',''),(2434,21,'150103',NULL,'Unidad de Gestión Educativa Local Nº 06 (UGEL 06)',NULL,'2016-05-12 07:34:42','2016-05-12 07:34:42',''),(2435,21,'150101',NULL,'PROGRAMA NACIONAL DE INFRAESTRUCTURA EDUCATIVA (PRONIED)',NULL,'2016-05-12 07:34:42','2016-05-12 07:34:42',''),(2436,21,'150101',NULL,'Programa Nacional Contra la Violencia Familiar y Sexual (PNCVFS)',NULL,'2016-05-12 07:34:42','2016-05-12 07:34:42',''),(2437,21,'70101',NULL,'SOCIEDAD DE BENEFICENCIA PUBLICA DEL CALLAO (SBP-C)',NULL,'2016-05-12 07:34:42','2016-05-12 07:34:42',''),(2438,21,'250101',NULL,'ZONA REGISTRAL N° VI - SEDE PUCALLPA (ZR N° VI - SUNARP)',NULL,'2016-05-12 07:34:42','2016-05-12 07:34:42',''),(2439,21,'20101',NULL,'ZONA REGISTRAL N° VII - SEDE HUARAZ (ZRN°VII - SUNARP)',NULL,'2016-05-12 07:34:42','2016-05-12 07:34:42',''),(2440,21,'40101',NULL,'ZONA REGISTRAL N° XII - SEDE AREQUIPA (ZRN° XII - SUNARP)',NULL,'2016-05-12 07:34:42','2016-05-12 07:34:42',''),(2441,21,'50101',NULL,'SUNARP - SEDE AYACUCHO (SUNARP - AYACUCHO)',NULL,'2016-05-12 07:34:42','2016-05-12 07:34:42',''),(2442,21,'80101',NULL,'ZONA REGISTRAL N° X - SEDE CUSCO (ZRN° X - SUNARP)',NULL,'2016-05-12 07:34:42','2016-05-12 07:34:42',''),(2443,21,'120101',NULL,'Zona Registral N° VIII - SEDE HUANCAYO (ZRN° VIII - SUNARP)',NULL,'2016-05-12 07:34:42','2016-05-12 07:34:42',''),(2444,21,'110101',NULL,'ZONA REGISTRAL N° XI - SEDE ICA (ZRN° XI - SUNARP)',NULL,'2016-05-12 07:34:42','2016-05-12 07:34:42',''),(2445,21,'230101',NULL,'ZONA REGISTRAL N° XIII - SEDE TACNA (ZRN° XIII - SUNARP)',NULL,'2016-05-12 07:34:42','2016-05-12 07:34:42',''),(2446,21,'220101',NULL,'ZONA REGISTRAL N° III - SEDE MOYOBAMBA (ZRN°III - SUNARP)',NULL,'2016-05-12 07:34:42','2016-05-12 07:34:42',''),(2447,21,'160101',NULL,'ZONA REGISTRAL N° IV - SEDE IQUITOS (ZRN° IV - SUNARP)',NULL,'2016-05-12 07:34:42','2016-05-12 07:34:42',''),(2448,21,'200101',NULL,'ZONA REGISTRAL N° I - SEDE PIURA (ZR - SUNARP)',NULL,'2016-05-12 07:34:42','2016-05-12 07:34:42',''),(2449,21,'140101',NULL,'ZONA REGISTRAL N° II - SEDE CHICLAYO (ZR - CHICLAYO)',NULL,'2016-05-12 07:34:42','2016-05-12 07:34:42',''),(2450,21,'130101',NULL,'ZONA REGISTRAL N° V - SEDE TRUJILLO (ZRN° V - SUNARP)',NULL,'2016-05-12 07:34:42','2016-05-12 07:34:42',''),(2451,21,'150101',NULL,'Oficina Regional Lima - INPE (INPE-ORL)',NULL,'2016-05-12 07:34:42','2016-05-12 07:34:42',''),(2452,21,'150113',NULL,'ZONA REGISTRAL N° IX - SEDE LIMA (Z.R.IX)',NULL,'2016-05-12 07:34:42','2016-05-12 07:34:42',''),(2453,21,'150122',NULL,'FONDO NACIONAL DE DESARROLLO CIENTÍFICO, TECNOLOGÍCO Y DE  INNOVACIÓN TECNOLÓGICA (FONDECYT)',NULL,'2016-05-12 07:34:42','2016-05-12 07:34:42',''),(2454,21,'NULL',NULL,'Embajada del Perú en Alemania (E_Alemania)',NULL,'2016-05-12 07:34:42','2016-05-12 07:34:42',''),(2455,21,'NULL',NULL,'Embajada del Perú en Argentina (E_Argentina)',NULL,'2016-05-12 07:34:42','2016-05-12 07:34:42',''),(2456,21,'NULL',NULL,'Embajada del Perú en Australia (E_Australia)',NULL,'2016-05-12 07:34:42','2016-05-12 07:34:42',''),(2457,21,'NULL',NULL,'Embajada del Perú en Austria (E-Austria)',NULL,'2016-05-12 07:34:42','2016-05-12 07:34:42',''),(2458,21,'NULL',NULL,'Embajada del Perú en Bélgica (E-Belgica)',NULL,'2016-05-12 07:34:42','2016-05-12 07:34:42',''),(2459,21,'NULL',NULL,'Embajada del Perú en Bolivia (E-Bolivia)',NULL,'2016-05-12 07:34:42','2016-05-12 07:34:42',''),(2460,21,'NULL',NULL,'Embajada del Perú en Brasil (E-Brasil)',NULL,'2016-05-12 07:34:42','2016-05-12 07:34:42',''),(2461,21,'NULL',NULL,'Embajada del Perú en Canadá (E-Canadá)',NULL,'2016-05-12 07:34:42','2016-05-12 07:34:42',''),(2462,21,'NULL',NULL,'Embajada del Perú en Colombia (E-Colombia)',NULL,'2016-05-12 07:34:42','2016-05-12 07:34:42',''),(2463,21,'NULL',NULL,'Embajada del Perú en República de Corea (E-RepúblicaCorea)',NULL,'2016-05-12 07:34:42','2016-05-12 07:34:42',''),(2464,21,'NULL',NULL,'Embajada del Perú en Costa Rica (E-CostaRica)',NULL,'2016-05-12 07:34:42','2016-05-12 07:34:42',''),(2465,21,'NULL',NULL,'Embajada del Perú en Cuba (E-Cuba)',NULL,'2016-05-12 07:34:42','2016-05-12 07:34:42',''),(2466,21,'NULL',NULL,'Embajada del Perú en República Checa (E-RepúblicaCheca)',NULL,'2016-05-12 07:34:42','2016-05-12 07:34:42',''),(2467,21,'NULL',NULL,'Embajada del Perú en Chile (E-Chile)',NULL,'2016-05-12 07:34:42','2016-05-12 07:34:42',''),(2468,21,'NULL',NULL,'Embajada del Perú en China (E-China)',NULL,'2016-05-12 07:34:42','2016-05-12 07:34:42',''),(2469,21,'NULL',NULL,'Embajada del Perú en Ecuador (E-Ecuador)',NULL,'2016-05-12 07:34:42','2016-05-12 07:34:42',''),(2470,21,'NULL',NULL,'Embajada del Perú en Egipto (E-Egipto)',NULL,'2016-05-12 07:34:42','2016-05-12 07:34:42',''),(2471,21,'NULL',NULL,'Embajada del Perú en El Salvador (E-ElSalvador)',NULL,'2016-05-12 07:34:42','2016-05-12 07:34:42',''),(2472,21,'NULL',NULL,'Embajada del Perú en España (E-España)',NULL,'2016-05-12 07:34:42','2016-05-12 07:34:42',''),(2473,21,'NULL',NULL,'Embajada del Perú en Estados Unidos (E-EstadosUnidos)',NULL,'2016-05-12 07:34:42','2016-05-12 07:34:42',''),(2474,21,'NULL',NULL,'Embajada del Perú en la Federación Rusa (E-FederacionRusa)',NULL,'2016-05-12 07:34:42','2016-05-12 07:34:42',''),(2475,21,'NULL',NULL,'Embajada del Perú en Finlandia (E-Finlandia)',NULL,'2016-05-12 07:34:42','2016-05-12 07:34:42',''),(2476,21,'NULL',NULL,'Embajada del Perú en Francia (E-Francia)',NULL,'2016-05-12 07:34:42','2016-05-12 07:34:42',''),(2477,21,'NULL',NULL,'Embajada del Perú en Gran Bretaña (E-GranBretaña)',NULL,'2016-05-12 07:34:42','2016-05-12 07:34:42',''),(2478,21,'NULL',NULL,'Embajada del Perú en Grecia (E-Grecia)',NULL,'2016-05-12 07:34:42','2016-05-12 07:34:42',''),(2479,21,'NULL',NULL,'Embajada del Perú en Guatemala (E-Guatemala)',NULL,'2016-05-12 07:34:42','2016-05-12 07:34:42',''),(2480,21,'NULL',NULL,'Embajada del Perú en Honduras (E-Honduras)',NULL,'2016-05-12 07:34:42','2016-05-12 07:34:42',''),(2481,21,'NULL',NULL,'Embajada del Perú en India (E-India)',NULL,'2016-05-12 07:34:42','2016-05-12 07:34:42',''),(2482,21,'NULL',NULL,'Embajada del Perú en Indonesia (E-Indonesia)',NULL,'2016-05-12 07:34:42','2016-05-12 07:34:42',''),(2483,21,'NULL',NULL,'Embajada del Perú en Israel (E-Israel)',NULL,'2016-05-12 07:34:42','2016-05-12 07:34:42',''),(2484,21,'NULL',NULL,'Embajada del Perú en Italia (E-Italia)',NULL,'2016-05-12 07:34:42','2016-05-12 07:34:42',''),(2485,21,'NULL',NULL,'Embajada del Perú en Japón (E-Japón)',NULL,'2016-05-12 07:34:42','2016-05-12 07:34:42',''),(2486,21,'NULL',NULL,'Embajada del Perú en Malasia (E-Malasia)',NULL,'2016-05-12 07:34:42','2016-05-12 07:34:42',''),(2487,21,'NULL',NULL,'Embajada del Perú en Marruecos (E-Marruecos)',NULL,'2016-05-12 07:34:42','2016-05-12 07:34:42',''),(2488,21,'NULL',NULL,'Embajada del Perú en México (E-México)',NULL,'2016-05-12 07:34:42','2016-05-12 07:34:42',''),(2489,21,'NULL',NULL,'Embajada del Perú en Nicaragua (E-Nicaragua)',NULL,'2016-05-12 07:34:42','2016-05-12 07:34:42',''),(2490,21,'NULL',NULL,'Embajada del Perú en Paises Bajos (E-PaisesBajos)',NULL,'2016-05-12 07:34:42','2016-05-12 07:34:42',''),(2491,21,'NULL',NULL,'Embajada del Perú en Panamá (E-Panamá)',NULL,'2016-05-12 07:34:42','2016-05-12 07:34:42',''),(2492,21,'NULL',NULL,'Embajada del Perú en Paraguay (E-Paraguay)',NULL,'2016-05-12 07:34:42','2016-05-12 07:34:42',''),(2493,21,'NULL',NULL,'Embajada del Perú en Polonia (E-Polonia)',NULL,'2016-05-12 07:34:42','2016-05-12 07:34:42',''),(2494,21,'NULL',NULL,'Embajada del Perú en Portugal (E-Portugal)',NULL,'2016-05-12 07:34:42','2016-05-12 07:34:42',''),(2495,21,'NULL',NULL,'Embajada del Perú en Republica Dominicana (E-RepúblicaDominican)',NULL,'2016-05-12 07:34:42','2016-05-12 07:34:42',''),(2496,21,'NULL',NULL,'Embajada del Perú en Rumania (E-Rumania)',NULL,'2016-05-12 07:34:42','2016-05-12 07:34:42',''),(2497,21,'NULL',NULL,'Embajada del Perú en Santa sede (E-SantaSede)',NULL,'2016-05-12 07:34:42','2016-05-12 07:34:42',''),(2498,21,'NULL',NULL,'Embajada del Perú en Singapur (E-Singapur)',NULL,'2016-05-12 07:34:42','2016-05-12 07:34:42',''),(2499,21,'NULL',NULL,'Embajada del Perú en Sudáfrica (E-Sudáfrica)',NULL,'2016-05-12 07:34:42','2016-05-12 07:34:42',''),(2500,21,'NULL',NULL,'Embajada del Perú en Suecia (E-Suecia)',NULL,'2016-05-12 07:34:42','2016-05-12 07:34:42',''),(2501,21,'NULL',NULL,'Embajada del Perú en Suiza (E-Suisa)',NULL,'2016-05-12 07:34:42','2016-05-12 07:34:42',''),(2502,21,'NULL',NULL,'Embajada del Perú en Tailandia (E-Tailandia)',NULL,'2016-05-12 07:34:42','2016-05-12 07:34:42',''),(2503,21,'NULL',NULL,'Embajada del Perú en Uruguay (E-Uruguay)',NULL,'2016-05-12 07:34:42','2016-05-12 07:34:42',''),(2504,21,'NULL',NULL,'Embajada del Perú en Venezuela (E-Venezuela)',NULL,'2016-05-12 07:34:42','2016-05-12 07:34:42',''),(2505,21,'150136',NULL,'Instituto de Transplantes de Organos y Tejidos de las FFAA y PNP (ITOT)',NULL,'2016-05-12 07:34:42','2016-05-12 07:34:42',''),(2506,21,'150140',NULL,'Comité de Prevencion y Control VIH/SIDA FFAA y PNP (COPRECOS)',NULL,'2016-05-12 07:34:42','2016-05-12 07:34:42',''),(2507,21,'150121',NULL,'Fondo de Aseguramiento en Salud de la Policía Nacional del Perú (SALUDPOL)',NULL,'2016-05-12 07:34:42','2016-05-12 07:34:42',''),(2508,21,'150101',NULL,'Consejo Nacional de la Competitividad (CNC)',NULL,'2016-05-12 07:34:42','2016-05-12 07:34:42',''),(2509,21,'150101',NULL,'Fondo Consolidado de Reservas Previsionales (FCR)',NULL,'2016-05-12 07:34:42','2016-05-12 07:34:42',''),(2510,21,'150131',NULL,'Programa Nacional de Saneamiento Rural (PNSR)',NULL,'2016-05-12 07:34:42','2016-05-12 07:34:42',''),(2511,21,'150131',NULL,'Programa Nacional de Saneamiento Urbano (PNSU)',NULL,'2016-05-12 07:34:42','2016-05-12 07:34:42',''),(2512,21,'110101',NULL,'Fondo de reconstrucción integral de las zonas afectadas por los sismos del 15 de agosto de 2007 (FORSUR)',NULL,'2016-05-12 07:34:42','2016-05-12 07:34:42',''),(2513,21,'150101',NULL,'Proyecto Especial Parque Ecológico Nacional Antonio Raimondi (PEPENAR)',NULL,'2016-05-12 07:34:42','2016-05-12 07:34:42',''),(2514,21,'150131',NULL,'UNIDAD EJECUTORA 004 GESTION DE LOS RECURSOS NATURALES (PROGRAMA MINAM+CAF)',NULL,'2016-05-12 07:34:42','2016-05-12 07:34:42',''),(2515,21,'150114',NULL,'Unidad Ejecutora 003 - Zona Arqueológica Caral/MC (UE003-ZAC/MC)',NULL,'2016-05-12 07:34:42','2016-05-12 07:34:42',''),(2516,21,'130101',NULL,'UNIDAD EJECUTORA 009 - LA LIBERTAD (UE 009 - LA LIBERTAD)',NULL,'2016-05-12 07:34:42','2016-05-12 07:34:42',''),(2517,21,'140301',NULL,'Unidad Ejecutora 005 Proyecto Especial Naylamp - Lambayeque (U.E. 005)',NULL,'2016-05-12 07:34:42','2016-05-12 07:34:42',''),(2518,21,'130901',NULL,'Unidad Ejecutora 007 Marcahuamachuco (U.E. 007)',NULL,'2016-05-12 07:34:42','2016-05-12 07:34:42',''),(2519,21,'130101',NULL,'Unidad Ejecutora 006 - Proyecto Especial Complejo Arqueológico Chan Chan (UE 006 CHAN CHAN)',NULL,'2016-05-12 07:34:42','2016-05-12 07:34:42',''),(2520,21,'80101',NULL,'UNIDAD EJECUTORA 002 MC-CUSCO (DDC-Cusco)',NULL,'2016-05-12 07:34:42','2016-05-12 07:34:42',''),(2521,21,'150101',NULL,'Programa Nacional de Asistencia Alimentaria (PRONAA)',NULL,'2016-05-12 07:34:42','2016-05-12 07:34:42',''),(2522,21,'150111',NULL,'PROGRAMA NACIONAL DE ALIMENTACIÓN ESCOLAR - QALI WARMA (PNAE - QALI WARMA)',NULL,'2016-05-12 07:34:42','2016-05-12 07:34:42',''),(2523,21,'150122',NULL,'Programa Nacional Cuna Más (PNCM)',NULL,'2016-05-12 07:34:42','2016-05-12 07:34:42',''),(2524,21,'150131',NULL,'Programa Nacional de Asistencia Solidaria Pensión 65 (PENSION 65)',NULL,'2016-05-12 07:34:42','2016-05-12 07:34:42',''),(2525,21,'150131',NULL,'Programa Nacional de Apoyo Directo a los más Pobres - JUNTOS (JUNTOS)',NULL,'2016-05-12 07:34:42','2016-05-12 07:34:42',''),(2526,21,'150131',NULL,'FEDERACIÓN PERUANA DE CAJAS MUNICIPALES DE AHORRO Y CRÉDITO (FEPCMAC)',NULL,'2016-05-12 07:34:42','2016-05-12 07:34:42',''),(2527,21,'150130',NULL,'UNIDAD EJECUTORA 002 INICTEL UNI (INICTEL-UNI)',NULL,'2016-05-12 07:34:42','2016-05-12 07:34:42',''),(2528,21,'150101',NULL,'Oficina Central de Lucha contra la Falsificación de Numerario (OCN)',NULL,'2016-05-12 07:34:42','2016-05-12 07:34:42',''),(2529,21,'120301',NULL,'Universidad Nacional Intercultural de la Selva Central Juan Santos Atahualpa (UNISCJSA)',NULL,'2016-05-12 07:34:42','2016-05-12 07:34:42',''),(2530,21,'160201',NULL,'UNIVERSIDAD NACIONAL AUTONOMA DE ALTO AMAZONAS (UNAAA)',NULL,'2016-05-12 07:34:42','2016-05-12 07:34:42',''),(2531,21,'80101',NULL,'Escuela Superior Autónoma de Bellas Artes \"Diego Quispe Tito\" del Cusco (ESABAC)',NULL,'2016-05-12 07:34:42','2016-05-12 07:34:42',''),(2532,21,'230101',NULL,'ENTIDAD PRESTADORA DE SERVICIOS DE SANEAMIENTO TACNA S.A. (EPS TACNA S.A.)',NULL,'2016-05-12 07:34:42','2016-05-12 07:34:42',''),(2533,21,'130101',NULL,'TRANSPORTES METROPOLITANOS DE TRUJILLO (TMT)',NULL,'2016-05-12 07:34:42','2016-05-12 07:34:42',''),(2534,21,'150103',NULL,'HOSPITAL DE HUAYCAN (HH)',NULL,'2016-05-12 07:34:42','2016-05-12 07:34:42',''),(2535,21,'150113',NULL,'FONDO DE BIENESTAR DE LA PNP (FONBIEPOL)',NULL,'2016-05-12 07:34:42','2016-05-12 07:34:42',''),(2536,21,'150130',NULL,'Unidad Ejecutora 008 Proyectos Especiales del Pliego 003 (UE 008 - PE)',NULL,'2016-05-12 07:34:42','2016-05-12 07:34:42',''),(2537,21,'150131',NULL,'Sistema Metropolitano de la Solidaridad (SISOL)',NULL,'2016-05-12 07:34:42','2016-05-12 07:34:42',''),(2538,21,'150136',NULL,'Patronato del Parque de Las Leyendas - Felipe Benavides Barreda (PATPAL - FBB)',NULL,'2016-05-12 07:34:42','2016-05-12 07:34:42',''),(2539,21,'150117',NULL,'HOSPITAL MUNICIPAL LOS OLIVOS (HMLO)',NULL,'2016-05-12 07:34:42','2016-05-12 07:34:42',''),(2540,21,'150113',NULL,'AUTORIDAD DEL PROYECTO COSTA VERDE (APCV)',NULL,'2016-05-12 07:34:42','2016-05-12 07:34:42',''),(2541,21,'150113',NULL,'Instituto Metropolitano de Planificación (IMP)',NULL,'2016-05-12 07:34:42','2016-05-12 07:34:42',''),(2542,21,'150103',NULL,'Municipalidad CP Santa María de Huachipa (MCPSMH)',NULL,'2016-05-12 07:34:42','2016-05-12 07:34:42',''),(2543,21,'150103',NULL,'Empresa Municipal Administradora de Peaje S.A. (EMAPE S.A)',NULL,'2016-05-12 07:34:42','2016-05-12 07:34:42',''),(2544,21,'150101',NULL,'Subgerencia de Tecnologías de la Información (STI)',NULL,'2016-05-12 07:34:42','2016-05-12 07:34:42',''),(2545,21,'150108',NULL,'Autoridad Municipal de los Pantanos de Villa (PROHVILLA)',NULL,'2016-05-12 07:34:42','2016-05-12 07:34:42',''),(2546,21,'150101',NULL,'Caja Municipal de Credito Popular de Lima (CMCPL)',NULL,'2016-05-12 07:34:42','2016-05-12 07:34:42',''),(2547,21,'140101',NULL,'CENTRO DE GESTIÓN TRIBUTARIA (CGT)',NULL,'2016-05-12 07:34:42','2016-05-12 07:34:42',''),(2548,21,'150101',NULL,'Instituto Catastral De Lima  (ICL)',NULL,'2016-05-12 07:34:42','2016-05-12 07:34:42',''),(2549,21,'150101',NULL,'EMPRESA MUNICIPAL INMOBILIARIA DE LIMA S.A. (EMILIMA S.A.)',NULL,'2016-05-12 07:34:42','2016-05-12 07:34:42',''),(2550,21,'130101',NULL,'SERVICIO  DE ADMINISTRACION DE INMUEBLES MUNICIPALES DE TRUJILLO (SAIMT)',NULL,'2016-05-12 07:34:42','2016-05-12 07:34:42',''),(2551,21,'130101',NULL,'CAJA MUNICIPAL DE AHORRO Y CREDITO DE TRUJILLO S.A. (CMAC-T)',NULL,'2016-05-12 07:34:42','2016-05-12 07:34:42',''),(2552,21,'130107',NULL,'Municipalidad Distrital de Moche (MD-Moche)',NULL,'2016-05-12 07:34:42','2016-05-12 07:34:42',''),(2553,21,'130401',NULL,'Municipalidad Centro Poblado Menor de Chequen (MCP-Chequén)',NULL,'2016-05-12 07:34:42','2016-05-12 07:34:42',''),(2554,21,'130606',NULL,'Municipalidad Distrital de La Cuesta (MDLC)',NULL,'2016-05-12 07:34:42','2016-05-12 07:34:42',''),(2555,21,'130611',NULL,'Municipalidad Distrital de Salpo (MDS)',NULL,'2016-05-12 07:34:42','2016-05-12 07:34:42',''),(2556,21,'130613',NULL,'Municipalidad Distrital de Sinsicap (MD-Sinsicap)',NULL,'2016-05-12 07:34:42','2016-05-12 07:34:42',''),(2557,21,'130614',NULL,'Municipalidad Distrital de Usquil (MDUsquil)',NULL,'2016-05-12 07:34:42','2016-05-12 07:34:42',''),(2558,21,'130503',NULL,'Municipalidad Distrital de Carabamba (MD-Carabamba)',NULL,'2016-05-12 07:34:42','2016-05-12 07:34:42',''),(2559,21,'130804',NULL,'Municipalidad Distrital de Huancaspata (MuniHuancaspata)',NULL,'2016-05-12 07:34:42','2016-05-12 07:34:42',''),(2560,21,'130905',NULL,'Municipalidad Distrital de Marcabal (MDMarcabal)',NULL,'2016-05-12 07:34:42','2016-05-12 07:34:42',''),(2561,21,'131002',NULL,'Municipalidad Distrital de Angasmarca (MDA)',NULL,'2016-05-12 07:34:42','2016-05-12 07:34:42',''),(2562,21,'131007',NULL,'Municipalidad Distrital de Santa Cruz de Chuca (MDSCC)',NULL,'2016-05-12 07:34:42','2016-05-12 07:34:42',''),(2563,21,'140101',NULL,'Entidad Prestadora De Servicios De Saneamiento De Lambayeque S.A.  (EPSEL S.A.)',NULL,'2016-05-12 07:34:42','2016-05-12 07:34:42',''),(2564,21,'140101',NULL,'Servicio de Administración Tributaria de Chiclayo (SATCH)',NULL,'2016-05-12 07:34:42','2016-05-12 07:34:42',''),(2565,21,'140110',NULL,'Municipalidad Distrital de Oyotun (MDO)',NULL,'2016-05-12 07:34:42','2016-05-12 07:34:42',''),(2566,21,'120101',NULL,'Caja Municipal De Ahorro Y Credito - Huancayo S.A.  (CMAC - HUANCAYO S.A.)',NULL,'2016-05-12 07:34:42','2016-05-12 07:34:42',''),(2567,21,'120121',NULL,'Municipalidad Distrital de Huayucachi (MDHchi.)',NULL,'2016-05-12 07:34:42','2016-05-12 07:34:42',''),(2568,21,'130101',NULL,'SERVICIOS DE AGUA POTABLE Y ALCANTARILLADO DE LA LIBERTAD S.A. (SEDALIB.S.A.)',NULL,'2016-05-12 07:34:42','2016-05-12 07:34:42',''),(2569,21,'130101',NULL,'SERVICIO DE GESTIÓN AMBIENTAL DE TRUJILLO (SEGAT)',NULL,'2016-05-12 07:34:42','2016-05-12 07:34:42',''),(2570,21,'120604',NULL,'Municipalidad Distrital de Mazamari (MD-MAZAMARI)',NULL,'2016-05-12 07:34:42','2016-05-12 07:34:42',''),(2571,21,'120606',NULL,'Municipalidad Distrital de Pangoa (MDPangoa)',NULL,'2016-05-12 07:34:42','2016-05-12 07:34:42',''),(2572,21,'120907',NULL,'Municipalidad Distrital de San Juan de Jarpa (MDSJJ)',NULL,'2016-05-12 07:34:42','2016-05-12 07:34:42',''),(2573,21,'120909',NULL,'Municipalidad Distrital de Yanacancha - Junin (MD-YANACANCHA)',NULL,'2016-05-12 07:34:42','2016-05-12 07:34:42',''),(2574,21,'120101',NULL,'Servicio de Administración Tributaria de Huancayo (SATH)',NULL,'2016-05-12 07:34:42','2016-05-12 07:34:42',''),(2575,21,'120124',NULL,'Municipalidad Distrital de Pariahuanca - Junin (MD - PARIAHUANCA)',NULL,'2016-05-12 07:34:42','2016-05-12 07:34:42',''),(2576,21,'120126',NULL,'Municipalidad Distrital de Pucará (MDP)',NULL,'2016-05-12 07:34:42','2016-05-12 07:34:42',''),(2577,21,'120136',NULL,'Municipalidad Distrital de Viques (MDV)',NULL,'2016-05-12 07:34:42','2016-05-12 07:34:42',''),(2578,21,'120207',NULL,'Municipalidad Distrital de Heroinas Toledo (MDHT)',NULL,'2016-05-12 07:34:42','2016-05-12 07:34:42',''),(2579,21,'120209',NULL,'Municipalidad Distrital de Mariscal Castilla (MDMC)',NULL,'2016-05-12 07:34:42','2016-05-12 07:34:42',''),(2580,21,'120422',NULL,'Municipalidad Distrital de Paca (MDP)',NULL,'2016-05-12 07:34:42','2016-05-12 07:34:42',''),(2581,21,'120428',NULL,'Municipalidad Distrital de San Lorenzo (MDSL)',NULL,'2016-05-12 07:34:42','2016-05-12 07:34:42',''),(2582,21,'120503',NULL,'Municipalidad Distrital de Ondores (MDO)',NULL,'2016-05-12 07:34:42','2016-05-12 07:34:42',''),(2583,21,'200501',NULL,'Caja Municipal de Ahorro y Crédito de Paita S.A. (CMACP)',NULL,'2016-05-12 07:34:42','2016-05-12 07:34:42',''),(2584,21,'200101',NULL,'CAJA MUNICIPAL DE PIURA S.A.C. (CMAC PIURA)',NULL,'2016-05-12 07:34:42','2016-05-12 07:34:42',''),(2585,21,'200115',NULL,'Municipalidad Distrital Veintiséis de Octubre (MDVO)',NULL,'2016-05-12 07:34:42','2016-05-12 07:34:42',''),(2586,21,'200203',NULL,'Municipalidad Distrital de Jilili (MDJilili)',NULL,'2016-05-12 07:34:42','2016-05-12 07:34:42',''),(2587,21,'210209',NULL,'Municipalidad Distrital de Potoni (MDP)',NULL,'2016-05-12 07:34:42','2016-05-12 07:34:42',''),(2588,21,'210310',NULL,'Municipalidad Distrital de Usicayos (MDUsicayos)',NULL,'2016-05-12 07:34:42','2016-05-12 07:34:42',''),(2589,21,'210405',NULL,'Municipalidad Distrital de Pisacoma (MDPisacoma)',NULL,'2016-05-12 07:34:42','2016-05-12 07:34:42',''),(2590,21,'210406',NULL,'Municipalidad Distrital de Pomata (MD-Pomata)',NULL,'2016-05-12 07:34:42','2016-05-12 07:34:42',''),(2591,21,'210407',NULL,'Municipalidad Distrital de Zepita (MDZepita)',NULL,'2016-05-12 07:34:42','2016-05-12 07:34:42',''),(2592,21,'210704',NULL,'Municipalidad Distrital de Nicasio (MDN)',NULL,'2016-05-12 07:34:42','2016-05-12 07:34:42',''),(2593,21,'210706',NULL,'Municipalidad Distrital de Palca - Puno (MD-PALCA)',NULL,'2016-05-12 07:34:42','2016-05-12 07:34:42',''),(2594,21,'210805',NULL,'Municipalidad Distrital de Macari (MD-Macari)',NULL,'2016-05-12 07:34:42','2016-05-12 07:34:42',''),(2595,21,'210807',NULL,'Municipalidad Distrital de Orurillo (MDOrurillo)',NULL,'2016-05-12 07:34:42','2016-05-12 07:34:42',''),(2596,21,'220901',NULL,'Servicio de Administración Tributaria - Tarapoto (SAT-T)',NULL,'2016-05-12 07:34:42','2016-05-12 07:34:42',''),(2597,21,'230101',NULL,'Caja Municipal de Ahorro y Credito de Tacna SA (CMAC Tacna SA)',NULL,'2016-05-12 07:34:42','2016-05-12 07:34:42',''),(2598,21,'221005',NULL,'Municipalidad Distrital de Uchiza (MDU)',NULL,'2016-05-12 07:34:42','2016-05-12 07:34:42',''),(2599,21,'230403',NULL,'Municipalidad Distrital de Estique (MDEstique)',NULL,'2016-05-12 07:34:42','2016-05-12 07:34:42',''),(2600,21,'230405',NULL,'Municipalidad Distrital de Sitajara (MDSitajara)',NULL,'2016-05-12 07:34:42','2016-05-12 07:34:42',''),(2601,21,'230406',NULL,'Municipalidad Distrital de Susapaya (MDSusapaya)',NULL,'2016-05-12 07:34:42','2016-05-12 07:34:42',''),(2602,21,'210101',NULL,'Empresa Municipal de Saneamiento Básico de Puno S.A (EMSAPUNO S.A)',NULL,'2016-05-12 07:34:42','2016-05-12 07:34:42',''),(2603,21,'220901',NULL,'EMPRESA MUNICIPAL DE SERVICIO DE AGUA POTABLE Y ALCANTARILLADO DE SAN MARTIN SOCIEDAD ANONIMA (EMAPA SAN MARTIN S.A)',NULL,'2016-05-12 07:34:42','2016-05-12 07:34:42',''),(2604,21,'220902',NULL,'Municipalidad Distrital de Alberto Leveau (MDAL)',NULL,'2016-05-12 07:34:42','2016-05-12 07:34:42',''),(2605,21,'220911',NULL,'Municipalidad Distrital de Papaplaya (MDPapaplaya)',NULL,'2016-05-12 07:34:42','2016-05-12 07:34:42',''),(2606,21,'211101',NULL,'EMPRESA PRESTADORA DE SERVICIOS DE SANEAMIENTO SEDAJULIACA S.A. (EPS SEDAJULIACA S.A.)',NULL,'2016-05-12 07:34:42','2016-05-12 07:34:42',''),(2607,21,'220401',NULL,'Municipalidad Distrital de Saposoa (MD-SAPOSOA)',NULL,'2016-05-12 07:34:42','2016-05-12 07:34:42',''),(2608,21,'220402',NULL,'Municipalidad Distrital de Alto Saposoa (mph-s)',NULL,'2016-05-12 07:34:42','2016-05-12 07:34:42',''),(2609,21,'220503',NULL,'Municipalidad Distrital de Barranquita (MDBaranquita)',NULL,'2016-05-12 07:34:42','2016-05-12 07:34:42',''),(2610,21,'220509',NULL,'Municipalidad Distrital de Shanao (SHANAO)',NULL,'2016-05-12 07:34:42','2016-05-12 07:34:42',''),(2611,21,'220807',NULL,'Municipalidad Distrital de San Fernando (MDSF)',NULL,'2016-05-12 07:34:42','2016-05-12 07:34:42',''),(2612,21,'180101',NULL,'ENTIDAD PRESTADORA DE SERVICIOS DE SANEAMIENTO MOQUEGUA S.A. (EPS MOQUEGUA S.A.)',NULL,'2016-05-12 07:34:42','2016-05-12 07:34:42',''),(2613,21,'190102',NULL,'Municipalidad Distrital de Huachon (MD-Huachon)',NULL,'2016-05-12 07:34:42','2016-05-12 07:34:42',''),(2614,21,'190106',NULL,'Municipalidad Distrital de Pallanchacra (MD-PALLANCHACRA)',NULL,'2016-05-12 07:34:42','2016-05-12 07:34:42',''),(2615,21,'110301',NULL,'Hospital de Apoyo de Nasca (HAN)',NULL,'2016-05-12 07:34:42','2016-05-12 07:34:42',''),(2616,21,'200101',NULL,'Entidad Prestadora de servicios de Saneamiento Grau S.A. (EPS Grau S.A.)',NULL,'2016-05-12 07:34:42','2016-05-12 07:34:42',''),(2617,21,'200101',NULL,'Servicio de Administración Tributaria de Piura (SATP)',NULL,'2016-05-12 07:34:42','2016-05-12 07:34:42',''),(2618,21,'190301',NULL,'Inhabilitaciones del Poder Judicial',NULL,'2016-05-12 07:34:42','2016-05-12 07:34:42',''),(2619,21,'190301',NULL,'Entidad General',NULL,'2016-05-12 07:34:42','2016-05-12 07:34:42',''),(2620,21,'190302',NULL,'Municipalidad Distrital de Chontabamba (MD-Chontabamba)',NULL,'2016-05-12 07:34:42','2016-05-12 07:34:42',''),(2621,21,'190308',NULL,'MUNICIPALIDAD DISTRITAL DE CONSTITUCIÓN (MDC)',NULL,'2016-05-12 07:34:42','2016-05-12 07:34:42',''),(2622,21,'190201',NULL,'Municipalidad Distrital de Yanahuanca (MD-YANAHUANCA)',NULL,'2016-05-12 07:34:42','2016-05-12 07:34:42',''),(2623,21,'180301',NULL,'Entidad Prestadora de Servicios de Saneamiento Ilo S.A (EPSILO S.A.)',NULL,'2016-05-12 07:34:42','2016-05-12 07:34:42',''),(2624,21,'160507',NULL,'Municipalidad Distrital de  Saquena',NULL,'2016-05-12 07:34:42','2016-05-12 07:34:42',''),(2625,21,'160509',NULL,'Municipalidad Distrital de Tapiche (MDTapiche)',NULL,'2016-05-12 07:34:42','2016-05-12 07:34:42',''),(2626,21,'130401',NULL,'UGEL CHEPEN (UGELCH)',NULL,'2016-05-12 07:34:42','2016-05-12 07:34:42',''),(2627,21,'160101',NULL,'ENTIDAD PRESTADORA DE SERVICIOS DE SANEAMIENTO DE AGUA POTABLE Y ALCANTARILLADO DE LORETO S.A. (EPS SEDALORETO S.A.)',NULL,'2016-05-12 07:34:42','2016-05-12 07:34:42',''),(2628,21,'170101',NULL,'ENTIDAD PRESTADORA DE SERVICIOS DE SANEAMIENTO EMPRESA MUNICIPAL DE AGUA POTABLE Y ALCANTARILLADO (EPS EMAPAT S.A.)',NULL,'2016-05-12 07:34:42','2016-05-12 07:34:42',''),(2629,21,'160604',NULL,'Municipalidad Distrital de Pampa Hermosa (MDPH)',NULL,'2016-05-12 07:34:42','2016-05-12 07:34:42',''),(2630,21,'150801',NULL,'ENTIDAD PRESTADORA DE SERVICIOS EMAPA HUACHO DOMINGO MANDAMIENTO SIPAN SA. (EPS EMAPA HUACHO SA.)',NULL,'2016-05-12 07:34:42','2016-05-12 07:34:42',''),(2631,21,'150609',NULL,'Municipalidad Distrital de San Miguel de Acos (MDSMA)',NULL,'2016-05-12 07:34:42','2016-05-12 07:34:42',''),(2632,21,'150807',NULL,'Municipalidad Distrital de Leoncio Prado (MDLP)',NULL,'2016-05-12 07:34:42','2016-05-12 07:34:42',''),(2633,21,'151024',NULL,'Municipalidad Distrital de Quinches (MDQ)',NULL,'2016-05-12 07:34:42','2016-05-12 07:34:42',''),(2634,21,'151030',NULL,'Municipalidad Distrital de Tomas (MD-Tomas)',NULL,'2016-05-12 07:34:42','2016-05-12 07:34:42',''),(2635,21,'150205',NULL,'Municipalidad Distrital de Supe Puerto (MDSP)',NULL,'2016-05-12 07:34:42','2016-05-12 07:34:42',''),(2636,21,'150500',NULL,'Empresa Municipal de Agua Potable y Alcantarillado Cañete S.A (EMAP)',NULL,'2016-05-12 07:34:42','2016-05-12 07:34:42',''),(2637,21,'150137',NULL,'Empresa Municipal de Mercados - EMMSA (EMMSA)',NULL,'2016-05-12 07:34:42','2016-05-12 07:34:42',''),(2638,21,'150503',NULL,'Municipalidad Distrital de Calango (MDC)',NULL,'2016-05-12 07:34:42','2016-05-12 07:34:42',''),(2639,21,'150601',NULL,'EMPRESA MUNICIPAL DE SERVICIO DE AGUA POTABLE Y ALCANTARILLADO DE LA CIUDAD DE HUARAL (EMAPA HUARAL S.A.)',NULL,'2016-05-12 07:34:42','2016-05-12 07:34:42',''),(2640,21,'150602',NULL,'Municipalidad Distrital de Atavillos Alto (MDAA)',NULL,'2016-05-12 07:34:42','2016-05-12 07:34:42',''),(2641,21,'150603',NULL,'Municipalidad Distrital de Atavillos Bajo (MDAB)',NULL,'2016-05-12 07:34:42','2016-05-12 07:34:42',''),(2642,21,'150516',NULL,'Municipalidad Distrital de Zuñiga (MDZ)',NULL,'2016-05-12 07:34:42','2016-05-12 07:34:42',''),(2643,21,'150706',NULL,'Municipalidad Distrital de Cuenca - Lima (MD - CUENCA)',NULL,'2016-05-12 07:34:42','2016-05-12 07:34:42',''),(2644,21,'60415',NULL,'Municipalidad Distrital de Querocoto (Querocoto)',NULL,'2016-05-12 07:34:42','2016-05-12 07:34:42',''),(2645,21,'60102',NULL,'Municipalidad Distrital de Asunción (M. D. A.)',NULL,'2016-05-12 07:34:42','2016-05-12 07:34:42',''),(2646,21,'50616',NULL,'Municipalidad Distrital de San Juan (MDSanJuan)',NULL,'2016-05-12 07:34:42','2016-05-12 07:34:42',''),(2647,21,'50617',NULL,'Municipalidad Distrital de San Pedro - Ayacucho (MD-SPEDRO)',NULL,'2016-05-12 07:34:42','2016-05-12 07:34:42',''),(2648,21,'50621',NULL,'Municipalidad Distrital de Santa Lucía - Ayacucho (MD-SLUCIA)',NULL,'2016-05-12 07:34:42','2016-05-12 07:34:42',''),(2649,21,'60101',NULL,'Empresa Prestadora de Servicios de Saneamiento de Cajamarca S.A (E.P.S. SEDACAJ S.A.)',NULL,'2016-05-12 07:34:42','2016-05-12 07:34:42',''),(2650,21,'60101',NULL,'SERVICIO DE ADMINISTRACION TRIBUTARIA DE CAJAMARCA (SAT CAJAMARCA)',NULL,'2016-05-12 07:34:42','2016-05-12 07:34:42',''),(2651,21,'60603',NULL,'Municipalidad Distrital de Choros (MDCH)',NULL,'2016-05-12 07:34:42','2016-05-12 07:34:42',''),(2652,21,'60903',NULL,'Municipalidad Distrital de Huarango (MD-Huarango)',NULL,'2016-05-12 07:34:42','2016-05-12 07:34:42',''),(2653,21,'61106',NULL,'Municipalidad Distrital de La Florida (MDLaFlorida)',NULL,'2016-05-12 07:34:42','2016-05-12 07:34:42',''),(2654,21,'61302',NULL,'Municipalidad Distrital de Andabamba - Cajamarca (MD-ANDABAMBA)',NULL,'2016-05-12 07:34:42','2016-05-12 07:34:42',''),(2655,21,'61305',NULL,'Municipalidad Distrital La Esperanza (MDLE)',NULL,'2016-05-12 07:34:42','2016-05-12 07:34:42',''),(2656,21,'80101',NULL,'ENTIDAD MUNICIPAL PRESTADORA DE SERVICIOS DE SANEAMIENTO DEL CUSCO S.A. (EPS SEDACUSCO S.A.)',NULL,'2016-05-12 07:34:42','2016-05-12 07:34:42',''),(2657,21,'60801',NULL,'Municipalidad Centro Poblado La Palma Central (MCPLPC)',NULL,'2016-05-12 07:34:42','2016-05-12 07:34:42',''),(2658,21,'70101',NULL,'FONDO MUNICIPAL DE INVERSIONES DEL CALLAO S.A (FINVER CALLAO S.A.)',NULL,'2016-05-12 07:34:42','2016-05-12 07:34:42',''),(2659,21,'81207',NULL,'UNIDAD DE GESTIÓN EDUCATIVA LOCAL QUISPICANCHI (UGEL - Q)',NULL,'2016-05-12 07:34:42','2016-05-12 07:34:42',''),(2660,21,'80202',NULL,'Municipalidad Distrital de Acopia (MDA)',NULL,'2016-05-12 07:34:42','2016-05-12 07:34:42',''),(2661,21,'80403',NULL,'Municipalidad Distrital de Lamay (MD-Lamay)',NULL,'2016-05-12 07:34:42','2016-05-12 07:34:42',''),(2662,21,'80405',NULL,'Municipalidad Distrital de Pisac (MDP)',NULL,'2016-05-12 07:34:42','2016-05-12 07:34:42',''),(2663,21,'80505',NULL,'Municipalidad Distrital de Layo (MDL)',NULL,'2016-05-12 07:34:42','2016-05-12 07:34:42',''),(2664,21,'80708',NULL,'Municipalidad Distrital de Velille (MD-Velille)',NULL,'2016-05-12 07:34:42','2016-05-12 07:34:42',''),(2665,21,'80907',NULL,'Municipalidad Distrital de Kimbiri (MDK)',NULL,'2016-05-12 07:34:42','2016-05-12 07:34:42',''),(2666,21,'80909',NULL,'Municipalidad Distrital de Vilcabamba - CUSCO (MD - VILCABAMBA)',NULL,'2016-05-12 07:34:42','2016-05-12 07:34:42',''),(2667,21,'100103',NULL,'Municipalidad Distrital de Chinchao (MDCH)',NULL,'2016-05-12 07:34:42','2016-05-12 07:34:42',''),(2668,21,'100101',NULL,'Empresa Municipal de Servicio de Agua Potable y Alcantarillado de Huanuco Sociedad Anónima (SEDA HUANUCO S.A.)',NULL,'2016-05-12 07:34:42','2016-05-12 07:34:42',''),(2669,21,'90510',NULL,'Municipalidad Distrital de Pachamarca (MD-PACHAMARCA)',NULL,'2016-05-12 07:34:42','2016-05-12 07:34:42',''),(2670,21,'90600',NULL,'Municipalidad Provincial de Huaytara (MPH)',NULL,'2016-05-12 07:34:42','2016-05-12 07:34:42',''),(2671,21,'90607',NULL,'Municipalidad Distrital de Pilpichaca (MDPilpichaca)',NULL,'2016-05-12 07:34:42','2016-05-12 07:34:42',''),(2672,21,'90609',NULL,'Municipalidad Distrital de Quito-Arma (MDQuito-Arma)',NULL,'2016-05-12 07:34:42','2016-05-12 07:34:42',''),(2673,21,'90612',NULL,'Municipalidad Distrital de San Isidro - Huancavelica (MDSI)',NULL,'2016-05-12 07:34:42','2016-05-12 07:34:42',''),(2674,21,'90615',NULL,'Municipalidad Distrital de Santo Domingo de Capillas (MDSDC)',NULL,'2016-05-12 07:34:42','2016-05-12 07:34:42',''),(2675,21,'90710',NULL,'Municipalidad Distrital de Ñahuimpuquio (MD-ÑAHUIMPUQUIO)',NULL,'2016-05-12 07:34:42','2016-05-12 07:34:42',''),(2676,21,'100100',NULL,'Municipalidad Distrital de Yacus (MDY)',NULL,'2016-05-12 07:34:42','2016-05-12 07:34:42',''),(2677,21,'90102',NULL,'Municipalidad Distrital de Acobambilla (MD-ACOBAMBILLA)',NULL,'2016-05-12 07:34:42','2016-05-12 07:34:42',''),(2678,21,'90205',NULL,'Municipalidad Distrital de Marcas (MD-Marcas)',NULL,'2016-05-12 07:34:42','2016-05-12 07:34:42',''),(2679,21,'90403',NULL,'Municipalidad Distrital de Aurahua (MD-Aurahua)',NULL,'2016-05-12 07:34:42','2016-05-12 07:34:42',''),(2680,21,'90406',NULL,'Municipalidad Distrital de Cocas (MD-Cocas)',NULL,'2016-05-12 07:34:42','2016-05-12 07:34:42',''),(2681,21,'100601',NULL,'Municipalidad Distrital de Rupa-Rupa (MDRR)',NULL,'2016-05-12 07:34:42','2016-05-12 07:34:42',''),(2682,21,'100601',NULL,'INSTITUTO VIAL PROVINCIAL DE LEONCIO PRADO (IVP-LEONCIO PRADO)',NULL,'2016-05-12 07:34:42','2016-05-12 07:34:42',''),(2683,21,'101102',NULL,'Municipalidad Distrital de Cahuac (MDC/Y)',NULL,'2016-05-12 07:34:42','2016-05-12 07:34:42',''),(2684,21,'100403',NULL,'Municipalidad Distrital de Cochabamba - Huanuco (MD-Cochabamba)',NULL,'2016-05-12 07:34:42','2016-05-12 07:34:42',''),(2685,21,'100501',NULL,'Municipalidad Centro Poblado Pampas del Carmen (MCPPC)',NULL,'2016-05-12 07:34:42','2016-05-12 07:34:42',''),(2686,21,'100605',NULL,'Municipalidad Distrital de Luyando (MD-Luyando)',NULL,'2016-05-12 07:34:42','2016-05-12 07:34:42',''),(2687,21,'100702',NULL,'Municipalidad Distrital de Cholon (MD-Cholon)',NULL,'2016-05-12 07:34:42','2016-05-12 07:34:42',''),(2688,21,'100802',NULL,'Municipalidad Distrital de Chaglla (MD-Chaglla)',NULL,'2016-05-12 07:34:42','2016-05-12 07:34:42',''),(2689,21,'110101',NULL,'Servicio de Administración Tributaria de Ica (SAT-ICA)',NULL,'2016-05-12 07:34:42','2016-05-12 07:34:42',''),(2690,21,'120101',NULL,'Empresa de Servicios de Agua Potable y alcantarillado Municipal de Huancayo (SEDAM HUANCAYO S.A.)',NULL,'2016-05-12 07:34:42','2016-05-12 07:34:42',''),(2691,21,'110501',NULL,'EMPRESA MUNICIPAL DE AGUA POTABLE Y ALCANTARILLADO DE PISCO S.A. (EMAPISCO S.A.)',NULL,'2016-05-12 07:34:42','2016-05-12 07:34:42',''),(2692,21,'110501',NULL,'Caja Municipal de Ahorro y Crédito de Pisco S.A. (CMAC Pisco S.A.)',NULL,'2016-05-12 07:34:42','2016-05-12 07:34:42',''),(2693,21,'110503',NULL,'Municipalidad Distrital de Humay (MDHumay)',NULL,'2016-05-12 07:34:42','2016-05-12 07:34:42',''),(2694,21,'110504',NULL,'Municipalidad Distrital de Independencia (MDIndependencia)',NULL,'2016-05-12 07:34:42','2016-05-12 07:34:42',''),(2695,21,'110101',NULL,'CAJA MUNICIPAL DE AHORRO Y CREDITO ICA S.A. (CMAC ICA S.A.)',NULL,'2016-05-12 07:34:42','2016-05-12 07:34:42',''),(2696,21,'110101',NULL,'EMPRESA MUNICIPAL DE AGUA POTABLE Y ALCANTARILLADO DE ICA S.A. (EPS EMAPICA S.A.)',NULL,'2016-05-12 07:34:42','2016-05-12 07:34:42',''),(2697,21,'110402',NULL,'Municipalidad Distrital de Llipata (MDLlipata)',NULL,'2016-05-12 07:34:42','2016-05-12 07:34:42',''),(2698,21,'110403',NULL,'Municipalidad Distrital de Rio Grande (MDRG)',NULL,'2016-05-12 07:34:42','2016-05-12 07:34:42',''),(2699,21,'110201',NULL,'EMPRESA DE SERVICIO MUNICIPAL DEAGUA POTABLE Y ALCANTARILLADO CHINCHA S.A. (E.PS. SEMAPACH S.A.)',NULL,'2016-05-12 07:34:42','2016-05-12 07:34:42',''),(2700,21,'110202',NULL,'Municipalidad Distrital de Alto Laran (munialtolaran)',NULL,'2016-05-12 07:34:42','2016-05-12 07:34:42',''),(2701,21,'110208',NULL,'Municipalidad Distrital de San Juan de Yanac (MDSJY)',NULL,'2016-05-12 07:34:42','2016-05-12 07:34:42',''),(2702,21,'110210',NULL,'Municipalidad Distrital de Sunampe (MD-Sunampe)',NULL,'2016-05-12 07:34:42','2016-05-12 07:34:42',''),(2703,21,'30202',NULL,'Municipalidad Distrital de Andarapa (MD-Andarapa)',NULL,'2016-05-12 07:34:42','2016-05-12 07:34:42',''),(2704,21,'30408',NULL,'Municipalidad Distrital de Justo Apu Sahuaraura (MDJAS)',NULL,'2016-05-12 07:34:42','2016-05-12 07:34:42',''),(2705,21,'40101',NULL,'Caja Municipal de Ahorro y Credito de Arequipa (CMAC-AREQUIPA)',NULL,'2016-05-12 07:34:42','2016-05-12 07:34:42',''),(2706,21,'30602',NULL,'Municipalidad Distrital de Anco-Huallo (MDAH)',NULL,'2016-05-12 07:34:42','2016-05-12 07:34:42',''),(2707,21,'30700',NULL,'Municipalidad Provincial de Grau (MP-GRAU)',NULL,'2016-05-12 07:34:42','2016-05-12 07:34:42',''),(2708,21,'30703',NULL,'Municipalidad Distrital de Gamarra (Gamarra)',NULL,'2016-05-12 07:34:42','2016-05-12 07:34:42',''),(2709,21,'40205',NULL,'Municipalidad Distrital de Nicolas de Pierola (MDNP)',NULL,'2016-05-12 07:34:42','2016-05-12 07:34:42',''),(2710,21,'40302',NULL,'Municipalidad Distrital de Acari (MDAcari)',NULL,'2016-05-12 07:34:42','2016-05-12 07:34:42',''),(2711,21,'40503',NULL,'Municipalidad Distrital de Cabanaconde (MDCabanaconde)',NULL,'2016-05-12 07:34:42','2016-05-12 07:34:42',''),(2712,21,'40507',NULL,'Municipalidad Distrital de Huambo (MDH)',NULL,'2016-05-12 07:34:42','2016-05-12 07:34:42',''),(2713,21,'40514',NULL,'Municipalidad Distrital de San Antonio de Chuca (MDSAC)',NULL,'2016-05-12 07:34:42','2016-05-12 07:34:42',''),(2714,21,'50101',NULL,'Servicio de Administración Tributaria de Huamanga (SAT HUAMANGA)',NULL,'2016-05-12 07:34:42','2016-05-12 07:34:42',''),(2715,21,'50101',NULL,'Entidad Prestadora de Servicios de Saneamiento de Ayacucho S.A (EPSASA)',NULL,'2016-05-12 07:34:42','2016-05-12 07:34:42',''),(2716,21,'40803',NULL,'Municipalidad Distrital de Charcana (MDC)',NULL,'2016-05-12 07:34:42','2016-05-12 07:34:42',''),(2717,21,'40805',NULL,'Municipalidad Distrital de Pampamarca - Arequipa (MD - PAMPAMARCA)',NULL,'2016-05-12 07:34:42','2016-05-12 07:34:42',''),(2718,21,'50200',NULL,'Municipalidad Provincial de Cangallo (MP-CANGALLO)',NULL,'2016-05-12 07:34:42','2016-05-12 07:34:42',''),(2719,21,'50302',NULL,'Municipalidad Distrital de Prueba (MD-PRUEBA)',NULL,'2016-05-12 07:34:42','2016-05-12 07:34:42',''),(2720,21,'50202',NULL,'Municipalidad Distrital de Chuschi (MDChuschi)',NULL,'2016-05-12 07:34:42','2016-05-12 07:34:42',''),(2721,21,'50702',NULL,'Municipalidad Distrital de Chumpi (MDCH)',NULL,'2016-05-12 07:34:42','2016-05-12 07:34:42',''),(2722,21,'50801',NULL,'Municipalidad Distrital de Pausa (MDPausa)',NULL,'2016-05-12 07:34:42','2016-05-12 07:34:42',''),(2723,21,'50806',NULL,'Municipalidad Distrital de Oyolo (MDO)',NULL,'2016-05-12 07:34:42','2016-05-12 07:34:42',''),(2724,21,'51001',NULL,'Municipalidad Distrital de HUANCAPI (MDH)',NULL,'2016-05-12 07:34:42','2016-05-12 07:34:42',''),(2725,21,'21801',NULL,'Servicio de Agua Potable y Alcantarillado del Santa, Casma y Huarmey (SEDACHIMBOTE S.A.)',NULL,'2016-05-12 07:34:42','2016-05-12 07:34:42',''),(2726,21,'21802',NULL,'Municipalidad Distrital de Caceres del Perú (MDCP)',NULL,'2016-05-12 07:34:42','2016-05-12 07:34:42',''),(2727,21,'20104',NULL,'Municipalidad Distrital de Huanchay (MD-Huanchay)',NULL,'2016-05-12 07:34:42','2016-05-12 07:34:42',''),(2728,21,'21705',NULL,'Municipalidad Distrital de Llacllin (MDLlacllin)',NULL,'2016-05-12 07:34:42','2016-05-12 07:34:42',''),(2729,21,'21510',NULL,'Municipalidad Distrital de Santa Rosa - Ancash (MD - STAROSA)',NULL,'2016-05-12 07:34:42','2016-05-12 07:34:42',''),(2730,21,'20901',NULL,'UNIDAD DE GESTION EDUCATIVA LOCAL - CORONGO (UGEL - CORONGO)',NULL,'2016-05-12 07:34:42','2016-05-12 07:34:42',''),(2731,21,'21207',NULL,'Municipalidad Distrital de Pueblo Libre (MD-PuebloLibre)',NULL,'2016-05-12 07:34:42','2016-05-12 07:34:42',''),(2732,21,'21302',NULL,'Municipalidad Distrital de Casca (MDCasca)',NULL,'2016-05-12 07:34:42','2016-05-12 07:34:42',''),(2733,21,'21306',NULL,'Municipalidad Distrital de Llumpa (MDLlumpa)',NULL,'2016-05-12 07:34:42','2016-05-12 07:34:42',''),(2734,21,'21404',NULL,'Municipalidad Distrital de Carhuapampa (MD-Carhuapampa)',NULL,'2016-05-12 07:34:42','2016-05-12 07:34:42',''),(2735,21,'21011',NULL,'Municipalidad Distrital de Ponto (MD-Ponto)',NULL,'2016-05-12 07:34:42','2016-05-12 07:34:42',''),(2736,21,'20108',NULL,'Municipalidad Distrital de Olleros - Ancash (MD-OLLEROS)',NULL,'2016-05-12 07:34:42','2016-05-12 07:34:42',''),(2737,21,'20111',NULL,'Municipalidad Distrital de Pira (MDPira)',NULL,'2016-05-12 07:34:42','2016-05-12 07:34:42',''),(2738,21,'20112',NULL,'Municipalidad Distrital de Tarica (MD-Tarica)',NULL,'2016-05-12 07:34:42','2016-05-12 07:34:42',''),(2739,21,'20203',NULL,'Municipalidad Distrital de Huacllan (MDHuacllan)',NULL,'2016-05-12 07:34:42','2016-05-12 07:34:42',''),(2740,21,'20204',NULL,'Municipalidad Distrital de La Merced (MDLM)',NULL,'2016-05-12 07:34:42','2016-05-12 07:34:42',''),(2741,21,'20205',NULL,'Municipalidad Distrital de Succha (MDS)',NULL,'2016-05-12 07:34:42','2016-05-12 07:34:42',''),(2742,21,'20505',NULL,'Municipalidad Distrital de Cajacay (MDCajacay)',NULL,'2016-05-12 07:34:42','2016-05-12 07:34:42',''),(2743,21,'20507',NULL,'Municipalidad Distrital de Colquioc (MDColquioc)',NULL,'2016-05-12 07:34:42','2016-05-12 07:34:42',''),(2744,21,'20602',NULL,'Municipalidad Distrital de Acopampa (MDAcopampa)',NULL,'2016-05-12 07:34:42','2016-05-12 07:34:42',''),(2745,21,'20606',NULL,'Municipalidad Distrital de Marcara (MDMarcara)',NULL,'2016-05-12 07:34:42','2016-05-12 07:34:42',''),(2746,21,'20607',NULL,'Municipalidad Distrital de Pariahuanca (MDPariahuanca)',NULL,'2016-05-12 07:34:42','2016-05-12 07:34:42',''),(2747,21,'20611',NULL,'Municipalidad Distrital de Yungar (MDYungar)',NULL,'2016-05-12 07:34:42','2016-05-12 07:34:42',''),(2748,21,'20702',NULL,'Municipalidad Distrital de San Nicolás (SN)',NULL,'2016-05-12 07:34:42','2016-05-12 07:34:42',''),(2749,21,'10523',NULL,'Municipalidad Distrital de Trita (MDTRITIA-F)',NULL,'2016-05-12 07:34:42','2016-05-12 07:34:42',''),(2750,21,'10106',NULL,'Municipalidad Distrital de Chuquibamba (MD-CHUQUIBAMBA)',NULL,'2016-05-12 07:34:42','2016-05-12 07:34:42',''),(2751,21,'10203',NULL,'Municipalidad Distrital de Copallin (MDCopallin)',NULL,'2016-05-12 07:34:42','2016-05-12 07:34:42',''),(2752,21,'230101',NULL,'Municipalidad Centro Poblado Augusto B. Leguia (MCPABL)',NULL,'2016-05-12 07:34:42','2016-05-12 07:34:42',''),(2753,21,'240201',NULL,'Municipalidad Distrital de Zorritos (MDZorritos)',NULL,'2016-05-12 07:34:42','2016-05-12 07:34:42',''),(2754,21,'250101',NULL,'Empresa Municipal de Agua Potable y alcantarillado de Coronel Portillo (EMAPACOPSA)',NULL,'2016-05-12 07:34:42','2016-05-12 07:34:42',''),(2755,21,'80108',NULL,'Proyecto Especial Regional Instituto de Manejo de Agua y Medio Ambiente (PER IMA)',NULL,'2016-05-12 07:34:42','2016-05-12 07:34:42',''),(2756,21,'80108',NULL,'Direccion Regional de Agricultura Cusco (DRAC)',NULL,'2016-05-12 07:34:42','2016-05-12 07:34:42',''),(2757,21,'80104',NULL,'RED DE SERVICIOS DE SALUD CUSCO SUR (RSSCS)',NULL,'2016-05-12 07:34:42','2016-05-12 07:34:42',''),(2758,21,'80106',NULL,'HOSPITAL ANTONIO LORENA CUSCO (HAL CUSCO)',NULL,'2016-05-12 07:34:42','2016-05-12 07:34:42',''),(2759,21,'80101',NULL,'DIRECCIÓN REGIONAL DE EDUCACIÓN CUSCO (DREC)',NULL,'2016-05-12 07:34:42','2016-05-12 07:34:42',''),(2760,21,'90118',NULL,'Direccion Regional de Educacion de Huancavelica (DRE - HUANCAVELICA)',NULL,'2016-05-12 07:34:42','2016-05-12 07:34:42',''),(2761,21,'100101',NULL,'DIRECCION REGIONAL DE TRANSPORTES Y COMUNICACIONES HUANUCO (GR-HUANUCO/DRTC)',NULL,'2016-05-12 07:34:42','2016-05-12 07:34:42',''),(2762,21,'100101',NULL,'Dirección Regional de Educación Huánuco (DRE-HCO)',NULL,'2016-05-12 07:34:42','2016-05-12 07:34:42',''),(2763,21,'90701',NULL,'Unidad de Gestión Educativa Local Tayacaja (UGEL-T)',NULL,'2016-05-12 07:34:42','2016-05-12 07:34:42',''),(2764,21,'100102',NULL,'Dirección Regional de Agricultura - Huánuco (DRA - Huánuco)',NULL,'2016-05-12 07:34:42','2016-05-12 07:34:42',''),(2765,21,'100101',NULL,'DIRECCION REGIONAL DE SALUD HUANUCO (DIRESA - HUANUCO)',NULL,'2016-05-12 07:34:42','2016-05-12 07:34:42',''),(2766,21,'90101',NULL,'Dirección Regional de Salud Huancavelica (DIRESA Huancavelica)',NULL,'2016-05-12 07:34:42','2016-05-12 07:34:42',''),(2767,21,'80108',NULL,'PROYECTO ESPECIAL REGIONAL PLAN DE MEJORAMIENTO DE RIEGO EN LA SIERRA Y SELVA (PER PMI)',NULL,'2016-05-12 07:34:42','2016-05-12 07:34:42',''),(2768,21,'80108',NULL,'Direccion Regional de Transportes y Comunicaciones del Cusco (DRTC-CUSCO)',NULL,'2016-05-12 07:34:42','2016-05-12 07:34:42',''),(2769,21,'80108',NULL,'Dirección Regional de Comercio Exterior y Tursimo del Cusco (DIRCETUR-CUSCO)',NULL,'2016-05-12 07:34:42','2016-05-12 07:34:42',''),(2770,21,'80108',NULL,'Proyecto Especial Plan COPESCO (COPESCO)',NULL,'2016-05-12 07:34:42','2016-05-12 07:34:42',''),(2771,21,'90101',NULL,'Seguro Social de Salud de Huancavelica (ESSALUD-HUANCAVELICA)',NULL,'2016-05-12 07:34:42','2016-05-12 07:34:42',''),(2772,21,'90101',NULL,'Dirección Regional de Transportes y Comunicaciones de Huancavelica (DRTC-HVCA.)',NULL,'2016-05-12 07:34:42','2016-05-12 07:34:42',''),(2773,21,'110401',NULL,'Unidad de Gestión Educativa Local de Palpa (UGELP)',NULL,'2016-05-12 07:34:42','2016-05-12 07:34:42',''),(2774,21,'110201',NULL,'UNIDAD EJECUTORA 401-HOSPITAL SAN JOSÉ CHINCHA (UE1014 SALUD CHINCHA)',NULL,'2016-05-12 07:34:42','2016-05-12 07:34:42',''),(2775,21,'110501',NULL,'DIRECCION REGIONAL DE PRODUCCION ICA (DRPI)',NULL,'2016-05-12 07:34:42','2016-05-12 07:34:42',''),(2776,21,'110101',NULL,'Dirección Regional Agraria Ica (DRA - Ica)',NULL,'2016-05-12 07:34:42','2016-05-12 07:34:42',''),(2777,21,'110101',NULL,'Equipo de Informática y Sistemas (EIS-DRA-ICA)',NULL,'2016-05-12 07:34:42','2016-05-12 07:34:42',''),(2778,21,'110101',NULL,'PROYECTO ESPECIAL TAMBO CCARACOCHA (PETACC)',NULL,'2016-05-12 07:34:42','2016-05-12 07:34:42',''),(2779,21,'110101',NULL,'Direcion Regional de Vivienda, Construccion y Saneamiento de Ica (DRVCS-ICA)',NULL,'2016-05-12 07:34:42','2016-05-12 07:34:42',''),(2780,21,'110101',NULL,'Direccion Regional de Salud de Ica (DRS-ICA)',NULL,'2016-05-12 07:34:42','2016-05-12 07:34:42',''),(2781,21,'100601',NULL,'UNIDAD EJECUTORA N° 302 LEONCIO PRADO (UGEL302-LEONCIO PRAD)',NULL,'2016-05-12 07:34:42','2016-05-12 07:34:42',''),(2782,21,'100601',NULL,'Hospital de Tingo María (HTM)',NULL,'2016-05-12 07:34:42','2016-05-12 07:34:42',''),(2783,21,'110101',NULL,'Dirección Regional de Educación de Ica (DREICA)',NULL,'2016-05-12 07:34:42','2016-05-12 07:34:42',''),(2784,21,'110101',NULL,'DIRECCION REGIONAL DE COMERCIO EXTERIOR Y TURISMO - ICA (DIRCETUR - ICA)',NULL,'2016-05-12 07:34:42','2016-05-12 07:34:42',''),(2785,21,'81001',NULL,'UGEL- DE PARURO (UGEL- DE PARURO)',NULL,'2016-05-12 07:34:42','2016-05-12 07:34:42',''),(2786,21,'70101',NULL,'Comité de Administración del Fondo Educativo del Callao (Cafed Callao)',NULL,'2016-05-12 07:34:42','2016-05-12 07:34:42',''),(2787,21,'60801',NULL,'GERENCIA SUB REGIONAL JAEN (GSRJAEN)',NULL,'2016-05-12 07:34:42','2016-05-12 07:34:42',''),(2788,21,'70106',NULL,'UNIDAD DE GESTION EDUCATIVA LOCAL VENTANILLA (UGEL VENTANILLA)',NULL,'2016-05-12 07:34:42','2016-05-12 07:34:42',''),(2789,21,'70102',NULL,'Dirección Regional de Salud del Callao (DIRESA - CALLAO)',NULL,'2016-05-12 07:34:42','2016-05-12 07:34:42',''),(2790,21,'70102',NULL,'Direccion Regional de Educación del Callao (DREC)',NULL,'2016-05-12 07:34:42','2016-05-12 07:34:42',''),(2791,21,'60801',NULL,'Unidad de Gestión Educativa Local Jaen - UGELJ (UGELJ)',NULL,'2016-05-12 07:34:42','2016-05-12 07:34:42',''),(2792,21,'60801',NULL,'Direccion Sub Regional de Salud Jaen (DSRS-JAEN)',NULL,'2016-05-12 07:34:42','2016-05-12 07:34:42',''),(2793,21,'60101',NULL,'DIRECCIÓN REGIONAL DE TRANSPORTES Y COMUNICACIONES (DRTC – CAJAMARCA)',NULL,'2016-05-12 07:34:42','2016-05-12 07:34:42',''),(2794,21,'60101',NULL,'DIRECCION REGIONAL DE AGRICULTURA CAJAMARCA (DRAC)',NULL,'2016-05-12 07:34:42','2016-05-12 07:34:42',''),(2795,21,'60101',NULL,'PROGRAMAS REGIONALES (PROREGIÓN)',NULL,'2016-05-12 07:34:42','2016-05-12 07:34:42',''),(2796,21,'60101',NULL,'Dirección Regional de Educación Cajamarca (DRE - Cajamarca)',NULL,'2016-05-12 07:34:42','2016-05-12 07:34:42',''),(2797,21,'60101',NULL,'Dirección Regional de Salud de Cajamarca (DIRESA CAJAMARCA)',NULL,'2016-05-12 07:34:42','2016-05-12 07:34:42',''),(2798,21,'60401',NULL,'UNIDAD DE GESTION EDUCATIVA LOCAL CHOTA (UGEL CHOTA)',NULL,'2016-05-12 07:34:42','2016-05-12 07:34:42',''),(2799,21,'60401',NULL,'Gerencia Sub Regional de Chota (GSRCH)',NULL,'2016-05-12 07:34:42','2016-05-12 07:34:42',''),(2800,21,'60601',NULL,'Dirección Sub Regional de Salud Cutervo (DISA CUTERVO)',NULL,'2016-05-12 07:34:42','2016-05-12 07:34:42',''),(2801,21,'60601',NULL,'UNIDAD DE GESTION EDUCATIVA LOCAL CUTERVO (UGEL CUTERVO)',NULL,'2016-05-12 07:34:42','2016-05-12 07:34:42',''),(2802,21,'60601',NULL,'GERENCIA SUB REGIONAL CUTERVO (GSRCutervo)',NULL,'2016-05-12 07:34:42','2016-05-12 07:34:42',''),(2803,21,'10200',NULL,'RED DE SALUD BAGUA (RSB)',NULL,'2016-05-12 07:34:42','2016-05-12 07:34:42',''),(2804,21,'10701',NULL,'Unidad de Gestion Educativa de Utcubamba (UGEL-UTCUBAMBA)',NULL,'2016-05-12 07:34:42','2016-05-12 07:34:42',''),(2805,21,'20801',NULL,'Hospital de Apoyo San Ignacio de Casma - HASIC (HASIC)',NULL,'2016-05-12 07:34:42','2016-05-12 07:34:42',''),(2806,21,'21101',NULL,'UNIDAD DE GESTION EDUCATIVA LOCAL DE HUARMEY (UGEL Huarmey)',NULL,'2016-05-12 07:34:42','2016-05-12 07:34:42',''),(2807,21,'20101',NULL,'Dirección Regional Agraria Ancash (DRA-A)',NULL,'2016-05-12 07:34:42','2016-05-12 07:34:42',''),(2808,21,'20101',NULL,'DIRECCION REGIONAL DE SALUD ANCASH (DIRES ANCASH)',NULL,'2016-05-12 07:34:42','2016-05-12 07:34:42',''),(2809,21,'10101',NULL,'Dirección Regional de Salud - Amazonas (DIRESA AMAZONAS)',NULL,'2016-05-12 07:34:42','2016-05-12 07:34:42',''),(2810,21,'10101',NULL,'DIRECCION REGIONAL DE EDUCACION AMAZONAS (DRE-AMAZONAS)',NULL,'2016-05-12 07:34:42','2016-05-12 07:34:42',''),(2811,21,'10101',NULL,'Dirección Regional Agraria de Amazonas (DRA-AMAZONAS)',NULL,'2016-05-12 07:34:42','2016-05-12 07:34:42',''),(2812,21,'10101',NULL,'Dirección Regional de Transportes y Comunicaciones - Amazonas (DRTC-A)',NULL,'2016-05-12 07:34:42','2016-05-12 07:34:42',''),(2813,21,'10101',NULL,'Dirección Regional de Energía y Minas - Amazonas (DREM)',NULL,'2016-05-12 07:34:42','2016-05-12 07:34:42',''),(2814,21,'21001',NULL,'DIRECCION DE RED DE SALUD CONCHUCOS SUR (RSCSUR)',NULL,'2016-05-12 07:34:42','2016-05-12 07:34:42',''),(2815,21,'10202',NULL,'Gerencia Sub Regional Bagua - GRAMAZONAS (GSRB)',NULL,'2016-05-12 07:34:42','2016-05-12 07:34:42',''),(2816,21,'20101',NULL,'DIRECCION REGIONAL DE TRANSPORTES Y COMUNICACIONES - ANCASH (DRTC - ANCASH)',NULL,'2016-05-12 07:34:42','2016-05-12 07:34:42',''),(2817,21,'20101',NULL,'Direccion Regional de Educación de Ancash (DRE-A)',NULL,'2016-05-12 07:34:42','2016-05-12 07:34:42',''),(2818,21,'21701',NULL,'UNIDAD DE GESTION EDUCATIVA LOCAL RECUAY (UGEL RECUAY)',NULL,'2016-05-12 07:34:42','2016-05-12 07:34:42',''),(2819,21,'20105',NULL,'DIRECCION DE RED DE SALUD HUAYLAS SUR (DIRECCION DE RED DE)',NULL,'2016-05-12 07:34:42','2016-05-12 07:34:42',''),(2820,21,'21809',NULL,'RED DE SALUD PACIFICO SUR (RSPS)',NULL,'2016-05-12 07:34:42','2016-05-12 07:34:42',''),(2821,21,'21809',NULL,'SUB REGION PACIFICO (SRP)',NULL,'2016-05-12 07:34:42','2016-05-12 07:34:42',''),(2822,21,'21809',NULL,'PROYECTO ESPECIAL CHINECAS (CHINECAS)',NULL,'2016-05-12 07:34:42','2016-05-12 07:34:42',''),(2823,21,'21801',NULL,'HOSPITAL LA CALETA - HLC (HLC)',NULL,'2016-05-12 07:34:42','2016-05-12 07:34:42',''),(2824,21,'30101',NULL,'Direccion Regional de la Produccion de Apurimac (DIRPRO-APURIMAC)',NULL,'2016-05-12 07:34:42','2016-05-12 07:34:42',''),(2825,21,'30101',NULL,'Direccion Regional de Salud de Apurimac (DIRESA-APURIMAC)',NULL,'2016-05-12 07:34:42','2016-05-12 07:34:42',''),(2826,21,'30101',NULL,'DIRECCION REGIONAL DE EDUCACIÓN APURIMAC (D.R.E.A)',NULL,'2016-05-12 07:34:42','2016-05-12 07:34:42',''),(2827,21,'50601',NULL,'UNIDAD EJECUTORA SALUD SUR AYACUCHO - PUQUIO (UESSA-PUQUIO)',NULL,'2016-05-12 07:34:42','2016-05-12 07:34:42',''),(2828,21,'50401',NULL,'Unidad de Gestión Educativa Local Huanta (UGEL Huanta)',NULL,'2016-05-12 07:34:42','2016-05-12 07:34:42',''),(2829,21,'50201',NULL,'UNIDAD EJECUTORA 301 EDUCACION CENTRO AYACUCHO - UGEL CANGALLO (UEECA)',NULL,'2016-05-12 07:34:42','2016-05-12 07:34:42',''),(2830,21,'50101',NULL,'PROGRAMA REGIONAL DE IRRIGACIÓN Y DESARROLLO RURAL INTEGRADO (PRIDER)',NULL,'2016-05-12 07:34:42','2016-05-12 07:34:42',''),(2831,21,'40126',NULL,'Gerencia Regional de Educación Arequipa (GREAREQUIPA)',NULL,'2016-05-12 07:34:42','2016-05-12 07:34:42',''),(2832,21,'40112',NULL,'Gerencia Regional de Transportes y Comunicaciones - Arequipa - Abog. Jose Edwin Gamarra Vasquez (GRTC-AQP)',NULL,'2016-05-12 07:34:42','2016-05-12 07:34:42',''),(2833,21,'40129',NULL,'Gerencia Regional de Agricultura Arequipa (GRAA)',NULL,'2016-05-12 07:34:42','2016-05-12 07:34:42',''),(2834,21,'40129',NULL,'UNIDAD DE GESTION EDUCATIVA LOCAL AREQUIPA SUR (UGEL AS)',NULL,'2016-05-12 07:34:42','2016-05-12 07:34:42',''),(2835,21,'40101',NULL,'Servicio de Agua Potable y Alcantarillado de Arequipa (SEDAPAR S.A)',NULL,'2016-05-12 07:34:42','2016-05-12 07:34:42',''),(2836,21,'40704',NULL,'Centro de Exportación, Transformación, Industria, Comercialización y Servicios - Matarani (CETICOS MATARANI)',NULL,'2016-05-12 07:34:42','2016-05-12 07:34:42',''),(2837,21,'40103',NULL,'PROYECTO ESPECIAL MAJES SIGUAS - AUTORIDAD AUTONOMA DE MAJES (PEMS -AUTODEMA)',NULL,'2016-05-12 07:34:42','2016-05-12 07:34:42',''),(2838,21,'50101',NULL,'DIRECCION REGIONAL AGRARIA AYACUCHO (DRA - AYACUCHO)',NULL,'2016-05-12 07:34:42','2016-05-12 07:34:42',''),(2839,21,'50101',NULL,'Dirección Regional de Salud de Ayacucho (DIRESA Ayacucho)',NULL,'2016-05-12 07:34:42','2016-05-12 07:34:42',''),(2840,21,'50115',NULL,'Direccion Regional de Transportes y Comunicaciones - Ayacucho (DRTCA)',NULL,'2016-05-12 07:34:42','2016-05-12 07:34:42',''),(2841,21,'40701',NULL,'UNIDAD DE GESTION EDUCATIVA LOCAL DE ISLAY (UGELI)',NULL,'2016-05-12 07:34:42','2016-05-12 07:34:42',''),(2842,21,'40101',NULL,'Gerencia Regional de Trabajo y Promoción del Empleo del Gobierno Regional de Arequipa (GRTPE - GRA)',NULL,'2016-05-12 07:34:42','2016-05-12 07:34:42',''),(2843,21,'40101',NULL,'Gerencia Regional de Salud Arequipa (GRSA)',NULL,'2016-05-12 07:34:42','2016-05-12 07:34:42',''),(2844,21,'40101',NULL,'HOSPITAL III REG. HONORIO  DELGADO (HRHD)',NULL,'2016-05-12 07:34:42','2016-05-12 07:34:42',''),(2845,21,'150728',NULL,'RED DE SALUD DE HUAROCHIRÍ (RSH)',NULL,'2016-05-12 07:34:42','2016-05-12 07:34:42',''),(2846,21,'150601',NULL,'UNIDAD DE GESTION EDUCATIVA LOCAL Nº 10 HUARAL (UGEL Nº 10 HUARAL)',NULL,'2016-05-12 07:34:42','2016-05-12 07:34:42',''),(2847,21,'150513',NULL,'Red Servicios de Salud  Chilca - Mala (RSSCHM)',NULL,'2016-05-12 07:34:42','2016-05-12 07:34:42',''),(2848,21,'150201',NULL,'UNIDAD DE GESTION EDUCATIVA LOCAL Nº 16 BARRANCA (UGEL16 - BARRANCA)',NULL,'2016-05-12 07:34:42','2016-05-12 07:34:42',''),(2849,21,'150501',NULL,'SERVICIOS BASICOS DE SALUD CAÑETE YAUYOS (SBS CY)',NULL,'2016-05-12 07:34:42','2016-05-12 07:34:42',''),(2850,21,'151001',NULL,'UNIDAD DE GESTION EDUCATIVA LOCAL  N° 13 YAUYOS (UGEL N° 13 YAUYOS)',NULL,'2016-05-12 07:34:42','2016-05-12 07:34:42',''),(2851,21,'150810',NULL,'Dirección Regional de Educación de Lima Provincias (DRELP)',NULL,'2016-05-12 07:34:42','2016-05-12 07:34:42',''),(2852,21,'150805',NULL,'UNIDAD DE GESTION EDUCATIVA LOCAL Nº 09 - HUAURA (UGEL Nº 09 - HUAURA)',NULL,'2016-05-12 07:34:42','2016-05-12 07:34:42',''),(2853,21,'150801',NULL,'DIRECCION REGIONAL DE SALUD LIMA - PROVINCIA (DIRESA LIMA)',NULL,'2016-05-12 07:34:42','2016-05-12 07:34:42',''),(2854,21,'160201',NULL,'Gerencia Sub Regional de Alto Amazonas (GSRAA)',NULL,'2016-05-12 07:34:42','2016-05-12 07:34:42',''),(2855,21,'160201',NULL,'DIRECCION DE RED DE SALUD ALTO AMAZONAS (DIREDSAA)',NULL,'2016-05-12 07:34:42','2016-05-12 07:34:42',''),(2856,21,'170101',NULL,'DIRECCION REGIONAL DE ENERGIA Y MINAS DE MADRE DE DIOS (DREM - MADRE DE DIOS)',NULL,'2016-05-12 07:34:42','2016-05-12 07:34:42',''),(2857,21,'170101',NULL,'Direccion Regional de Salud Madre de Dios (DRSMD)',NULL,'2016-05-12 07:34:42','2016-05-12 07:34:42',''),(2858,21,'160108',NULL,'Direccion Regional de Salud Loreto (DIRESA Loreto)',NULL,'2016-05-12 07:34:42','2016-05-12 07:34:42',''),(2859,21,'160101',NULL,'Dirección Regional de Educación de Loreto (DREL)',NULL,'2016-05-12 07:34:42','2016-05-12 07:34:42',''),(2860,21,'160101',NULL,'Dirección Regional Agraria de Loreto (DRAL)',NULL,'2016-05-12 07:34:42','2016-05-12 07:34:42',''),(2861,21,'160601',NULL,'UNIDAD DE GESTION EDUCATIVA LOCAL DE UCAYALI (CONTAMANA)',NULL,'2016-05-12 07:34:42','2016-05-12 07:34:42',''),(2862,21,'190113',NULL,'Direccion Regional de Salud Pasco (DIRESA - PASCO)',NULL,'2016-05-12 07:34:42','2016-05-12 07:34:42',''),(2863,21,'190113',NULL,'DIRECCION REGIONAL AGRARIA PASCO (DRA - PASCO)',NULL,'2016-05-12 07:34:42','2016-05-12 07:34:42',''),(2864,21,'190113',NULL,'DIRECCIÓN REGIONAL DE EDUCACIÓN PASCO (DRE PASCO)',NULL,'2016-05-12 07:34:42','2016-05-12 07:34:42',''),(2865,21,'190113',NULL,'DIRECCION REGIONAL DE TRABAJO Y PROMOCION DEL EMPLEO - PASCO (DRTPE-PASCO)',NULL,'2016-05-12 07:34:42','2016-05-12 07:34:42',''),(2866,21,'190113',NULL,'Dirección Regional de Transportes y Comunicaciones Pasco (DRTC PASCO)',NULL,'2016-05-12 07:34:42','2016-05-12 07:34:42',''),(2867,21,'200000',NULL,'Proyecto Especial Chira - Piura (PECHP - Piura)',NULL,'2016-05-12 07:34:42','2016-05-12 07:34:42',''),(2868,21,'200101',NULL,'Dirección Regional de Energía y Minas Piura (DREM PIURA)',NULL,'2016-05-12 07:34:42','2016-05-12 07:34:42',''),(2869,21,'180301',NULL,'Centro de Exportación, Transformación, Industria, Comercialización y Servicios de Ilo (CETICOS ILO)',NULL,'2016-05-12 07:34:42','2016-05-12 07:34:42',''),(2870,21,'180101',NULL,'Dirección Regional de Educación de Moquegua (DREMOQUEGUA)',NULL,'2016-05-12 07:34:42','2016-05-12 07:34:42',''),(2871,21,'180101',NULL,'Dirección Regional de Transportes y Comunicaciones (DRTC - Moquegua)',NULL,'2016-05-12 07:34:42','2016-05-12 07:34:42',''),(2872,21,'180101',NULL,'Dirección Regional de Salud Moquegua (DIRESA Moquegua)',NULL,'2016-05-12 07:34:42','2016-05-12 07:34:42',''),(2873,21,'180101',NULL,'PROYECTO ESPECIAL REGIONAL PASTO GRANDE (PERPG)',NULL,'2016-05-12 07:34:42','2016-05-12 07:34:42',''),(2874,21,'170101',NULL,'Dirección Regional de Educación de Madre de Dios (DRE-MD)',NULL,'2016-05-12 07:34:42','2016-05-12 07:34:42',''),(2875,21,'200701',NULL,'Unidad de Gestión Educativa Local  de Talara  N°306 (UGEL Talara)',NULL,'2016-05-12 07:34:42','2016-05-12 07:34:42',''),(2876,21,'200701',NULL,'UNIDAD EJECUTORA INSTITUTOS SUPERIORES DE EDUCACIÓN PÚBLICA REGIONAL DE PIURA (UEISEPRP)',NULL,'2016-05-12 07:34:42','2016-05-12 07:34:42',''),(2877,21,'220101',NULL,'DIRECCION REGIONAL DE COMERCIO EXTERIOR Y TURISMO - SAN MARTIN (DIRCETUR - SM)',NULL,'2016-05-12 07:34:42','2016-05-12 07:34:42',''),(2878,21,'220101',NULL,'DIRECCIÓN REGIONAL DE VIVIENDA, CONSTRUCCIÓN Y SANEAMIENTO (DRVCS-SM)',NULL,'2016-05-12 07:34:42','2016-05-12 07:34:42',''),(2879,21,'220101',NULL,'DIRECCION REGIONAL DE SALUD  - SAN MARTIN (DIRES)',NULL,'2016-05-12 07:34:42','2016-05-12 07:34:42',''),(2880,21,'220101',NULL,'Proyecto Especial Alto Mayo (PEAM)',NULL,'2016-05-12 07:34:42','2016-05-12 07:34:42',''),(2881,21,'220101',NULL,'Direccion Regional de la Producción de San Martín (DIREPRO-SM)',NULL,'2016-05-12 07:34:42','2016-05-12 07:34:42',''),(2882,21,'220101',NULL,'Dirección Regional de Educacion de San Martín (DRESM)',NULL,'2016-05-12 07:34:42','2016-05-12 07:34:42',''),(2883,21,'220101',NULL,'Dirección Regional de Energía y Minas - San Martín (DREM-SM)',NULL,'2016-05-12 07:34:42','2016-05-12 07:34:42',''),(2884,21,'220101',NULL,'Dirección Regional de Transportes y Comunicaciones San Martin (DRTC-SM)',NULL,'2016-05-12 07:34:42','2016-05-12 07:34:42',''),(2885,21,'220101',NULL,'Dirección Regional de Agricultura San Martín (DRASAM)',NULL,'2016-05-12 07:34:42','2016-05-12 07:34:42',''),(2886,21,'210101',NULL,'RED DE SALUD PUNO - U.E. 405 SALUD PUNO (RSP)',NULL,'2016-05-12 07:34:42','2016-05-12 07:34:42',''),(2887,21,'210101',NULL,'PROGRAMA REGIONAL DE RIEGO Y DRENAJE (PRORRIDRE-PRASTER)',NULL,'2016-05-12 07:34:42','2016-05-12 07:34:42',''),(2888,21,'230101',NULL,'Direccion Regional de Transportes y Comunicaciones de Tacna (DRTC-TACNA)',NULL,'2016-05-12 07:34:42','2016-05-12 07:34:42',''),(2889,21,'230101',NULL,'PROYECTO ESPECIAL AFIANZAMIENTO Y AMPLIACION DE LOS RECURSOS HIDRICOS DE TACNA (PET)',NULL,'2016-05-12 07:34:42','2016-05-12 07:34:42',''),(2890,21,'230101',NULL,'Unidad de Gestión Educativa Local Tacna (UGEL Tacna)',NULL,'2016-05-12 07:34:42','2016-05-12 07:34:42',''),(2891,21,'230101',NULL,'Dirección Regional Sectorial de Agricultura Tacna (DRSAT)',NULL,'2016-05-12 07:34:42','2016-05-12 07:34:42',''),(2892,21,'220901',NULL,'OFICINA DE OPERACIONES SALUD BAJO MAYO (OOSBM)',NULL,'2016-05-12 07:34:42','2016-05-12 07:34:42',''),(2893,21,'210101',NULL,'Dirección Regional Agraria Puno (DRA PUNO)',NULL,'2016-05-12 07:34:42','2016-05-12 07:34:42',''),(2894,21,'220901',NULL,'Dirección Regional de Trabajo y Promoción del Empleo San Martin (DRTPE-SM)',NULL,'2016-05-12 07:34:42','2016-05-12 07:34:42',''),(2895,21,'220901',NULL,'Sub Región Bajo Mayo - Tarapoto (SRBM-T)',NULL,'2016-05-12 07:34:42','2016-05-12 07:34:42',''),(2896,21,'220901',NULL,'PROYECTO ESPECIAL HUALLAGA CENTRAL Y BAJO MAYO (PEHCBM)',NULL,'2016-05-12 07:34:42','2016-05-12 07:34:42',''),(2897,21,'200201',NULL,'UNIDAD DE GESTION EDUCATIVA LOCAL AYABACA  UNIDAD EJECUTORA 308 (UGEL  AYABACA)',NULL,'2016-05-12 07:34:42','2016-05-12 07:34:42',''),(2898,21,'200101',NULL,'DIRECCION REGIONAL DE LA PRODUCCION - PIURA (DIREPRO-PIURA)',NULL,'2016-05-12 07:34:42','2016-05-12 07:34:42',''),(2899,21,'200101',NULL,'Dirección Regional de Comercio Exterior y Turismo - Piura (DIRCETUR-PIURA)',NULL,'2016-05-12 07:34:42','2016-05-12 07:34:42',''),(2900,21,'200101',NULL,'DIRECCION REGIONAL DE TRANSPORTES Y COMUNICACIONES PIURA (DRTyC - PIURA)',NULL,'2016-05-12 07:34:42','2016-05-12 07:34:42',''),(2901,21,'200101',NULL,'Dirección Regional de Vivienda, Construcción y Saneamiento de Piura (DRVCS - PIURA)',NULL,'2016-05-12 07:34:42','2016-05-12 07:34:42',''),(2902,21,'200104',NULL,'Colegio Militar Pedro Ruiz Gallo (CMPRG)',NULL,'2016-05-12 07:34:42','2016-05-12 07:34:42',''),(2903,21,'200104',NULL,'Dirección Regional de Salud - Piura (DRS)',NULL,'2016-05-12 07:34:42','2016-05-12 07:34:42',''),(2904,21,'200101',NULL,'Dirección Regional de Educación de Piura (DREP)',NULL,'2016-05-12 07:34:42','2016-05-12 07:34:42',''),(2905,21,'200104',NULL,'DIRECCION REGIONAL DE AGRICULTURA PIURA (DRA PIURA)',NULL,'2016-05-12 07:34:42','2016-05-12 07:34:42',''),(2906,21,'200104',NULL,'Dirección Regional de Trabajo y Promoción del Empleo de Piura (DRTPE-PIURA)',NULL,'2016-05-12 07:34:42','2016-05-12 07:34:42',''),(2907,21,'200501',NULL,'Centro de Exportación, Transformación, Industria, Comercialización y Servicios  de Paita (CETICOS PAITA)',NULL,'2016-05-12 07:34:42','2016-05-12 07:34:42',''),(2908,21,'200401',NULL,'UNIDAD EJECUTORA 303 - EDUCACION ALTOPIURA (UE303)',NULL,'2016-05-12 07:34:42','2016-05-12 07:34:42',''),(2909,21,'200401',NULL,'Proyecto Especial de Irrigación e Hidroenergético  del Alto Piura (PEIHAP)',NULL,'2016-05-12 07:34:42','2016-05-12 07:34:42',''),(2910,21,'200401',NULL,'RED DE SALUD MORROPON-CHULUCANAS (DREDSMCH)',NULL,'2016-05-12 07:34:42','2016-05-12 07:34:42',''),(2911,21,'200405',NULL,'UNIDAD EJECUTORA 307 EDUCACION - UGEL MORROPON (UE - 307 - MORROPON)',NULL,'2016-05-12 07:34:42','2016-05-12 07:34:42',''),(2912,21,'200601',NULL,'DIRECCION SUB REGIONA DE SALUD LUCIANO CASTILLO COLONNA - SULLANA (DSRS LCC SULLANA)',NULL,'2016-05-12 07:34:42','2016-05-12 07:34:42',''),(2913,21,'200601',NULL,'Dirección Sub Regional de Educacion de Sullana (DSRELCC)',NULL,'2016-05-12 07:34:42','2016-05-12 07:34:42',''),(2914,21,'200601',NULL,'Gerencia Sub Regional Luciano Castillo Colonna (GSRLCC - GRPIURA)',NULL,'2016-05-12 07:34:42','2016-05-12 07:34:42',''),(2915,21,'200601',NULL,'Unidad de Gestión Educativa Local de Sullana (UGELS)',NULL,'2016-05-12 07:34:42','2016-05-12 07:34:42',''),(2916,21,'200601',NULL,'HOSPITAL DE SULLANA II-2 (HAS)',NULL,'2016-05-12 07:34:42','2016-05-12 07:34:42',''),(2917,21,'200401',NULL,'Gerencia Sub Regional Morropon Huancabamba (GSRMH)',NULL,'2016-05-12 07:34:42','2016-05-12 07:34:42',''),(2918,21,'120114',NULL,'Dirección Regional de Educación de Junín (DREJUNIN)',NULL,'2016-05-12 07:34:42','2016-05-12 07:34:42',''),(2919,21,'120114',NULL,'Dirección Regional de Agricultura Junín (DRAJ)',NULL,'2016-05-12 07:34:42','2016-05-12 07:34:42',''),(2920,21,'120114',NULL,'Direccion Regional de Producción de Junin (DIREPRO-JUNIN)',NULL,'2016-05-12 07:34:42','2016-05-12 07:34:42',''),(2921,21,'120114',NULL,'Dirección Regional De Salud Junin (DIRESA JUNIN)',NULL,'2016-05-12 07:34:42','2016-05-12 07:34:42',''),(2922,21,'120114',NULL,'Direccion Regional de Trabajo y promocion del empleo de Junin (DRTPE- JUNIN)',NULL,'2016-05-12 07:34:42','2016-05-12 07:34:42',''),(2923,21,'120107',NULL,'Dirección Regional de Transportes y Comunicaciones  - Junin (DRTC-JUNÍN) (DRTC-JUNIN)',NULL,'2016-05-12 07:34:42','2016-05-12 07:34:42',''),(2924,21,'120101',NULL,'DIRECCION REGIONAL DE ENERGIA Y MINAS (DREM JUNIN)',NULL,'2016-05-12 07:34:42','2016-05-12 07:34:42',''),(2925,21,'120101',NULL,'RED DE SALUD VALLE DEL MANTARO (RSVM)',NULL,'2016-05-12 07:34:42','2016-05-12 07:34:42',''),(2926,21,'130000',NULL,'Dirección Regional de Educación La Libertad (DRELL)',NULL,'2016-05-12 07:34:42','2016-05-12 07:34:42',''),(2927,21,'130000',NULL,'Gerencia Regional de Salud - La Libertad (GRS-LL)',NULL,'2016-05-12 07:34:42','2016-05-12 07:34:42',''),(2928,21,'130101',NULL,'Gobierno Regional La Libertad-Gerencia Regional de Agricultura (GRLL- GRSA)',NULL,'2016-05-12 07:34:42','2016-05-12 07:34:42',''),(2929,21,'130101',NULL,'Gerencia Regional de Transportes y Comunicaciones de La Libertad (GRTCLL)',NULL,'2016-05-12 07:34:42','2016-05-12 07:34:42',''),(2930,21,'130101',NULL,'Dirección Regional de Trabajo y Promoción del Empleo La Libertad (DRTEL)',NULL,'2016-05-12 07:34:42','2016-05-12 07:34:42',''),(2931,21,'130101',NULL,'Red de Salud Trujillo (UTES 6 TE)',NULL,'2016-05-12 07:34:42','2016-05-12 07:34:42',''),(2932,21,'120401',NULL,'Direccion Regional de Comercio Exterior y Turismo de Junin (DRCET-JUNIN)',NULL,'2016-05-12 07:34:42','2016-05-12 07:34:42',''),(2933,21,'120121',NULL,'Direccion Regional de Vivienda, Construccion y Saneamiento de Junin (DRVCS-JUNIN)',NULL,'2016-05-12 07:34:42','2016-05-12 07:34:42',''),(2934,21,'140101',NULL,'PROYECTO ESPECIAL OLMOS TINAJONES (PEOT)',NULL,'2016-05-12 07:34:42','2016-05-12 07:34:42',''),(2935,21,'131101',NULL,'UNIDAD DE GESTION EDUCATIVA LOCAL - GRAN CHIMU (UGEL GRAN CHIMU)',NULL,'2016-05-12 07:34:42','2016-05-12 07:34:42',''),(2936,21,'140101',NULL,'DIRECCION REGIONAL DE EDUCACION LAMBAYEQUE (DREL)',NULL,'2016-05-12 07:34:42','2016-05-12 07:34:42',''),(2937,21,'140101',NULL,'Direccion Regional de Salud de Lambayeque (DIRESA-LAMBAYEQUE)',NULL,'2016-05-12 07:34:42','2016-05-12 07:34:42',''),(2938,21,'130601',NULL,'Red de Salud otuzco (RSO)',NULL,'2016-05-12 07:34:42','2016-05-12 07:34:42',''),(2939,21,'130601',NULL,'Unidad de Gestion Educativa Local  - Otuzco (UGEL O)',NULL,'2016-05-12 07:34:42','2016-05-12 07:34:42',''),(2940,21,'130401',NULL,'U.E. 404: Utes Nº 3 Chepén – Red de Salud Chepén (RSCH)',NULL,'2016-05-12 07:34:42','2016-05-12 07:34:42',''),(2941,21,'130101',NULL,'Hospital Belen de Trujillo (HBT)',NULL,'2016-05-12 07:34:42','2016-05-12 07:34:42',''),(2942,21,'130105',NULL,'Proyecto Especial Chavimochic (PECH)',NULL,'2016-05-12 07:34:42','2016-05-12 07:34:42',''),(2943,21,'150101',NULL,'PROGRAMA DE GOBIERNO REGIONAL DE LIMA METROPOLITANA (PGRLM)',NULL,'2016-05-12 07:34:42','2016-05-12 07:34:42',''),(2944,21,'140301',NULL,'Gerencia Regional de Transporte y Comunicaciones de Lambayeque (GRTC)',NULL,'2016-05-12 07:34:42','2016-05-12 07:34:42',''),(2945,21,'150115',NULL,'Dirección Regional de Educación Lima Metropolitana (DRELM)',NULL,'2016-05-12 07:34:42','2016-05-12 07:34:42',''),(2946,21,'250100',NULL,'Direccion Regional Sectorial de Energia y Minas de Ucayali (DRSEMU)',NULL,'2016-05-12 07:34:42','2016-05-12 07:34:42',''),(2947,21,'250101',NULL,'Dirección Regional de Salud de Ucayali (DRSU)',NULL,'2016-05-12 07:34:42','2016-05-12 07:34:42',''),(2948,21,'250101',NULL,'Direccion Regional de Educacion de Ucayali (DRE-UCAYALI)',NULL,'2016-05-12 07:34:42','2016-05-12 07:34:42',''),(2949,21,'250101',NULL,'Direccion Regional Sectorial Agricultura de Ucayali (DRSAU)',NULL,'2016-05-12 07:34:42','2016-05-12 07:34:42',''),(2950,21,'250101',NULL,'Direccion Regional de la Produccion de Ucayali (DIREPRO)',NULL,'2016-05-12 07:34:42','2016-05-12 07:34:42',''),(2951,21,'250101',NULL,'UNIDAD DE GESTION EDUCATIVA LOCAL DE CORONEL PORTILLO (UGEL -CP)',NULL,'2016-05-12 07:34:42','2016-05-12 07:34:42',''),(2952,21,'250101',NULL,'Dirección Regional Sectorial de Transportes y Comunicaciones de Ucayali (DRSTCU)',NULL,'2016-05-12 07:34:42','2016-05-12 07:34:42',''),(2953,21,'250101',NULL,'Direccion Regional de Trabajo y Promoción del Empleo - Ucayali (DRTPE - UCAYALI)',NULL,'2016-05-12 07:34:42','2016-05-12 07:34:42',''),(2954,21,'250301',NULL,'RED DE SALUD N° 04 AGUAYTIA - SAN ALEJANDRO (RED DE SALUD N° 04 A)',NULL,'2016-05-12 07:34:42','2016-05-12 07:34:42',''),(2955,21,'250000',NULL,'DIRECCION REGIONAL DE COMERCIO EXTERIOR Y TURISMO DE UCAYALI (DIRCETUR)',NULL,'2016-05-12 07:34:42','2016-05-12 07:34:42',''),(2956,21,'240101',NULL,'Direccion Regional Sectorial Energia y Minas Tumbes (DREM TUMBES)',NULL,'2016-05-12 07:34:42','2016-05-12 07:34:42',''),(2957,21,'240101',NULL,'Direccion Regional de Trabajo y Promocion del Empleo de Tumbes (DRTPET)',NULL,'2016-05-12 07:34:42','2016-05-12 07:34:42',''),(2958,21,'230101',NULL,'Zona Franca y Zona Comercial de Tacna (ZOFRATACNA)',NULL,'2016-05-12 07:34:42','2016-05-12 07:34:42',''),(2959,21,'230101',NULL,'Dirección Regional Sectorial de Energia y Minas de Tacna (DREMT)',NULL,'2016-05-12 07:34:42','2016-05-12 07:34:42',''),(2960,21,'240101',NULL,'DIRECCION REGIONAL DE SALUD DE TUMBES (DIRESA - TUMBES)',NULL,'2016-05-12 07:34:42','2016-05-12 07:34:42',''),(2961,21,'240101',NULL,'Direccion Regional Sectorial de Transportes y Comunicaciones Tumbes (DRSTC TUMBES)',NULL,'2016-05-12 07:34:42','2016-05-12 07:34:42',''),(2962,21,'230101',NULL,'Dirección Regional de Salud Tacna (DIRESA Tacna)',NULL,'2016-05-12 07:34:42','2016-05-12 07:34:42',''),(2963,21,'90101',NULL,'Dirección Regional Agraria Huancavelica (DRA-HUANCAVELICA)',NULL,'2016-05-12 07:34:42','2016-05-12 07:34:42',''),(2964,21,'130501',NULL,'UNIDAD EJECUTORA SALUD JULCAN 411 (UESJ)',NULL,'2016-05-12 07:34:42','2016-05-12 07:34:42',''),(2965,21,'131201',NULL,'UNIDAD EJECUTORA  412 SALUD VIRÙ (U.E. 412 - SALUD VIR)',NULL,'2016-05-12 07:34:42','2016-05-12 07:34:42',''),(2966,21,'130702',NULL,'AIS UTES PACASMAYO (HTL)',NULL,'2016-05-12 07:34:42','2016-05-12 07:34:42',''),(2967,21,'130201',NULL,'UNIDAD EJECUTORA DE SALUD 413 (UE413SA)',NULL,'2016-05-12 07:34:42','2016-05-12 07:34:42',''),(2968,21,'130901',NULL,'UNIDAD EJECUTORA 406 - SALUD SANCHEZ CARRION (RSC)',NULL,'2016-05-12 07:34:42','2016-05-12 07:34:42',''),(2969,21,'131101',NULL,'UNIDAD EJECUTORA DE SALUD GRAN CHIMU (UES N° 414 GCH)',NULL,'2016-05-12 07:34:42','2016-05-12 07:34:42',''),(2970,21,'101001',NULL,'UNIDAD EJECUTORA 309 EDUCACIÓN LAURICOCHA (UGEL LAURICOCHA)',NULL,'2016-05-12 07:34:42','2016-05-12 07:34:42',''),(2971,21,'100501',NULL,'UNIDAD EJECUTORA 305 EDUCACION UGEL HUAMALIES (UGEL HUAMALIES)',NULL,'2016-05-12 07:34:42','2016-05-12 07:34:42',''),(2972,21,'90501',NULL,'UNIDAD DE GESTION EDUCATIVA LOCAL CHURCAMPA (UGEL-CHURCAMPA)',NULL,'2016-05-12 07:34:42','2016-05-12 07:34:42',''),(2973,21,'50701',NULL,'Unidad de Gestión Educativa Local - Parinacochas (UGEL-P)',NULL,'2016-05-12 07:34:42','2016-05-12 07:34:42',''),(2974,21,'60901',NULL,'UNIDAD DE GESTIÓN EDUCATIVA LOCAL SAN IGNACIO (UGEL - SI)',NULL,'2016-05-12 07:34:42','2016-05-12 07:34:42',''),(2975,21,'30601',NULL,'UNIDAD DEGESTION EDUCATIVA LOCAL DE CHINCHEROS (UGELCH)',NULL,'2016-05-12 07:34:42','2016-05-12 07:34:42',''),(2976,21,'50101',NULL,'Dirección Regional de Educación de Ayacucho (DREA)',NULL,'2016-05-12 07:34:42','2016-05-12 07:34:42',''),(2977,21,'50301',NULL,'UNIDAD DE GESTIÓN EDUCATIVA LOCAL DE HUANCA SANCOS (UGELHS)',NULL,'2016-05-12 07:34:42','2016-05-12 07:34:42',''),(2978,21,'51001',NULL,'UNIDAD DE GESTIÓN EDUCATIVA LOCAL DE FAJARDO (UGELF)',NULL,'2016-05-12 07:34:42','2016-05-12 07:34:42',''),(2979,21,'21201',NULL,'UNIDAD DE GESTIÓN EDUCALTIVA LOCAL HUAYLAS (UGEL HY)',NULL,'2016-05-12 07:34:42','2016-05-12 07:34:42',''),(2980,21,'21501',NULL,'UNIDAD DE GESTIÓN EDUCATIVA LOCAL PALLASCA (UGEL - PALLASCA)',NULL,'2016-05-12 07:34:42','2016-05-12 07:34:42',''),(2981,21,'10200',NULL,'Unidad Ejecutora 303 Educación Bagua Capital (U.E. 303 ED.BAGUA-C)',NULL,'2016-05-12 07:34:42','2016-05-12 07:34:42',''),(2982,21,'10401',NULL,'Unidad de Gestion Educativa Local-CONDORCANQUI (UGEL-C)',NULL,'2016-05-12 07:34:42','2016-05-12 07:34:42',''),(2983,21,'130101',NULL,'unidad de gestión educativa local 03 trujillo nor oeste (ugel 03 - no)',NULL,'2016-05-12 07:34:42','2016-05-12 07:34:42',''),(2984,21,'130101',NULL,'UNIDAD DE GESTION EDUCATIVA LOCAL N°04 TRUJILLO SUR ESTE (UGEL04-TSE)',NULL,'2016-05-12 07:34:42','2016-05-12 07:34:42',''),(2985,21,'131201',NULL,'Unidad de Gestión Educativa Local - Viru (UGEL VIRU)',NULL,'2016-05-12 07:34:42','2016-05-12 07:34:42',''),(2986,21,'131001',NULL,'UNIDAD DE GESTION EDUCATIVA LOCAL SANTIAGO DE CHUCO (UGEL-SCH)',NULL,'2016-05-12 07:34:42','2016-05-12 07:34:42',''),(2987,21,'130501',NULL,'UNIDAD DE GESTION EDUCATIVA LOCAL DE JULCAN (UGEL-JULCAN)',NULL,'2016-05-12 07:34:42','2016-05-12 07:34:42',''),(2988,21,'130701',NULL,'Unidad de Gestion Educativa Local de Pacasmayo (UGEL PACASMAYO)',NULL,'2016-05-12 07:34:42','2016-05-12 07:34:42',''),(2989,21,'130801',NULL,'UNIDAD DE GESTION EDUCATIVA LOCAL DE PATAZ (UGEL-Pataz)',NULL,'2016-05-12 07:34:42','2016-05-12 07:34:42',''),(2990,21,'130901',NULL,'Unidad de Gestión Educativa Local de Sánchez Carrión (UGEL-Sánchez Carrion)',NULL,'2016-05-12 07:34:42','2016-05-12 07:34:42',''),(2991,21,'130105',NULL,'UNIDAD EJECUTORA EDUCACIÓN 314 - LA ESPERANZA (UGEL 02 LA ESPERANZA)',NULL,'2016-05-12 07:34:42','2016-05-12 07:34:42',''),(2992,21,'130104',NULL,'INSTITUCION EDUCATIVA PUBLICA MILITAR GRAN MARISCAL RAMON CASTILLA (I.E.P.M. GMRC)',NULL,'2016-05-12 07:34:42','2016-05-12 07:34:42',''),(2993,21,'130102',NULL,'UNIDAD DE GESTION EDUCATIVA LOCAL 01 EL PORVENIR (UGEL 01 EP)',NULL,'2016-05-12 07:34:42','2016-05-12 07:34:42',''),(2994,21,'130201',NULL,'UNIDAD DE GESTION EDUCATIVA LOCAL DE ASCOPE (UGEL - ASCOPE)',NULL,'2016-05-12 07:34:42','2016-05-12 07:34:42',''),(2995,21,'130301',NULL,'UNIDAD DE GESTIÓN EDUCATIVA LOCAL-BOLÍVAR (UGEL -  BOLÍVAR)',NULL,'2016-05-12 07:34:42','2016-05-12 07:34:42',''),(2996,21,'200501',NULL,'UNIDAD DE GESTION EDUCATIVA LOCAL PAITA (UGEL-PAITA)',NULL,'2016-05-12 07:34:42','2016-05-12 07:34:42',''),(2997,21,'200301',NULL,'Unidad de Gestión Educativa Local Huancabamba Ejecutora N° 309 (UGEL Huancabamba)',NULL,'2016-05-12 07:34:42','2016-05-12 07:34:42',''),(2998,21,'210101',NULL,'DIRECCION REGIONAL DE EDUCACION PUNO (DREP)',NULL,'2016-05-12 07:34:42','2016-05-12 07:34:42',''),(2999,21,'221001',NULL,'UNIDAD DE GESTION EDUCATIVA LOCAL TOCACHE (UGEL TOCACHE)',NULL,'2016-05-12 07:34:42','2016-05-12 07:34:42',''),(3000,21,'190301',NULL,'UNIDAD DE GESTIÓN EDUCATIVA LOCAL DE OXAPAMPA (UGEL OXAPAMPA)',NULL,'2016-05-12 07:34:42','2016-05-12 07:34:42',''),(3001,21,'150701',NULL,'Unidad de Gestión Educativa Local Nº 15 Huarochirí (UGEL Nº 15 Hri.)',NULL,'2016-05-12 07:34:42','2016-05-12 07:34:42',''),(3002,21,'150901',NULL,'UNIDAD DE GESTIÓN EDUCATIVA LOCAL N° 14 (UGEL N° 14 - OYÓN)',NULL,'2016-05-12 07:34:42','2016-05-12 07:34:42',''),(3003,21,'150901',NULL,'UNIDAD DE GESTIÓN EDUCATIVA LOCAL N° 14 (UGEL N° 14 - OYÓN)',NULL,'2016-05-12 07:34:42','2016-05-12 07:34:42',''),(3004,21,'150901',NULL,'UNIDAD DE GESTIÓN EDUCATIVA LOCAL N° 14 (UGEL14 - OYÓN)',NULL,'2016-05-12 07:34:42','2016-05-12 07:34:42',''),(3005,21,'240301',NULL,'UNIDAD DE GESTION  EDUCATIVA LOCAL  ZARUMILLA (UGEL ZARUMILLA)',NULL,'2016-05-12 07:34:42','2016-05-12 07:34:42',''),(3006,21,'250201',NULL,'Unidad de Gestion Educativa Local de Atalaya (UGEL - ATALAYA)',NULL,'2016-05-12 07:34:42','2016-05-12 07:34:42',''),(3007,21,'170302',NULL,'Proyecto Especial Madre de Dios (PEMD)',NULL,'2016-05-12 07:34:42','2016-05-12 07:34:42',''),(3008,21,'60901',NULL,'UNIDAD DE GESTIÓN EDUCATIVA LOCAL SAN IGNACIO (UGEL - SI)',NULL,'2016-05-12 07:34:42','2016-05-12 07:34:42',''),(3009,21,'30601',NULL,'UNIDAD DEGESTION EDUCATIVA LOCAL DE CHINCHEROS (UGELCH)',NULL,'2016-05-12 07:34:42','2016-05-12 07:34:42',''),(3010,21,'50101',NULL,'Dirección Regional de Educación de Ayacucho (DREA)',NULL,'2016-05-12 07:34:42','2016-05-12 07:34:42',''),(3011,21,'50301',NULL,'UNIDAD DE GESTIÓN EDUCATIVA LOCAL DE HUANCA SANCOS (UGELHS)',NULL,'2016-05-12 07:34:42','2016-05-12 07:34:42',''),(3012,21,'51001',NULL,'UNIDAD DE GESTIÓN EDUCATIVA LOCAL DE FAJARDO (UGELF)',NULL,'2016-05-12 07:34:42','2016-05-12 07:34:42',''),(3013,21,'21201',NULL,'UNIDAD DE GESTIÓN EDUCALTIVA LOCAL HUAYLAS (UGEL HY)',NULL,'2016-05-12 07:34:42','2016-05-12 07:34:42',''),(3014,21,'21501',NULL,'UNIDAD DE GESTIÓN EDUCATIVA LOCAL PALLASCA (UGEL - PALLASCA)',NULL,'2016-05-12 07:34:42','2016-05-12 07:34:42',''),(3015,21,'10200',NULL,'Unidad Ejecutora 303 Educación Bagua Capital (U.E. 303 ED.BAGUA-C)',NULL,'2016-05-12 07:34:42','2016-05-12 07:34:42',''),(3016,21,'10401',NULL,'Unidad de Gestion Educativa Local-CONDORCANQUI (UGEL-C)',NULL,'2016-05-12 07:34:42','2016-05-12 07:34:42',''),(3017,21,'130101',NULL,'unidad de gestión educativa local 03 trujillo nor oeste (ugel 03 - no)',NULL,'2016-05-12 07:34:42','2016-05-12 07:34:42',''),(3018,21,'130101',NULL,'UNIDAD DE GESTION EDUCATIVA LOCAL N°04 TRUJILLO SUR ESTE (UGEL04-TSE)',NULL,'2016-05-12 07:34:42','2016-05-12 07:34:42',''),(3019,21,'131201',NULL,'Unidad de Gestión Educativa Local - Viru (UGEL VIRU)',NULL,'2016-05-12 07:34:42','2016-05-12 07:34:42',''),(3020,21,'131001',NULL,'UNIDAD DE GESTION EDUCATIVA LOCAL SANTIAGO DE CHUCO (UGEL-SCH)',NULL,'2016-05-12 07:34:42','2016-05-12 07:34:42',''),(3021,21,'130501',NULL,'UNIDAD DE GESTION EDUCATIVA LOCAL DE JULCAN (UGEL-JULCAN)',NULL,'2016-05-12 07:34:42','2016-05-12 07:34:42',''),(3022,21,'130701',NULL,'Unidad de Gestion Educativa Local de Pacasmayo (UGEL PACASMAYO)',NULL,'2016-05-12 07:34:42','2016-05-12 07:34:42',''),(3023,21,'130801',NULL,'UNIDAD DE GESTION EDUCATIVA LOCAL DE PATAZ (UGEL-Pataz)',NULL,'2016-05-12 07:34:42','2016-05-12 07:34:42',''),(3024,21,'130901',NULL,'Unidad de Gestión Educativa Local de Sánchez Carrión (UGEL-Sánchez Carrion)',NULL,'2016-05-12 07:34:42','2016-05-12 07:34:42',''),(3025,21,'130105',NULL,'UNIDAD EJECUTORA EDUCACIÓN 314 - LA ESPERANZA (UGEL 02 LA ESPERANZA)',NULL,'2016-05-12 07:34:42','2016-05-12 07:34:42',''),(3026,21,'130104',NULL,'INSTITUCION EDUCATIVA PUBLICA MILITAR GRAN MARISCAL RAMON CASTILLA (I.E.P.M. GMRC)',NULL,'2016-05-12 07:34:42','2016-05-12 07:34:42',''),(3027,21,'130102',NULL,'UNIDAD DE GESTION EDUCATIVA LOCAL 01 EL PORVENIR (UGEL 01 EP)',NULL,'2016-05-12 07:34:42','2016-05-12 07:34:42',''),(3028,21,'130201',NULL,'UNIDAD DE GESTION EDUCATIVA LOCAL DE ASCOPE (UGEL - ASCOPE)',NULL,'2016-05-12 07:34:42','2016-05-12 07:34:42',''),(3029,21,'130301',NULL,'UNIDAD DE GESTIÓN EDUCATIVA LOCAL-BOLÍVAR (UGEL -  BOLÍVAR)',NULL,'2016-05-12 07:34:42','2016-05-12 07:34:42',''),(3030,21,'200501',NULL,'UNIDAD DE GESTION EDUCATIVA LOCAL PAITA (UGEL-PAITA)',NULL,'2016-05-12 07:34:42','2016-05-12 07:34:42',''),(3031,21,'200301',NULL,'Unidad de Gestión Educativa Local Huancabamba Ejecutora N° 309 (UGEL Huancabamba)',NULL,'2016-05-12 07:34:42','2016-05-12 07:34:42',''),(3032,21,'210101',NULL,'DIRECCION REGIONAL DE EDUCACION PUNO (DREP)',NULL,'2016-05-12 07:34:42','2016-05-12 07:34:42',''),(3033,21,'221001',NULL,'UNIDAD DE GESTION EDUCATIVA LOCAL TOCACHE (UGEL TOCACHE)',NULL,'2016-05-12 07:34:42','2016-05-12 07:34:42',''),(3034,21,'190301',NULL,'UNIDAD DE GESTIÓN EDUCATIVA LOCAL DE OXAPAMPA (UGEL OXAPAMPA)',NULL,'2016-05-12 07:34:42','2016-05-12 07:34:42',''),(3035,21,'150701',NULL,'Unidad de Gestión Educativa Local Nº 15 Huarochirí (UGEL Nº 15 Hri.)',NULL,'2016-05-12 07:34:42','2016-05-12 07:34:42',''),(3036,21,'150901',NULL,'UNIDAD DE GESTIÓN EDUCATIVA LOCAL N° 14 (UGEL N° 14 - OYÓN)',NULL,'2016-05-12 07:34:42','2016-05-12 07:34:42',''),(3037,21,'150901',NULL,'UNIDAD DE GESTIÓN EDUCATIVA LOCAL N° 14 (UGEL N° 14 - OYÓN)',NULL,'2016-05-12 07:34:42','2016-05-12 07:34:42',''),(3038,21,'150901',NULL,'UNIDAD DE GESTIÓN EDUCATIVA LOCAL N° 14 (UGEL14 - OYÓN)',NULL,'2016-05-12 07:34:42','2016-05-12 07:34:42',''),(3039,21,'240301',NULL,'UNIDAD DE GESTION  EDUCATIVA LOCAL  ZARUMILLA (UGEL ZARUMILLA)',NULL,'2016-05-12 07:34:42','2016-05-12 07:34:42',''),(3040,21,'250201',NULL,'Unidad de Gestion Educativa Local de Atalaya (UGEL - ATALAYA)',NULL,'2016-05-12 07:34:42','2016-05-12 07:34:42',''),(3041,21,'170302',NULL,'Proyecto Especial Madre de Dios (PEMD)',NULL,'2016-05-12 07:34:42','2016-05-12 07:34:42',''),(3042,21,'000000',NULL,'CENTRAL DE COMPRAS PÚBLICAS – PERÚ COMPRAS',NULL,'2016-05-16 10:40:17','2016-05-16 10:40:17',''),(3043,21,'000000',NULL,'SOCIEDAD CIVIL',NULL,'2016-05-16 11:30:23','2016-05-16 11:30:23',''),(3044,21,'000000',NULL,'Universidad Tecnológica del Perú - Utp',NULL,'2016-05-18 00:32:05','2016-05-18 00:32:05',''),(3045,21,'000000',NULL,'Universidad Ricardo Palma',NULL,'2016-05-18 00:45:13','2016-05-18 00:45:13',''),(3046,21,'000000',NULL,'Universidad Peruana de Ciencias Aplicadas',NULL,'2016-05-18 13:10:57','2016-05-18 13:10:57',''),(3047,21,'000000',NULL,'Instituto Superior Sise',NULL,'2016-05-18 13:19:14','2016-05-18 13:19:14',''),(3048,21,'000000',NULL,'Universidad Cesar Vallejo',NULL,'2016-05-18 13:19:58','2016-05-18 13:19:58',''),(3049,21,'000000',NULL,'Universidad Católica Sedes Sapientiae',NULL,'2016-05-18 13:21:38','2016-05-18 13:21:38',''),(3050,21,'000000',NULL,'Instituto Certus',NULL,'2016-05-18 13:24:50','2016-05-18 13:24:50',''),(3051,21,'000000',NULL,'Universidad Alas Peruanas',NULL,'2016-05-18 13:25:33','2016-05-18 13:25:33',''),(3052,21,'000000',NULL,'Univesidad Catolica del Perú',NULL,'2016-05-18 13:29:38','2016-05-18 13:29:38',''),(3053,21,'000000',NULL,'Instituto Cibertec',NULL,'2016-05-19 00:22:56','2016-05-19 00:22:56','');

UNLOCK TABLES;

/*Table structure for table `entidad_subtipo` */

DROP TABLE IF EXISTS `entidad_subtipo`;

CREATE TABLE `entidad_subtipo` (
  `ensuID` int(11) unsigned NOT NULL AUTO_INCREMENT,
  `entp_ID` int(11) unsigned NOT NULL,
  `ensu_name` varchar(100) NOT NULL,
  `ensu_description` text,
  `ensu_date_created` datetime DEFAULT NULL,
  `ensu_date_modified` datetime DEFAULT NULL,
  `ensu_status` bit(1) NOT NULL DEFAULT b'1',
  PRIMARY KEY (`ensuID`),
  KEY `fk_entidad_subtipo_entidad_tipo_1` (`entp_ID`),
  CONSTRAINT `fk_entidad_subtipo_entidad_tipo_1` FOREIGN KEY (`entp_ID`) REFERENCES `entidad_tipo` (`entpID`)
) ENGINE=InnoDB AUTO_INCREMENT=27 DEFAULT CHARSET=utf8;

/*Data for the table `entidad_subtipo` */

LOCK TABLES `entidad_subtipo` WRITE;

insert  into `entidad_subtipo`(`ensuID`,`entp_ID`,`ensu_name`,`ensu_description`,`ensu_date_created`,`ensu_date_modified`,`ensu_status`) values (1,1,'Congreso',NULL,'2016-04-29 05:50:30','2016-04-29 05:50:30',''),(2,2,'Poder Judicial',NULL,'2016-04-29 05:50:30','2016-04-29 05:50:30',''),(3,3,'Organismo Constitucional Autonomo',NULL,'2016-04-29 05:50:30','2016-04-29 05:50:30',''),(4,4,'Despacho Presidencial',NULL,'2016-04-29 05:50:30','2016-04-29 05:50:30',''),(5,5,'Ministerio',NULL,'2016-04-29 05:50:30','2016-04-29 05:50:30',''),(6,6,'Organismo Público Ejecutor',NULL,'2016-04-29 05:50:30','2016-04-29 05:50:30',''),(7,6,'Universidad',NULL,'2016-04-29 05:50:30','2016-04-29 05:50:30',''),(8,6,'Beneficencia',NULL,'2016-04-29 05:50:30','2016-04-29 05:50:30',''),(9,6,'Hospital',NULL,'2016-04-29 05:50:30','2016-04-29 05:50:30',''),(10,6,'Fuerzas Armadas y Policiales',NULL,'2016-04-29 05:50:30','2016-04-29 05:50:30',''),(11,7,'Organismo Regulador',NULL,'2016-04-29 05:50:30','2016-04-29 05:50:30',''),(12,7,'Organismo Técnico Especializado',NULL,'2016-04-29 05:50:30','2016-04-29 05:50:30',''),(13,8,'Empresa pública',NULL,'2016-04-29 05:50:30','2016-04-29 05:50:30',''),(14,8,'Empresa pública - Agua Potable y Saneamiento',NULL,'2016-04-29 05:50:30','2016-04-29 05:50:30',''),(15,9,'Gobierno Regional',NULL,'2016-04-29 05:50:30','2016-04-29 05:50:30',''),(16,10,'Organismo publico local',NULL,'2016-04-29 05:50:30','2016-04-29 05:50:30',''),(17,11,'Municipalidad Provincial',NULL,'2016-04-29 05:50:30','2016-04-29 05:50:30',''),(18,11,'Municipalidad Distrital',NULL,'2016-04-29 05:50:30','2016-04-29 05:50:30',''),(19,12,'Mancomunidad',NULL,'2016-04-29 05:50:30','2016-04-29 05:50:30',''),(20,15,'MUNICIPALIDAD DE LIMA',NULL,'2016-04-29 16:39:44','2016-04-29 16:39:44',''),(21,16,'Otros',NULL,'2016-05-12 09:12:13','2016-05-12 09:12:15','');

UNLOCK TABLES;

/*Table structure for table `entidad_tipo` */

DROP TABLE IF EXISTS `entidad_tipo`;

CREATE TABLE `entidad_tipo` (
  `entpID` int(11) unsigned NOT NULL AUTO_INCREMENT,
  `entp_name` varchar(100) NOT NULL,
  `entp_description` varchar(255) DEFAULT NULL,
  `entp_date_created` datetime DEFAULT NULL,
  `entp_date_modified` datetime DEFAULT NULL,
  `entp_status` bit(1) NOT NULL DEFAULT b'1',
  PRIMARY KEY (`entpID`)
) ENGINE=InnoDB AUTO_INCREMENT=17 DEFAULT CHARSET=utf8;

/*Data for the table `entidad_tipo` */

LOCK TABLES `entidad_tipo` WRITE;

insert  into `entidad_tipo`(`entpID`,`entp_name`,`entp_description`,`entp_date_created`,`entp_date_modified`,`entp_status`) values (1,'Congreso',NULL,'2016-04-29 05:50:30','2016-04-29 05:50:30',''),(2,'Poder Judicial',NULL,'2016-04-29 05:50:30','2016-04-29 05:50:30',''),(3,'Organismo Constitucional Autonomo',NULL,'2016-04-29 05:50:30','2016-04-29 05:50:30',''),(4,'Despacho presidencial',NULL,'2016-04-29 05:50:30','2016-04-29 05:50:30',''),(5,'Ministerios',NULL,'2016-04-29 05:50:30','2016-04-29 05:50:30',''),(6,'Organismo Público Ejecutor',NULL,'2016-04-29 05:50:30','2016-04-29 05:50:30',''),(7,'Organismo Públicos Especializados',NULL,'2016-04-29 05:50:30','2016-04-29 05:50:30',''),(8,'Empresa Pública',NULL,'2016-04-29 05:50:30','2016-04-29 05:50:30',''),(9,'Gobierno Regional',NULL,'2016-04-29 05:50:30','2016-04-29 05:50:30',''),(10,'Organismo público',NULL,'2016-04-29 05:50:30','2016-04-29 05:50:30',''),(11,'Municipalidad',NULL,'2016-04-29 05:50:30','2016-04-29 05:50:30',''),(12,'Mancomunidad',NULL,'2016-04-29 05:50:30','2016-04-29 05:50:30',''),(15,'MUNICIPAL',NULL,'2016-04-29 16:39:44','2016-04-29 16:39:44',''),(16,'Otros',NULL,'2016-05-12 09:10:31','2016-05-12 09:10:35','');

UNLOCK TABLES;

/*Table structure for table `evaluacion` */

DROP TABLE IF EXISTS `evaluacion`;

CREATE TABLE `evaluacion` (
  `evalID` int(11) unsigned NOT NULL AUTO_INCREMENT,
  `prdo_ID` int(11) unsigned NOT NULL,
  `eval_record` int(2) unsigned NOT NULL,
  `eval_observation` text,
  `eval_level_satisfaction` int(3) unsigned DEFAULT NULL,
  `eval_date_created` datetime DEFAULT NULL,
  `eval_date_modified` datetime DEFAULT NULL,
  `eval_status` bit(1) NOT NULL DEFAULT b'1',
  PRIMARY KEY (`evalID`),
  KEY `fk_evaluacion_programa_docente_1` (`prdo_ID`),
  CONSTRAINT `fk_evaluacion_programa_docente_1` FOREIGN KEY (`prdo_ID`) REFERENCES `programa_docente` (`prdoID`)
) ENGINE=InnoDB DEFAULT CHARSET=utf8;

/*Data for the table `evaluacion` */

LOCK TABLES `evaluacion` WRITE;

UNLOCK TABLES;

/*Table structure for table `inscripcion` */

DROP TABLE IF EXISTS `inscripcion`;

CREATE TABLE `inscripcion` (
  `inscID` int(22) unsigned NOT NULL AUTO_INCREMENT,
  `part_ID` int(22) unsigned DEFAULT NULL,
  `prog_ID` int(11) unsigned NOT NULL,
  `insc_registry_data` text,
  `insc_request_number` varchar(60) NOT NULL,
  `insc_email_confirmed` bit(1) DEFAULT b'0',
  `insc_assistance` bit(1) DEFAULT b'0',
  `insc_time_assistance` time DEFAULT NULL,
  `insc_nota` int(2) unsigned DEFAULT NULL,
  `insc_satisfaction` int(3) unsigned DEFAULT NULL,
  `insc_date_created` datetime DEFAULT NULL,
  `insc_date_modified` datetime DEFAULT NULL,
  `insc_status` bit(1) DEFAULT b'1',
  PRIMARY KEY (`inscID`),
  KEY `fk_inscripcion_participantes_1` (`part_ID`),
  KEY `fk_inscripcion_capacitacion_programacion_fecha_1` (`prog_ID`),
  CONSTRAINT `fk_inscripcion_capacitacion_programacion_fecha_1` FOREIGN KEY (`prog_ID`) REFERENCES `programa` (`progID`),
  CONSTRAINT `fk_inscripcion_participantes_1` FOREIGN KEY (`part_ID`) REFERENCES `participantes` (`partID`)
) ENGINE=InnoDB AUTO_INCREMENT=492 DEFAULT CHARSET=utf8;

/*Data for the table `inscripcion` */

LOCK TABLES `inscripcion` WRITE;

insert  into `inscripcion`(`inscID`,`part_ID`,`prog_ID`,`insc_registry_data`,`insc_request_number`,`insc_email_confirmed`,`insc_assistance`,`insc_time_assistance`,`insc_nota`,`insc_satisfaction`,`insc_date_created`,`insc_date_modified`,`insc_status`) values (1,1,20,'','a094d1bb96956cfe73396e83d3e8560aff795d66','','','15:36:55',NULL,NULL,'2016-04-28 15:10:02','2016-05-02 15:37:12',''),(2,2,20,'','8b84c03a705c974f365a660909366f112f3a42a6','','\0',NULL,NULL,NULL,'2016-04-28 15:19:57','2016-04-28 15:21:39','\0'),(3,3,20,'','c1e4b6511e9c02b6c8673777ea3db0cda29b4cf5','','','15:36:55',NULL,NULL,'2016-04-28 15:21:21','2016-05-02 15:37:12',''),(4,4,20,'','962b6b8d4529f6016a9f9aef4d0ab9b1d5fd8c71','','','15:36:55',NULL,NULL,'2016-04-28 15:26:19','2016-05-02 15:37:12',''),(5,5,20,'','11c4e39072f2aaa8d592cade78bcd95ed19eb727','','','15:36:55',NULL,NULL,'2016-04-28 15:39:27','2016-05-02 15:37:12',''),(6,6,20,'','8b0fc8357c358500bbfbc2a523f6ade67aad1ec6','','','15:36:55',NULL,NULL,'2016-04-28 15:48:29','2016-05-02 15:37:12',''),(7,7,20,'','24641f471c77fa9c37a8b764192b379da4d1e710','','\0',NULL,NULL,NULL,'2016-04-28 16:01:51','2016-05-16 12:02:11',''),(8,8,20,'','1bc3b55425c5993511d6099322bc43ebb2e23455','','','15:36:55',NULL,NULL,'2016-04-28 16:07:43','2016-05-02 15:37:12',''),(9,9,20,'','b4ea398308639481be06e69041c3ab16a97598ec','','','15:36:55',NULL,NULL,'2016-04-28 16:09:06','2016-05-02 15:37:12',''),(10,10,20,'','81a2494ffaa4fc1a6838d9cca82187550cc3dda9','','','15:36:55',NULL,NULL,'2016-04-28 16:10:37','2016-05-02 15:37:12',''),(11,11,20,'','852fb5cf9bbf6670a7014b416b580ae6e7edc433','','','15:36:55',NULL,NULL,'2016-04-28 16:13:12','2016-05-02 15:37:12',''),(12,12,20,'','b3faad9d558da6137eab0fd02d4570abee543899','','','15:36:55',NULL,NULL,'2016-04-28 16:14:56','2016-05-02 15:37:12',''),(13,13,20,'','6daccc784b4a3744ce8223903a8bb4799f74113d','','','15:36:55',NULL,NULL,'2016-04-28 16:17:57','2016-05-02 15:37:12',''),(14,14,20,'','e3f33d6c748386b8cc783bc0396c888c4f022494','','','15:36:55',NULL,NULL,'2016-04-28 16:21:40','2016-05-16 12:00:24',''),(15,15,1,'','0ce362b608535cb66127df34e989ca2776b6faf6','','\0',NULL,NULL,NULL,'2016-04-29 08:46:40','2016-04-29 08:46:40',''),(16,16,20,'','4046d7c67a4343f5d23873c940148a65b8ea35f9','','','15:36:55',NULL,NULL,'2016-04-29 13:44:37','2016-05-02 15:37:12',''),(17,17,20,'','88ee04896b1655c7399c5282c6564a40700b9e7c','','','15:36:55',NULL,NULL,'2016-04-29 14:08:11','2016-05-02 15:37:12',''),(18,18,20,'','10f26901244f9689682830b25cb8fd4dd6cba770','','','15:36:55',NULL,NULL,'2016-04-29 14:15:52','2016-05-16 11:59:35',''),(19,19,20,'','d7a89647bfea95a23a88ee99609eebc4b2bb1bc2','','','15:36:55',NULL,NULL,'2016-04-29 14:19:11','2016-05-02 15:37:12',''),(20,20,20,'','939e036abb203f8109e1cda9b04ced24056477a1','','','15:36:55',NULL,NULL,'2016-04-29 14:25:18','2016-05-02 15:37:12',''),(21,21,20,'','f4403c502e6b65c54dff7511d323c2832dd074e6','','','15:36:55',NULL,NULL,'2016-04-29 14:27:56','2016-05-02 15:37:12',''),(22,22,20,'','7dec8b3f982641742c1397c0198460efd1a69563','','','14:00:00',NULL,NULL,'2016-04-29 14:33:18','2016-05-06 10:42:19',''),(23,23,20,'','0f6958caf9791db8e6f1c0d129fc8974725848f5','','','15:36:55',NULL,NULL,'2016-04-29 14:37:26','2016-05-02 15:37:12',''),(24,24,20,'','10094b7f14a86d991d6c893d6c067627c71ac915','','','15:36:55',NULL,NULL,'2016-04-29 14:42:54','2016-05-02 15:37:12',''),(25,25,20,'','d87953dd849a586d0a03d4e4a0fd37a9ec86fcf7','','','15:36:55',NULL,NULL,'2016-04-29 14:46:09','2016-05-02 15:37:12',''),(26,26,20,'','f50bee0e99820420b0c8db2cb2492723ea26e259','','','15:36:55',NULL,NULL,'2016-04-29 14:51:30','2016-05-16 12:00:24',''),(27,27,20,'','f1c3bafbf85f8268c486742f6adba6304bda92e1','','','15:36:55',NULL,NULL,'2016-04-29 14:56:21','2016-05-02 15:37:12',''),(28,28,20,'','c06414a07678a5af3a3aa79e86328515c1766165','','','15:36:55',NULL,NULL,'2016-04-29 14:59:54','2016-05-16 12:00:24',''),(29,29,20,'','7ca69ccc16c27a51d54daa1a6ba0b682c1cc8e27','','','15:36:55',NULL,NULL,'2016-04-29 15:04:02','2016-05-02 15:37:12',''),(30,30,20,'','54ab81f1632105997655282151fa96086500c65d','','','15:36:55',NULL,NULL,'2016-04-29 15:18:04','2016-05-02 15:37:12',''),(31,31,20,'','a2a0e9952e320cb25a8182ca981a89b77b0289c3','','','15:36:55',NULL,NULL,'2016-04-29 15:22:41','2016-05-02 15:37:12',''),(32,32,20,'','5fbaaa25d68f109989eaec9d7ce4ecb9e50ddc37','','','15:36:55',NULL,NULL,'2016-04-29 15:29:47','2016-05-02 15:37:12',''),(33,33,20,'','a2d2a07300fa1c1a3977065b30ebe3bb5cd87b70','','','15:36:55',NULL,NULL,'2016-04-29 15:35:19','2016-05-02 15:37:12',''),(34,34,20,'','bb31981448959d8684a3a4e9665beca1184112d5','','','15:36:55',NULL,NULL,'2016-04-29 15:57:40','2016-05-02 15:37:12',''),(35,35,20,'','d653eb74a8fe6c6f58615f0a1e59533af1bb094e','','','15:36:55',NULL,NULL,'2016-04-29 16:01:17','2016-05-02 15:37:12',''),(36,36,20,'','c35aa291fb05ee92116c9022067900963e32f25e','','','15:36:55',NULL,NULL,'2016-04-29 16:04:19','2016-05-02 15:37:12',''),(37,37,20,'','604e89bdf13cf56f5e567ffef42f1be765dddbdf','','','15:36:55',NULL,NULL,'2016-04-29 16:11:19','2016-05-02 15:37:12',''),(38,38,20,'','c150ccbfcc5ded31c00eac737467d6f33a1f064a','','','15:36:55',NULL,NULL,'2016-04-29 16:14:52','2016-05-02 15:37:12',''),(39,39,23,'','e3094edcc2be05fd51f9080fdb303514048acb60','','','08:30:00',NULL,NULL,'2016-05-02 16:10:37','2016-05-03 11:49:12','\0'),(40,40,25,'','e70541d2d00b8475811a12a52d3af730ffa24e90','','','17:00:00',15,NULL,'2016-05-09 14:09:39','2016-05-09 14:46:15',''),(41,41,25,'','0510b2f3cc8b13f2f0d5ea05b0759f7118e84179','','','17:00:00',10,NULL,'2016-05-10 12:36:29','2016-05-10 15:23:32',''),(42,42,25,'','a81a36ce026a49fbd344b2db59b920a292ea699e','','','17:00:00',NULL,NULL,'2016-05-10 15:26:47','2016-05-10 15:26:47',''),(43,43,26,'','53f5e01a88cfb72546caf176dd447039bcd2acc5','','','17:29:14',NULL,NULL,'2016-05-11 11:42:21','2016-05-16 15:21:05',''),(45,45,26,'','25531bc57c75e9775152b67e8989ece5a05736e5','','','17:29:14',NULL,NULL,'2016-05-11 11:45:35','2016-05-16 15:21:05',''),(46,46,26,'','e26d526c8146cd2c4b51f929df6aaad605ca957c','','','17:29:14',NULL,NULL,'2016-05-11 15:30:24','2016-05-16 15:21:05',''),(47,47,26,'','9a4c559b044b42927f329961cb4911c90703ef53','','','17:29:14',NULL,NULL,'2016-05-13 11:20:29','2016-05-16 15:21:05',''),(51,51,26,'','d73d1a8590124f65c9c0512dc4cd6a700532ce22','','','17:29:14',NULL,NULL,'2016-05-13 11:22:22','2016-05-16 15:21:05',''),(54,54,26,'','34ed93b553a4c506fba27a4d8213f92f5992a87d','','','17:29:14',NULL,NULL,'2016-05-13 11:23:00','2016-05-16 15:21:05',''),(55,55,26,'','3cb7ee570aa4277934b77f260283cc31cd9f265f','','','17:29:14',NULL,NULL,'2016-05-13 11:25:06','2016-05-16 15:21:05',''),(56,56,26,'','cc82ffdd51fa38f51f2d2b2c7240f7086e24d2f9','','','17:29:14',NULL,NULL,'2016-05-13 11:25:32','2016-05-16 15:21:05',''),(57,57,26,'','5b63b5b334b92f18c001bb5047913abef84ae4a0','','','17:29:14',NULL,NULL,'2016-05-13 11:25:56','2016-05-16 15:21:05',''),(58,58,26,'','5c47479ff4b44002fc3c28cd6678137adb260e02','','','17:29:14',NULL,NULL,'2016-05-13 11:27:34','2016-05-16 15:21:05',''),(63,63,26,'','11020ae715c7b18a7a7f33f3f692b97ce6625b23','','','17:29:14',NULL,NULL,'2016-05-13 11:31:00','2016-05-16 15:21:05',''),(68,68,26,'','699e7ccb1e894f8c464bfa0abb9ad0e9a367f2a4','','','17:29:14',NULL,NULL,'2016-05-13 11:32:55','2016-05-16 15:21:05',''),(72,72,26,'','a808dcc2e2e725420685211b3cdb4596480c679f','','','17:29:14',NULL,NULL,'2016-05-13 11:36:13','2016-05-16 15:21:05',''),(76,76,26,'','472a2f2e8ff5bd59c4b1456934e95562aef05f91','','','17:29:14',NULL,NULL,'2016-05-13 11:38:46','2016-05-16 15:21:05',''),(79,79,26,'','65d002b6b65add5de846e14d4ec412932a8e6062','','','17:29:14',NULL,NULL,'2016-05-13 11:39:24','2016-05-16 15:21:05',''),(82,82,26,'','0a8f16fee1e5bfa25e65ddef33d9de0ae4065f89','','','17:29:14',NULL,NULL,'2016-05-13 11:41:59','2016-05-16 15:21:05',''),(87,87,26,'','adf9773a1495a653d54f56ed2ba9b005eb69f275','','','17:29:14',NULL,NULL,'2016-05-13 11:43:55','2016-05-16 15:21:05',''),(92,92,26,'','46364e4fc366d191376bf1a52561c177f2ce3d1b','','','17:29:14',NULL,NULL,'2016-05-13 11:47:11','2016-05-16 15:21:05',''),(95,95,26,'','6a60aa4f963806912eccf6363a63798e7f50d3c3','','','17:29:14',NULL,NULL,'2016-05-13 11:47:55','2016-05-16 15:21:05',''),(100,100,26,'','c4abfa7c9459bc881227217dedd022e9da3f89a7','','','17:29:14',NULL,NULL,'2016-05-13 11:56:52','2016-05-16 15:21:05',''),(101,101,26,'','65e3ac220260e20c4eed9d30cd2af5479be503c8','','','17:29:14',NULL,NULL,'2016-05-13 11:58:45','2016-05-16 15:21:05',''),(104,104,26,'','4bbb605157f7bc0f5f7c27aa4d8a1d1f8f6efc97','','','17:29:14',NULL,NULL,'2016-05-13 12:00:32','2016-05-16 15:21:05',''),(108,108,26,'','f9283e1563fdcd447163551540858716bf7e77b6','','','17:29:14',NULL,NULL,'2016-05-13 12:02:58','2016-05-16 15:21:05',''),(110,110,26,'','06771481fad9ecbf2f2902eb9b720dde333d1600','','\0',NULL,NULL,NULL,'2016-05-13 12:05:42','2016-05-13 17:27:35','\0'),(113,113,26,'','eea27a3de15e75aa4bf3da7b5d431ed2b520bb90','','','17:29:14',NULL,NULL,'2016-05-13 12:07:58','2016-05-16 15:21:05',''),(116,116,26,'','7def4091a6449b4f217129362cc976f270e1e197','','','17:29:14',NULL,NULL,'2016-05-13 12:09:34','2016-05-16 15:21:05',''),(118,118,26,'','721ae815c6f0c628739cf3e0bd2d53c4bc624370','','','17:29:14',NULL,NULL,'2016-05-13 12:16:00','2016-05-16 15:21:05',''),(120,120,26,'','ad9a8f92c526f35bfc189323c9e03d33c89f6f70','','','17:29:14',NULL,NULL,'2016-05-13 12:17:17','2016-05-16 15:21:05',''),(122,122,26,'','eb6b6efc3a57f32efc0a1880df318f795e171085','','','17:29:14',NULL,NULL,'2016-05-13 12:18:23','2016-05-16 15:21:05',''),(125,125,26,'','a6afd23a8960c1b27a3e8dc9a7c7e385379bc275','','','17:29:14',NULL,NULL,'2016-05-13 12:42:51','2016-05-16 15:21:05',''),(126,126,26,'','5acfba9fac5e0c0d7d5a759ed8629f371d066abc','','','17:29:14',NULL,NULL,'2016-05-13 12:57:52','2016-05-16 15:21:05',''),(128,128,26,'','20752c0ccdda69a3b29e19ba55a4d4b5fab40809','','','17:29:14',NULL,NULL,'2016-05-13 13:00:53','2016-05-16 15:21:05',''),(130,130,26,'','0221b1157adc8c330fd4e04fa6a7c048088f29c8','','','17:29:14',NULL,NULL,'2016-05-13 14:13:43','2016-05-16 15:21:05',''),(132,132,26,'','be6ddad29a65dab7939dc76d587a4f053533e504','','','17:29:14',NULL,NULL,'2016-05-13 14:20:26','2016-05-16 15:21:05',''),(137,137,26,'','60495ea0ff4435c318e4c543b26b6490325600b5','','','17:29:14',NULL,NULL,'2016-05-13 14:32:26','2016-05-16 15:21:05',''),(138,138,26,'','f8d5a452b0f0c88d9d57d297286fe73ff412d9c1','','','17:29:14',NULL,NULL,'2016-05-13 14:35:31','2016-05-16 15:21:05',''),(139,139,26,'','266a973b0e962f1b04a84873ff5b97c578bc0cf3','','\0',NULL,NULL,NULL,'2016-05-13 14:59:06','2016-05-13 17:23:13','\0'),(140,140,26,'','701e96800655bffe5399cf33eb87373ae2558efc','','','17:29:14',NULL,NULL,'2016-05-13 15:02:22','2016-05-16 15:21:05',''),(141,141,26,'','4b3c90f254a6119590373b266297496480d5fb63','','','17:29:14',NULL,NULL,'2016-05-13 15:05:47','2016-05-16 15:21:05',''),(143,143,26,'','61e39b23296a8aae29bea03f37e42bf49da9e914','','','17:29:14',NULL,NULL,'2016-05-13 15:18:38','2016-05-16 15:21:05',''),(146,146,26,'','def347fa57726eb20941a857945251aac229fd23','','','17:29:14',NULL,NULL,'2016-05-13 15:33:25','2016-05-16 15:21:05',''),(147,147,26,'','9bed8c73da1900c19241e6c1894d10cdfe3398e9','','','17:29:14',NULL,NULL,'2016-05-13 15:50:18','2016-05-16 15:21:05',''),(152,139,26,'','b167a138de9cfa03cdd95341e14b552d5e1d612b','','','17:29:14',NULL,NULL,'2016-05-13 17:24:44','2016-05-16 15:21:05',''),(159,110,26,'','9cedf1fd92968b05f31011e072e72157b468cdcf','','','17:29:14',NULL,NULL,'2016-05-13 17:27:39','2016-05-16 15:21:05',''),(160,158,27,'','65a3006e3aa8b582f15bc6736325b7175ba7fc65','','','16:09:27',NULL,NULL,'2016-05-13 17:29:45','2016-05-16 16:09:27',''),(171,169,27,'','fa6c6ee20d516f2e3056cb3fddc4fb9156d30af1','','','16:09:27',NULL,NULL,'2016-05-13 17:40:03','2016-05-16 16:09:27',''),(174,172,27,'','7f23ff8f90984559f40f86e64a5758d810d833e3','','','16:09:27',NULL,NULL,'2016-05-13 17:48:18','2016-05-16 16:09:27',''),(190,188,27,'','e4fff6df0ff3225c9c256324804033aa5be85800','','','16:09:27',NULL,NULL,'2016-05-13 17:53:55','2016-05-16 16:09:27',''),(206,204,27,'','7709e219dfea48ef73e7f00a69a93bd8546d6d2f','','','16:09:27',NULL,NULL,'2016-05-13 18:07:56','2016-05-16 16:09:27',''),(230,228,27,'','281a8b14b6dd05a1d47c8f6fc0af7d6a3574c498','','','16:09:27',NULL,NULL,'2016-05-14 19:37:39','2016-05-16 16:09:27',''),(231,229,27,'','f227229b6c2023a113a85b2e7ddb7ccb386804cf','','','16:09:27',NULL,NULL,'2016-05-15 15:09:05','2016-05-16 16:09:27',''),(232,230,27,'','89b72adf85b8b02ec03a2c200a9d2e6a3a1510eb','','','16:09:27',NULL,NULL,'2016-05-15 17:27:25','2016-05-16 16:09:27',''),(233,231,27,'','4563fda8220514262f41e8976c865e6f6e9625b0','','','16:09:27',NULL,NULL,'2016-05-15 22:11:55','2016-05-16 16:13:49','\0'),(234,232,27,'','601773626f9aaa7ed2d316189b5861d7dd3023a7','','','16:09:27',NULL,NULL,'2016-05-16 08:14:45','2016-05-16 16:09:27',''),(235,233,24,'','bf982fb4c0587019efde61c648d7dff70b1184b2','','','15:00:00',NULL,NULL,'2016-05-16 08:26:29','2016-05-16 08:26:29',''),(236,234,24,'','813807fec81b0618c18388534bc074885e58bf5d','','','15:00:00',NULL,NULL,'2016-05-16 08:29:49','2016-05-16 08:29:49',''),(237,235,24,'','733143a3740a120c5ccd3fb0be8abeeb48786ddf','','','15:00:00',NULL,NULL,'2016-05-16 08:40:06','2016-05-16 08:40:06',''),(238,236,27,'','25b9dc2548c6540d207751ca639dedbaf03cbb0d','','','16:09:27',NULL,NULL,'2016-05-16 08:42:41','2016-05-16 16:09:27',''),(239,237,24,'','f4a827c292cb8e3bc7b8bb34347277185d4e1c56','','','15:00:00',NULL,NULL,'2016-05-16 08:43:22','2016-05-16 08:43:22',''),(240,238,24,'','31cc33afa16034540a03a69e88e67f4c0824b199','','','15:00:00',NULL,NULL,'2016-05-16 08:45:05','2016-05-16 08:45:05',''),(241,239,27,'','48d87da6a3b9b69b283927c350539934e64618dc','','','16:09:27',NULL,NULL,'2016-05-16 08:47:36','2016-05-16 16:09:27',''),(242,240,24,'','8a9d659ed6567fa32a115ede54d40e5301a51498','','','15:00:00',NULL,NULL,'2016-05-16 08:47:40','2016-05-16 08:47:40',''),(243,241,24,'','026cc6333cf36576f76713f89fb32f53b7270e2e','','','15:00:00',NULL,NULL,'2016-05-16 09:03:17','2016-05-16 09:03:17',''),(244,242,24,'','a46d457173f0c31446b8f18df82b7dab02912ad5','','','15:00:00',NULL,NULL,'2016-05-16 09:06:35','2016-05-16 09:06:35',''),(245,243,24,'','e36c04bce2476c7f133059f905249c4e1d73630c','','','15:00:00',NULL,NULL,'2016-05-16 09:10:23','2016-05-16 09:10:23',''),(246,244,24,'','d738e5b248b657100ea38d6289b4057a4198ce5a','','','15:00:00',NULL,NULL,'2016-05-16 09:12:29','2016-05-16 09:12:29',''),(247,245,24,'','8713faf5170c94cd333f8746dc35a2b72ff153f8','','','15:00:00',NULL,NULL,'2016-05-16 09:15:03','2016-05-16 09:15:03',''),(248,246,24,'','0a29e089c7c9dc72c7c5f4a12aca7b61269f5e79','','','15:00:00',NULL,NULL,'2016-05-16 09:26:47','2016-05-16 09:26:47',''),(249,247,27,'','419863ea0a8d61d0c5821dcc942e5c6b43fe00f2','','','16:09:27',NULL,NULL,'2016-05-16 09:35:16','2016-05-16 16:09:27',''),(250,248,24,'','91e1793c031c1be60478f5e32bdeab6da19f3198','','','15:00:00',NULL,NULL,'2016-05-16 09:43:41','2016-05-16 09:43:41',''),(251,249,24,'','777ffe29ac17c4d6becc1c28995e73acfdde47a2','','','15:00:00',NULL,NULL,'2016-05-16 09:49:49','2016-05-16 09:49:49',''),(252,250,27,'','a7606fd5716c435b1a56b59d8b05292976a4cb3b','','','16:09:27',NULL,NULL,'2016-05-16 09:54:05','2016-05-16 16:09:27',''),(253,251,24,'','716906af663a0af8d2b2364dc3484d259b012f35','','','15:00:00',NULL,NULL,'2016-05-16 09:55:41','2016-05-16 09:55:41',''),(254,252,24,'','5ce397fe9d6cdc75f79fbef1b5ea8a04cc8fb2a9','','','15:00:00',NULL,NULL,'2016-05-16 09:58:09','2016-05-16 09:58:09',''),(255,253,24,'','465958c8c416b170fd8d4a22564caf8e83660bf9','','','15:00:00',NULL,NULL,'2016-05-16 10:00:27','2016-05-16 10:00:27',''),(256,254,24,'','fcf028073f35f60e07075df86f49b55d465fabd3','','','15:00:00',NULL,NULL,'2016-05-16 10:04:54','2016-05-16 10:04:54',''),(257,255,24,'','533722b4f58c0ce864c474a8ed8394eaed90b596','','','15:00:00',NULL,NULL,'2016-05-16 10:06:47','2016-05-16 10:06:47',''),(258,256,24,'','65fc25996ded470e00b93322efcd8041b54489df','','','15:00:00',NULL,NULL,'2016-05-16 10:11:35','2016-05-16 10:11:35',''),(259,257,24,'','2d09262b339eddc1e3b7b3f21601d0fb486f56ea','','','15:00:00',NULL,NULL,'2016-05-16 10:15:16','2016-05-16 10:15:16',''),(260,258,24,'','f12cfbf6f467d17a3ec2d137d489d54417e287f8','','','15:00:00',NULL,NULL,'2016-05-16 10:28:14','2016-05-16 10:28:14',''),(261,259,24,'','97c8f5487176a6c315f11662a1053b92474e7bdd','','','15:00:00',NULL,NULL,'2016-05-16 10:30:53','2016-05-16 10:30:53',''),(262,260,24,'','1f21eda53d58841773d020d25c7f24d8db43fcd7','','','15:00:00',NULL,NULL,'2016-05-16 10:33:21','2016-05-16 10:33:21',''),(263,261,24,'','5759b12c30853194409804e3b083791bbd8d07a5','','','15:00:00',NULL,NULL,'2016-05-16 10:35:50','2016-05-16 10:35:50',''),(264,262,24,'','d8d1cb03d8d4e46fd1bddd3e1b1789e31b524bde','','','15:00:00',NULL,NULL,'2016-05-16 10:38:24','2016-05-16 10:38:24',''),(265,263,24,'','8a8621d767dedf3c003e97a51053e2918a5a343a','','','15:00:00',NULL,NULL,'2016-05-16 10:39:42','2016-05-16 10:39:42',''),(266,33,27,'','377ce444cb4f000a9bc189d5977144a873bb9e9c','','\0',NULL,NULL,NULL,'2016-05-16 10:40:45','2016-05-16 10:47:31','\0'),(267,264,24,'','171aedc841b8278136293b7ca3c026e3e4fc4626','','','15:00:00',NULL,NULL,'2016-05-16 10:41:56','2016-05-16 10:41:56',''),(268,265,27,'','4b3e2b2c35a2fbf388e0b4261924c50bcee79172','','','16:09:27',NULL,NULL,'2016-05-16 10:45:00','2016-05-16 16:09:27',''),(269,266,24,'','1a9d156f51b7f49e80d6736a93af3009016121f6','','','15:00:00',NULL,NULL,'2016-05-16 10:45:27','2016-05-16 10:45:27',''),(270,267,24,'','63104dba0bfdb9436883b1826901c57bfad906d1','','','15:00:00',NULL,NULL,'2016-05-16 10:47:44','2016-05-16 10:47:44',''),(271,33,27,'','81087263604b04543bb97a3686cdf2f98b98cd1d','','','16:09:27',NULL,NULL,'2016-05-16 10:48:02','2016-05-16 16:09:27',''),(272,268,24,'','2047066d5b0c4f5cbab45bd447db41a5fec10569','','','15:00:00',NULL,NULL,'2016-05-16 10:51:19','2016-05-16 10:51:19',''),(273,32,27,'','e6670c21222c3a6dd5a466e07cda7dab0eb975bb','','','16:09:27',NULL,NULL,'2016-05-16 10:52:16','2016-05-16 16:09:27',''),(274,31,27,'','26240bef8720d7564332d3d033a516de192fb8b6','','','16:09:27',NULL,NULL,'2016-05-16 10:52:53','2016-05-16 16:09:27',''),(275,269,24,'','3d16f1f68650f85c4b6c42eda02d55a368ff1e3a','','','15:00:00',NULL,NULL,'2016-05-16 10:53:26','2016-05-16 10:53:26',''),(276,270,24,'','20736d35b4720d8c08c19bb52a5afe5cb70cceed','','','15:00:00',NULL,NULL,'2016-05-16 10:55:23','2016-05-16 10:55:23',''),(277,271,24,'','35c7022bd41cf49e53d12efb47e7772e5c1dc7a7','','','15:00:00',NULL,NULL,'2016-05-16 10:58:07','2016-05-16 10:58:07',''),(278,272,24,'','e917753f55f89c447a5be0aafb293d92f475d180','','','15:00:00',NULL,NULL,'2016-05-16 11:01:50','2016-05-16 11:01:50',''),(279,273,24,'','9cacc2381949e3809bb8356d8c1b31cdc84fb258','','','15:00:00',NULL,NULL,'2016-05-16 11:05:31','2016-05-16 11:05:31',''),(280,274,24,'','1af0e93db45e189074c30e145f358bc286e46edc','','','15:00:00',NULL,NULL,'2016-05-16 11:08:00','2016-05-16 11:08:00',''),(281,275,24,'','66780d05e6fe40b758e76c75ba8d742c0345226f','','','15:00:00',NULL,NULL,'2016-05-16 11:09:45','2016-05-17 18:33:53',''),(282,276,24,'','3bc619c3ddce035130ec3177bf6d095e3af38846','','','15:00:00',NULL,NULL,'2016-05-16 11:12:00','2016-05-16 11:12:00',''),(283,277,24,'','51f893bb92e6e3803308a6d4451eca6b58b7be27','','','15:00:00',NULL,NULL,'2016-05-16 11:15:57','2016-05-16 11:15:57',''),(284,278,24,'','a493bfe5e506f62bc669ebc17019d6b93caa1052','','','15:00:00',NULL,NULL,'2016-05-16 11:25:04','2016-05-16 11:25:04',''),(285,279,24,'','c1ab644d25a7785c58ed2edcc1dff70f4e712a1f','','','15:00:00',NULL,NULL,'2016-05-16 11:28:38','2016-05-16 11:28:38',''),(286,280,24,'','edbe217a04a2b8c05e1adeea7e903b70741ec0e0','','','15:00:00',NULL,NULL,'2016-05-16 11:52:14','2016-05-16 11:52:14',''),(287,281,24,'','75f994a7efaa4bbf5e6a4b880c29580523d8b447','','','15:00:00',NULL,NULL,'2016-05-16 11:54:42','2016-05-16 11:54:42',''),(288,282,24,'','1810bbe87523a7ef9424342bb79ac7a15696736b','','','15:00:00',NULL,NULL,'2016-05-16 12:04:01','2016-05-16 12:04:01',''),(289,190,27,'','c981da344036680d6c6d89562db72cb339fbdda0','','','16:09:27',NULL,NULL,'2016-05-16 12:05:28','2016-05-16 16:09:27',''),(290,283,24,'','03e5e6a1bea1a848d7c67f343d2129e9e52e145c','','','15:00:00',NULL,NULL,'2016-05-16 12:09:40','2016-05-16 12:09:40',''),(291,284,27,'','8fd7afa869732ad3fb57fdb592407b7f52822ef5','','','14:00:00',NULL,NULL,'2016-05-16 12:10:11','2016-05-16 12:54:24','\0'),(292,285,24,'','b458e8255a5e937a737cfc6a70d7d7cb14ae6ad9','','','15:00:00',NULL,NULL,'2016-05-16 12:12:53','2016-05-16 12:12:53',''),(293,286,24,'','c5bcd0ab771b9033f33deffaba152eb2cfb78400','','','15:00:00',NULL,NULL,'2016-05-16 12:15:19','2016-05-16 12:15:19',''),(294,287,24,'','e070371a9acdfa2263d99e6c73b463de25d8c7ad','','','15:00:00',NULL,NULL,'2016-05-16 12:18:29','2016-05-16 12:18:29',''),(295,288,24,'','1cd461a43cda443741b7e5a88249dd21d6d9bb1f','','','15:00:00',NULL,NULL,'2016-05-16 12:23:08','2016-05-16 12:23:08',''),(296,289,27,'','2f5bc77a14fc9d77decec9a0e63138de8b94139b','','','16:09:27',NULL,NULL,'2016-05-16 12:28:10','2016-05-16 16:09:27',''),(297,290,27,'','6e750d4243f93bec75fe864d3f99946a98589a6a','','','16:09:27',NULL,NULL,'2016-05-16 14:03:11','2016-05-16 16:09:27',''),(298,160,27,'','9b8e0ff73351048355c29e072e410f2a58c0a415','','','16:09:27',NULL,NULL,'2016-05-16 14:03:32','2016-05-16 16:09:27',''),(299,291,27,'','7c922db0751daa1e29830c01bfc39c19bd8c3703','','','16:09:27',NULL,NULL,'2016-05-16 14:15:06','2016-05-16 16:09:27',''),(300,292,27,'','dc83b0cc263d104b52624654615bcbff04205a23','','','16:09:27',NULL,NULL,'2016-05-16 14:18:06','2016-05-16 16:09:27',''),(301,293,27,'','8a198a48bc41ee44c46df4281cd5203e31d9e251','','','16:09:27',NULL,NULL,'2016-05-16 14:19:55','2016-05-16 16:09:27',''),(302,294,27,'','3e0b4ae77bfbfe30fbff5cdb15eaa02c22ae71bb','','','16:09:27',NULL,NULL,'2016-05-16 14:21:25','2016-05-16 16:09:27',''),(303,178,27,'','81baf71712f6e33499fcadf100b5a133ef4ac03f','','','16:09:27',NULL,NULL,'2016-05-16 14:22:18','2016-05-16 16:09:27',''),(304,295,27,'','90646f20f020a7e1ae62c7594a0cd36f7dcc8e28','','','16:09:27',NULL,NULL,'2016-05-16 14:23:41','2016-05-16 16:09:27',''),(305,148,27,'','025f2a5db9e03cbbd8caf1af2a60a1ac715b5f43','','','16:09:27',NULL,NULL,'2016-05-16 14:24:10','2016-05-16 16:09:27',''),(306,296,27,'','5892eb6f7f0010db85f3b85db3b04dbeac73231e','','','16:09:27',NULL,NULL,'2016-05-16 14:26:44','2016-05-16 16:09:27',''),(307,297,27,'','5b7ac03bcb1a6b23b3caab538eb6a9d5ff4a8478','','','16:09:27',NULL,NULL,'2016-05-16 14:27:42','2016-05-16 16:09:27',''),(308,298,24,'','40b652b73bafcaf8140b93bc98292f3c3a978f1d','','','15:00:00',NULL,NULL,'2016-05-16 14:35:27','2016-05-16 14:35:27',''),(309,299,27,'','93e5821f86218cd343cfa781732a45b04b7b1d74','\0','\0',NULL,NULL,NULL,'2016-05-16 14:36:19','2016-05-16 14:41:45','\0'),(310,300,27,'','e1ead4994e0504cbb5ecca245f0d4dd15e06dcc4','\0','\0',NULL,NULL,NULL,'2016-05-16 14:38:24','2016-05-16 14:42:58','\0'),(311,301,24,'','92aa83b0241a3d76c642154020cc0d1726fff130','','','15:00:00',NULL,NULL,'2016-05-16 14:38:26','2016-05-16 14:38:26',''),(312,302,24,'','e684fd4508896772e092e758cdc75a81445abcff','','','15:00:00',NULL,NULL,'2016-05-16 14:40:58','2016-05-16 14:40:58',''),(313,303,24,'','03f22cd4405a5a9fe90b39f465324821ff245842','','','15:00:00',NULL,NULL,'2016-05-16 14:43:34','2016-05-16 14:43:34',''),(314,304,27,'','464d9bc14896529b6add194e0272f6b56ddd5353','','','16:09:27',NULL,NULL,'2016-05-16 14:44:38','2016-05-16 16:09:27',''),(315,305,24,'','524f9f6476409f556db617ca77a09f13eb6ff8c6','','','15:00:00',NULL,NULL,'2016-05-16 14:46:39','2016-05-16 14:46:39',''),(316,306,24,'','11d516069386557809c75058a93ce52f1a144147','','','15:00:00',NULL,NULL,'2016-05-16 14:52:31','2016-05-16 14:52:31',''),(317,307,24,'','2ef5da448a8308b372ff834b82086f076b6d87cf','','','15:00:00',NULL,NULL,'2016-05-16 14:55:41','2016-05-16 14:55:41',''),(318,308,27,'','ee58decd23ec9f87a2b18c1736871a0f92632c00','','','16:09:27',NULL,NULL,'2016-05-16 15:00:14','2016-05-16 16:09:27',''),(319,309,24,'','5ad772c0b7ccf932c13a7dc164525841765409c5','','','15:00:00',NULL,NULL,'2016-05-16 15:01:14','2016-05-16 15:01:14',''),(320,310,27,'','ff8cd88dad26bdc5f5eadb4219fb1614dd278584','','','16:09:27',NULL,NULL,'2016-05-16 15:03:30','2016-05-16 16:09:27',''),(321,311,24,'','ccb4ddbfec7d7d2337c9fbc785cca9b2437515ff','','','15:00:00',NULL,NULL,'2016-05-16 15:04:13','2016-05-16 15:04:13',''),(322,312,27,'','443dba60f687281adcb6aff67b1ee34e2addcb74','','','16:09:27',NULL,NULL,'2016-05-16 15:07:16','2016-05-16 16:09:27',''),(323,313,24,'','655aeca5b953c8630d9c0a69346917265a717586','','','15:00:00',NULL,NULL,'2016-05-16 15:13:29','2016-05-16 15:13:29',''),(324,314,27,'','5ff717f6e363bb728caa984155f8a5f0706d98d3','','','16:09:27',NULL,NULL,'2016-05-16 15:14:06','2016-05-16 16:09:27',''),(325,315,27,'','6033a3be8da54725a70679ec91ece4267bb79481','','','16:09:27',NULL,NULL,'2016-05-16 15:17:02','2016-05-16 16:09:27',''),(326,316,24,'','82ea3aff800ac461e16e97fa3fc147a48e10f5fb','','','15:00:00',NULL,NULL,'2016-05-16 15:18:33','2016-05-16 15:18:33',''),(327,317,27,'','bde6d3a03e117b360b2a102dc5b745fa1d563bdd','','','16:09:27',NULL,NULL,'2016-05-16 15:19:48','2016-05-16 16:09:27',''),(328,318,27,'','d50b306bac63bdbc6c4ef1f972a4d35aaff70eae','','','16:09:27',NULL,NULL,'2016-05-16 15:22:26','2016-05-16 16:13:59','\0'),(330,320,27,'','152595b02297e4a702ce6b3b8cc1c2694d31a8f6','','','16:09:27',NULL,NULL,'2016-05-16 15:30:06','2016-05-16 16:09:27',''),(331,321,24,'','38a6d7e06fa325ad51f29070ab5bab888c82ffe6','','','15:00:00',NULL,NULL,'2016-05-16 15:30:18','2016-05-16 15:30:18',''),(332,322,24,'','9898df995b61e887685bd7d178fa612c0889dba0','','','15:00:00',NULL,NULL,'2016-05-16 15:33:03','2016-05-16 15:33:03',''),(333,323,27,'','6f8547abb3e0ea3e2edb99bf5d62e71470e1bb2b','','','16:09:27',NULL,NULL,'2016-05-16 15:34:54','2016-05-16 16:09:27',''),(334,324,24,'','e6f6d614afaebfa1a22dc4185b63b62e7313c587','','','15:00:00',NULL,NULL,'2016-05-16 15:37:53','2016-05-16 15:37:53',''),(335,325,27,'','480e51e09da828c1fc1160c310fc1f03c665bf5e','','','16:09:27',NULL,NULL,'2016-05-16 15:40:23','2016-05-16 16:09:27',''),(336,326,24,'','83657f958aaf8529f4abf04ec1d53cf1dce04d60','','','15:00:00',NULL,NULL,'2016-05-16 15:42:06','2016-05-16 15:42:06',''),(337,327,24,'','7d77b7cea7e4101b811fc63ae1ac3223db12370d','','','15:00:00',NULL,NULL,'2016-05-16 15:47:51','2016-05-16 15:47:51',''),(338,328,24,'','ad2651cc4bec4c6e4649bc017144860074c36d6e','','','15:00:00',NULL,NULL,'2016-05-16 16:05:34','2016-05-16 16:05:34',''),(339,329,24,'','a3535d0e35d91e11e8c1b558190cd0e55384d045','','','15:00:00',NULL,NULL,'2016-05-16 16:12:44','2016-05-16 16:12:44',''),(340,330,27,'','882f0a0e35b99a3f51119f089e3c0d0423b32452','','','16:33:46',NULL,NULL,'2016-05-16 16:22:19','2016-05-16 16:33:46',''),(341,331,27,'','2ae7f4dce9273ec77b3a74914e26701e2c37c9ec','','','16:33:46',NULL,NULL,'2016-05-16 16:25:30','2016-05-16 16:33:46',''),(342,332,27,'','c07122414cf36ca6e2f7f4f6ea4c0e3d13d572c8','','','16:33:46',NULL,NULL,'2016-05-16 16:25:46','2016-05-16 16:33:46',''),(343,333,27,'','740e1c4bcee5c5fafd7203f84438ca9f2c09e379','','','16:33:46',NULL,NULL,'2016-05-16 16:28:50','2016-05-16 16:33:46',''),(344,334,27,'','fe5192d2c31de3208a3af01b9f0455d5a30d5669','','','16:45:11',NULL,NULL,'2016-05-16 16:30:31','2016-05-16 16:45:11',''),(345,335,27,'','e617cbe429c37b2da053dca3edbf2d8ce8688789','','','16:45:11',NULL,NULL,'2016-05-16 16:32:43','2016-05-16 16:45:11',''),(346,336,27,'','742277e97e01b0210af9365f8f2892a1e9325a9b','','','16:45:11',NULL,NULL,'2016-05-16 16:34:43','2016-05-16 16:45:11',''),(347,337,27,'','e9989c85d0849945fe357ef801161b620236ae36','','','16:45:11',NULL,NULL,'2016-05-16 16:35:44','2016-05-16 16:45:11',''),(348,338,27,'','1b9cc63454bcde3b9913eab3f8be42e9dc9afd54','','','16:45:11',NULL,NULL,'2016-05-16 16:36:03','2016-05-16 16:45:11',''),(349,339,27,'','e90c874b96715ffb9e16df76dc1f77f220bb7e6a','','','16:45:11',NULL,NULL,'2016-05-16 16:37:42','2016-05-16 16:45:11',''),(350,340,27,'','fdd48b979bddbaf13fa2b24010b20d73032ef1e0','','','16:45:11',NULL,NULL,'2016-05-16 16:37:45','2016-05-16 16:45:11',''),(351,341,27,'','ec0e98d290c6bd6261246d4f977e2c4f70fd7e77','','','16:45:11',NULL,NULL,'2016-05-16 16:40:55','2016-05-16 16:45:11',''),(352,342,27,'','fdeb9dd73446328f21fa8f2a8b07eac6f328f93d','','','16:47:30',NULL,NULL,'2016-05-16 16:43:28','2016-05-16 16:47:30',''),(353,343,27,'','c7590649b946cd3f1012080f50636ee3fb97b73f','','','16:47:30',NULL,NULL,'2016-05-16 16:44:18','2016-05-16 16:47:30',''),(354,344,27,'','19c501c2cc33be821b57ea0a74a4f562c70e38fd','','','17:26:20',NULL,NULL,'2016-05-16 17:22:39','2016-05-16 17:26:20',''),(355,345,27,'','03f2d71b6ff7c169e9e4e2b51a6c8a90622b67aa','','','17:26:20',NULL,NULL,'2016-05-16 17:25:31','2016-05-16 17:26:20',''),(356,346,27,'','968f5d71808f9580ba6326cd6f7ac51755450eb0','','','14:00:00',NULL,NULL,'2016-05-16 17:47:43','2016-05-17 18:27:21',''),(357,347,27,'','b46b44360f4e429a8ed85f23a1d861fdfe68a3a4','','','14:00:00',NULL,NULL,'2016-05-16 17:48:44','2016-05-17 18:27:21',''),(358,348,27,'','1ba2ce7f0b5045d8473c662d4781de70e551f8c5','','','14:00:00',NULL,NULL,'2016-05-17 09:47:33','2016-05-17 09:47:33',''),(359,349,27,'','820f79b0b7a70aeaa996dc24a75fc5fb1b0f309d','','','14:00:00',NULL,NULL,'2016-05-17 10:17:03','2016-05-17 18:27:21',''),(360,350,20,'','7cafe05f9442a22fc99d8a2b2407a20467867e88','','\0',NULL,NULL,NULL,'2016-05-17 10:23:56','2016-05-20 09:13:26','\0'),(361,351,20,'','634ea493819833629b32b85e5eedf17b6e85f73b','','\0',NULL,NULL,NULL,'2016-05-17 10:32:44','2016-05-20 09:08:36','\0'),(362,352,20,'','0c821f15c14bd3c301c405257bbdd4c4dfee908a','','\0',NULL,NULL,NULL,'2016-05-17 10:34:46','2016-05-20 09:14:00','\0'),(363,353,20,'','0f6ada6ae829498e552c18465f9ec853bde958e8','','\0',NULL,NULL,NULL,'2016-05-17 19:09:18','2016-05-20 09:09:49','\0'),(364,354,20,'','1305ad74bd2966eb0611dc223e1cbb4625f8256c','','\0',NULL,NULL,NULL,'2016-05-17 19:25:49','2016-05-20 09:14:04','\0'),(365,355,20,'','3c86af0b035a11b0b62d67db97ab64425d2938c0','','\0',NULL,NULL,NULL,'2016-05-18 11:49:46','2016-05-20 09:12:20','\0'),(366,356,20,'','98d35aa7abb4c966fd8f52ef97a21a8b5f10df18','','\0',NULL,NULL,NULL,'2016-05-19 16:28:13','2016-05-19 16:28:13',''),(367,357,20,'','bf7bf5ebe611db4ac394086f257e87118bda366d','','\0',NULL,NULL,NULL,'2016-05-19 16:29:58','2016-05-20 09:10:29','\0'),(368,358,20,'','65f75150bc0fd9b3a5796b6d538d1a5a2407dba8','','\0',NULL,NULL,NULL,'2016-05-19 16:31:35','2016-05-20 09:12:08','\0'),(369,359,20,'','24c9309064379514c90ef454c9594f4a6a62b4c2','','\0',NULL,NULL,NULL,'2016-05-19 16:35:06','2016-05-20 09:08:55','\0'),(370,360,20,'','fa9ed5fa03bc98caec45412f029707a2113c4a5c','','\0',NULL,NULL,NULL,'2016-05-19 16:37:44','2016-05-20 09:13:42','\0'),(371,361,20,'','30cd6d34c76f26d43b79bf71967618a412f293cf','','\0',NULL,NULL,NULL,'2016-05-19 16:40:42','2016-05-20 09:11:10','\0'),(372,362,20,'','4dc9faf681c1ffb72ec21305273451084f04b83c','','\0',NULL,NULL,NULL,'2016-05-19 16:42:53','2016-05-20 09:12:02','\0'),(373,363,20,'','d550c4e6162f770eca0c953cc05e0320b9ac998a','','\0',NULL,NULL,NULL,'2016-05-20 07:49:56','2016-05-20 09:13:14','\0'),(374,364,20,'','73fce32fc63ff74bf9185938f1204e5a70281f88','','\0',NULL,NULL,NULL,'2016-05-20 07:52:58','2016-05-20 09:10:58','\0'),(375,365,20,'','ace12a67851e3b6462587f0e17137bad87b3fca0','','\0',NULL,NULL,NULL,'2016-05-20 08:40:05','2016-05-20 09:11:51','\0'),(376,68,20,'','12730c405da2d88008efa3166c8cdafefda9ea99','','\0',NULL,NULL,NULL,'2016-05-20 08:44:55','2016-05-20 09:10:19','\0'),(377,356,26,'','c835237f4b13f342957457b04593f0aca3701f86','','\0',NULL,NULL,NULL,'2016-05-20 08:52:10','2016-05-20 08:52:10',''),(378,357,26,'','31cfad902830be266d84dfea25770c6a3d28e235','','\0',NULL,NULL,NULL,'2016-05-20 08:54:28','2016-05-20 08:54:28',''),(379,358,26,'','31d302d71ae6c5bc1d3bbb8fb356f76b2c91dae9','','\0',NULL,NULL,NULL,'2016-05-20 08:54:45','2016-05-20 08:54:45',''),(380,359,26,'','2b93efd5956366df8229ca2648f8c6a2a3c104bf','','\0',NULL,NULL,NULL,'2016-05-20 08:55:08','2016-05-20 08:55:08',''),(381,360,26,'','d7727656d3c91d6e791c88d7f37af2bf9f48fd1a','','\0',NULL,NULL,NULL,'2016-05-20 08:55:21','2016-05-20 08:55:21',''),(382,361,26,'','9bec67f43bfc743454117080f48db7b28503ad98','','\0',NULL,NULL,NULL,'2016-05-20 08:55:35','2016-05-20 08:55:35',''),(383,362,26,'','1f874659f8ce74977fb074e87034388e666e5f89','','\0',NULL,NULL,NULL,'2016-05-20 08:55:52','2016-05-20 08:55:52',''),(384,363,26,'','357fad4d3f696552a12f77e7fd51ac9ebe942ff5','','\0',NULL,NULL,NULL,'2016-05-20 08:56:05','2016-05-20 08:56:05',''),(385,364,26,'','aacf9649023c10d4a1790fb4a1312e47aef1d904','','\0',NULL,NULL,NULL,'2016-05-20 08:56:20','2016-05-20 08:56:20',''),(386,365,26,'','2a9793155f242e240f2e72179c17dafb7738d6ad','','\0',NULL,NULL,NULL,'2016-05-20 08:56:34','2016-05-20 08:56:34',''),(387,350,26,'','2bace4b270125e476b1c77722fd2a34d37e2ca03','','\0',NULL,NULL,NULL,'2016-05-20 09:00:44','2016-05-20 09:00:44',''),(388,355,26,'','c104e9b1d0c8c358cec4cd99c324b0a7ff44c938','','\0',NULL,NULL,NULL,'2016-05-20 09:01:03','2016-05-20 09:01:03',''),(389,352,26,'','724bd85f6b391262a58a3279f5bcea034dff9cdc','','\0',NULL,NULL,NULL,'2016-05-20 09:03:15','2016-05-20 09:03:15',''),(390,351,26,'','b56eaee881815a9ddf1190ba09725e83b1c649c4','','\0',NULL,NULL,NULL,'2016-05-20 09:03:29','2016-05-20 09:03:29',''),(391,354,26,'','20f9e15e707da6672b89ec81342f82588dd2cf2b','','\0',NULL,NULL,NULL,'2016-05-20 09:07:36','2016-05-20 09:07:36',''),(392,353,26,'','8e61d16e766dace637c6877949d6578b4d22c275','','\0',NULL,NULL,NULL,'2016-05-20 09:09:43','2016-05-20 09:09:43',''),(393,366,26,'','51959dd66efb25e88aa4dffb468688deeccd1fce','','\0',NULL,NULL,NULL,'2016-05-20 10:29:18','2016-05-20 10:29:18',''),(394,367,26,'','c70c54a62ee4c3ceeef3da34d97f5cb23da7f5fe','','\0',NULL,NULL,NULL,'2016-05-20 11:39:29','2016-05-20 11:39:29',''),(395,368,26,'','bf731ae5f652b3d6caae96b10c02fa88495f62af','','\0',NULL,NULL,NULL,'2016-05-20 12:33:27','2016-05-20 12:33:27',''),(396,369,26,'','26a38fa0d32bd8299f014f8e467e0a52ebd88237','','\0',NULL,NULL,NULL,'2016-05-20 12:38:26','2016-05-20 12:38:26',''),(397,370,26,'','01bd953099989dabfd1d8b125a149c35eee89fe3','','\0',NULL,NULL,NULL,'2016-05-20 18:12:21','2016-05-20 18:12:21',''),(398,371,28,'','5343e71dcd0824c8e17f5f24132de90f9fa93cb9','','','14:00:00',NULL,NULL,'2016-05-16 13:24:19','2016-05-16 13:24:19',''),(399,372,28,'','49a4bce9512ba1c33bbeb986f6c1fe3ffb29103d','','\0',NULL,NULL,NULL,'2016-05-16 13:45:23','2016-05-16 11:50:24',''),(400,373,28,'','1858eb372661a499a048f8bea6c08d44f6719e28','','\0',NULL,NULL,NULL,'2016-05-16 13:49:41','2016-05-16 11:54:00',''),(401,374,28,'','36ec3235f0c93022abe3118bd82f47c32e891e42','','\0',NULL,NULL,NULL,'2016-05-16 13:56:37','2016-05-16 13:56:37','\0'),(403,376,28,'','eade22ebf96dd08e01caa7a405097d17c7c5ea09','','','14:00:00',NULL,NULL,'2016-05-17 18:39:21','2016-05-17 18:39:21',''),(404,377,30,'','c21729f5412b6ddaa9e72978961dfabbadc8740d','','','11:45:15',NULL,NULL,'2016-05-18 00:17:57','2016-05-21 11:45:15',''),(405,378,30,'','b10572c4817173b32df2d096bf148b34c2d8e0e8','','','11:45:15',NULL,NULL,'2016-05-18 00:33:53','2016-05-21 11:45:15',''),(406,379,30,'','994f476a4ea9d1b21103812f62cceb0bd13f6831','','\0',NULL,NULL,NULL,'2016-05-18 00:43:25','2016-05-18 13:50:38','\0'),(407,380,30,'','a6c4ad8e8a4ae0e5811eeed8a03d83772c0695f4','','','11:45:15',NULL,NULL,'2016-05-18 00:54:36','2016-05-21 11:45:15',''),(408,381,30,'','e1bdeed931f66300ba7c6335b3ba54a5fd7b8e48','','','11:45:15',NULL,NULL,'2016-05-18 00:56:58','2016-05-21 11:45:15',''),(409,382,30,'','38e7dca3b6e6722f821d6d705f40b15c0840497b','','','11:45:15',NULL,NULL,'2016-05-18 09:43:13','2016-05-21 11:45:15',''),(410,383,30,'','f31012369b6642dd7e7b3cef9043888992e9a26b','','','11:45:15',NULL,NULL,'2016-05-18 13:12:09','2016-05-21 11:45:15',''),(411,384,30,'','898450fd52ce6c8a210feca0ab0f116cf0fd3960','','','11:45:15',NULL,NULL,'2016-05-18 13:15:03','2016-05-21 11:45:15',''),(412,385,30,'','ab6a86caaba9f76deb51468539127b36fe183d6c','','','11:45:15',NULL,NULL,'2016-05-18 13:24:08','2016-05-21 11:45:15',''),(413,386,30,'','cba5b3e471740b18ba485ddc675b5e2f52785296','','','11:45:15',NULL,NULL,'2016-05-18 13:29:27','2016-05-21 11:45:15',''),(414,387,30,'','9887d1242852fcddc2b45915ff287855c4df94fd','','','11:45:15',NULL,NULL,'2016-05-18 13:31:35','2016-05-21 11:45:15',''),(415,388,30,'','ca9e67cb26ce31cef2812be003f5ce1df64426ee','','','11:45:15',NULL,NULL,'2016-05-18 13:38:55','2016-05-21 11:45:15',''),(416,389,30,'','24c571b558e77d1bebb24557a197dd8d75b092cd','','','11:45:15',NULL,NULL,'2016-05-18 13:46:02','2016-05-21 11:45:15',''),(417,390,30,'','0d34fa6dec7a6f68e0b9fa844df4e1156813e571','','','11:45:15',NULL,NULL,'2016-05-18 13:47:56','2016-05-21 11:45:15',''),(418,391,30,'','ed397cbdc0fb9b46ae87cd21ea9fd9c48a9c37c1','\0','\0',NULL,NULL,NULL,'2016-05-18 13:48:11','2016-05-18 13:48:11',''),(419,392,30,'','343df99e77bc6821e5467c13dde2d676b82c8a82','','','11:45:15',NULL,NULL,'2016-05-18 13:49:11','2016-05-21 11:45:15',''),(420,393,30,'','6b40887da343029bd372676de599917681c27e14','','','11:45:15',NULL,NULL,'2016-05-18 19:23:07','2016-05-21 11:45:15',''),(421,379,30,'','8a756e4e2e666dc7f62d00ec06440e3cbc8dbbcb','','','11:45:15',NULL,NULL,'2016-05-18 22:16:41','2016-05-21 11:45:15',''),(422,394,30,'','d4830de3aceba4c207c1fd98965636db1176b66f','','','11:45:15',NULL,NULL,'2016-05-19 00:33:45','2016-05-21 11:45:15',''),(423,395,32,'','65b3ce2d4723247481e5f5aafdbd14cabb64cb0a','','','09:00:00',NULL,NULL,'2016-05-31 14:11:15','2016-06-01 15:16:44','\0'),(424,396,32,'','09cf7a198215eca5a3f83a033af39df80f5886e4','','','09:00:00',11,NULL,'2016-05-31 14:12:52','2016-06-03 10:32:22',''),(425,397,32,'','031a670eea4668cbf389cf038d8054ae692630e8','','','09:00:00',12,NULL,'2016-05-31 14:18:16','2016-06-01 14:49:32',''),(426,398,32,'','a6373970908872a3703c5a6511b0924e5085cab3','','','09:00:00',13,NULL,'2016-06-01 14:18:25','2016-06-01 14:49:32',''),(427,399,32,'','40b8b959e8de97fcbecd0398fa085a503f3f7ec6','','','09:00:00',NULL,NULL,'2016-06-01 14:19:26','2016-06-01 14:54:14',''),(428,400,32,'','deb252605e73a51f980ba3b7950081fe2f05312d','','','09:00:00',NULL,NULL,'2016-06-01 14:21:10','2016-06-01 14:54:14',''),(429,401,34,'','fc22612a8d685006457559d9baddbc4bbdc4a6aa','','','13:13:05',NULL,NULL,'2016-06-09 09:37:28','2016-06-30 13:13:05',''),(430,402,34,'','6a8c6410d5a1a29cea78fa9476c4e2cdc3e415af','','','13:13:05',NULL,NULL,'2016-06-09 09:45:48','2016-06-30 13:13:05',''),(431,403,34,'','d356ff16b7c49dddea00fdc74cfdd794f3358629','','','13:13:05',NULL,NULL,'2016-06-09 09:50:37','2016-06-30 13:13:05',''),(432,404,34,'','10165cab8d19e44a62b9f0569e6972a74192caa9','','','13:13:05',NULL,NULL,'2016-06-09 09:54:42','2016-06-30 13:13:05',''),(433,405,34,'','2f9fce95a109309e5829dbc28b23a9b018cac2f3','','','13:13:05',NULL,NULL,'2016-06-09 10:02:21','2016-06-30 13:13:05',''),(438,410,34,'','9aa8e33d8a4c368d3d8174813f1f80d69f1ea418','','','13:13:05',NULL,NULL,'2016-06-15 08:01:45','2016-06-30 13:13:05',''),(439,411,34,'','ae769fa282d940691546e9c91466528afcd87fde','','','13:13:05',NULL,NULL,'2016-06-15 08:10:16','2016-06-30 13:13:05',''),(440,412,34,'','9b91a94423de9a9d2744345a0993e49560ba2b6e','','','13:13:05',NULL,NULL,'2016-06-15 08:16:39','2016-06-30 13:13:05',''),(441,413,34,'','bdd77c969546587b133d49225e27a79ddae247b6','','','13:13:05',NULL,NULL,'2016-06-15 08:27:39','2016-06-30 13:13:05',''),(442,414,34,'','cfd868372fb257ae23a221d03d1a8dce4e1d9f17','','','13:13:05',NULL,NULL,'2016-06-15 08:31:35','2016-06-30 13:13:05',''),(443,415,34,'','8964f564d0976074a0502c2535e191b9b68c5df7','','','13:13:05',NULL,NULL,'2016-06-15 08:34:55','2016-06-30 13:13:05',''),(444,416,34,'','0d8135dff202231adc52df1eeb559ce2e0612000','','','13:13:05',NULL,NULL,'2016-06-15 08:41:34','2016-06-30 13:13:05',''),(445,417,34,'','2bf49396abddae139301644d89b086399a0f7a21','','','13:13:05',NULL,NULL,'2016-06-15 08:44:11','2016-06-30 13:13:05',''),(446,418,34,'','31e0a4d90b365eb976bbeb1bb5025ac370f3d112','','','13:13:05',NULL,NULL,'2016-06-15 08:46:25','2016-06-30 13:13:05',''),(447,419,34,'','6b8cc45e016d5cd468b52927c3cb75172a196489','','','13:13:05',NULL,NULL,'2016-06-15 08:50:24','2016-06-30 13:13:05',''),(448,420,34,'','e718fa523c4fae0a4c3fee1b95d1933d38bd6a6d','','','13:13:05',NULL,NULL,'2016-06-15 08:52:34','2016-06-30 13:13:05',''),(449,421,34,'','ba501aab45d53c745edf8e2503c6aef81df03e3e','','','13:13:05',NULL,NULL,'2016-06-15 08:54:17','2016-06-30 13:13:05',''),(450,422,34,'','598a53fce9e020b635d965f707659054b302def6','','','13:13:05',NULL,NULL,'2016-06-15 09:07:31','2016-06-30 13:13:05',''),(451,423,34,'','e2a2c25d2c0866fc0e7adf499a407c1d5d3b3e85','','','13:13:05',NULL,NULL,'2016-06-15 09:10:29','2016-06-30 13:13:05',''),(452,424,34,'','fb4bf8ead13da470a8bf689e0fd52f63656bc017','','','13:13:05',NULL,NULL,'2016-06-15 09:13:16','2016-06-30 13:13:05',''),(453,425,34,'','d132f76a8e6bc9d04366888effa2911d74711556','','','13:13:05',NULL,NULL,'2016-06-15 09:16:37','2016-06-30 13:13:05',''),(454,426,34,'','5e4b0a755e597ab2243e0763b0b4354d87db7b32','','','13:13:05',NULL,NULL,'2016-06-15 09:18:10','2016-06-30 13:13:05',''),(455,427,34,'','30c0061594f38b36c737d663d56334406ffc33e8','','','13:13:05',NULL,NULL,'2016-06-15 09:21:43','2016-06-30 13:13:05',''),(456,428,34,'','f855237d2ccb3078f451330a868407d0dc5d7c22','','','13:13:05',NULL,NULL,'2016-06-15 09:33:51','2016-06-30 13:13:05',''),(457,429,34,'','baddd8c93492388377859f1d1592f4672c15ed0b','','','13:13:05',NULL,NULL,'2016-06-15 09:36:09','2016-06-30 13:13:05',''),(458,430,34,'','74b96c91659817925a7ffb4aed4e1e7d1cde819a','','','13:13:05',NULL,NULL,'2016-06-15 09:48:57','2016-06-30 13:13:05',''),(459,431,34,'','91de0680d1bf01d3cb80d5752137ae2896449f50','','','13:13:05',NULL,NULL,'2016-06-15 09:50:41','2016-06-30 13:13:05',''),(460,432,34,'','fd6852bc10c32232913fc5c9d4431f0e04d77884','','','13:13:05',NULL,NULL,'2016-06-15 09:53:39','2016-06-30 13:13:05',''),(461,433,34,'','4ae4c560ee97a6057dd41dab57f4d6c7ce87785d','','','13:13:05',NULL,NULL,'2016-06-15 09:55:23','2016-06-30 13:13:05',''),(462,434,34,'','625ea5b1c08d84744c6c62cf38c862d608d1ad82','','','13:13:05',NULL,NULL,'2016-06-15 09:56:58','2016-06-30 13:13:05',''),(463,435,34,'','c1bef75c75cd330708cd8168da89bf80e6561930','','','13:13:05',NULL,NULL,'2016-06-15 09:59:34','2016-06-30 13:13:05',''),(464,436,34,'','bfc4f090209599970ab51bf62e0b9c322f66deca','','','13:13:05',NULL,NULL,'2016-06-15 10:06:25','2016-06-30 13:13:05',''),(465,437,34,'','3e6056bf076e570c51b6f5100a1224d6feb4584e','','','13:13:05',NULL,NULL,'2016-06-15 10:10:19','2016-06-30 13:13:05',''),(466,438,34,'','50e9e6aad054cde5e8833ce3bf3f2d14ba904001','','','13:13:05',NULL,NULL,'2016-06-15 10:17:15','2016-06-30 13:13:05',''),(467,439,34,'','506020e2dfff36b73ec4928319a6479840a2ce10','','','13:13:05',NULL,NULL,'2016-06-15 10:19:23','2016-06-30 13:13:05',''),(468,440,34,'','996fb7f26e14b4ecb1ff534d30327eaac4286a48','','','13:13:05',NULL,NULL,'2016-06-15 10:22:04','2016-06-30 13:13:05',''),(469,441,34,'','a3efc02c63da20b842c88d81b30488e48b82f1af','','','13:13:05',NULL,NULL,'2016-06-15 10:24:20','2016-06-30 13:13:05',''),(470,442,34,'','80153063eca7841bbde3e456098bc62a658e793f','','','13:13:05',NULL,NULL,'2016-06-15 10:29:21','2016-06-30 13:13:05',''),(471,443,34,'','ce74b3768521ae84b6ea0cffaae4e4c6796396cd','','','13:13:05',NULL,NULL,'2016-06-15 10:37:04','2016-06-30 13:13:05',''),(472,444,34,'','b153f0050b0b1bf6eabb41d2721d605d56af0fd2','','','13:13:05',NULL,NULL,'2016-06-15 10:38:38','2016-06-30 13:13:05',''),(473,445,34,'','389e178f6e67ad33de82e9389ec8616f6e329779','','','13:13:05',NULL,NULL,'2016-06-15 10:39:58','2016-06-30 13:13:05',''),(474,446,34,'','9746e9f200662168d356303222a4ffc9f32008cb','','','13:13:05',NULL,NULL,'2016-06-15 10:41:27','2016-06-30 13:13:05',''),(476,448,36,'','3955d502fbce1de9a43aec5c54e86a068d8189a5','','\0',NULL,NULL,NULL,'2016-06-21 09:09:12','2016-06-21 12:28:52',''),(477,449,36,'','84a8af45fa371916ff3c13c3798a995d7c5891c3','','\0',NULL,NULL,NULL,'2016-06-21 09:12:17','2016-06-21 10:20:48',''),(478,450,36,'','0a11f04ec6d355b4724868f8bd8780b8f7d57353','','\0',NULL,NULL,NULL,'2016-06-21 09:17:16','2016-06-21 10:20:50',''),(479,451,36,'','6bf75b41f16c658c440822c549ed769ae948253d','','\0',NULL,NULL,NULL,'2016-06-21 09:21:26','2016-06-21 10:21:22',''),(480,452,36,'','e93c06695b66f51574b7f4ca3a68f581d788965f','','\0',NULL,NULL,NULL,'2016-06-21 09:24:17','2016-06-21 10:21:26',''),(481,453,36,'','459997c4c4964437b607fc9bce9e7d67d8fbea72','','\0',NULL,NULL,NULL,'2016-06-21 09:27:04','2016-06-21 12:28:26',''),(482,454,36,'','d11ab7dc49284f83c6c154f15c37dd146da51468','','\0',NULL,NULL,NULL,'2016-06-21 09:29:33','2016-06-21 12:28:21',''),(483,455,36,'','f5c37c9d8495bc5492fb6166d49d28eaf294f2f6','','\0',NULL,NULL,NULL,'2016-06-21 09:31:22','2016-06-21 10:08:54',''),(484,456,36,'','105258014ce83901eb160ca9bbd1e72652b20691','','\0',NULL,NULL,NULL,'2016-06-21 09:33:19','2016-06-21 12:28:34',''),(485,457,36,'','686a88457f6d2d6679a57b704239aa7c0b0d2304','','\0',NULL,NULL,NULL,'2016-06-21 09:35:41','2016-06-21 12:28:31',''),(486,458,36,'','438a053f106df4a242f0446d0f3a4e690c5c0b52','','\0',NULL,NULL,NULL,'2016-06-21 09:40:05','2016-06-21 12:29:01',''),(487,459,36,'','0d7fa474e4b3ed59ee668847ae43891024fb92f6','','\0',NULL,NULL,NULL,'2016-06-21 09:44:07','2016-06-21 12:28:55',''),(488,460,36,'','5b74d8531889ea8792adb8bfc9ffa9fc7d9dff45','','\0',NULL,NULL,NULL,'2016-06-21 09:46:47','2016-06-21 12:28:49',''),(489,461,36,'','0377151d9c38a5b711d7cb14daf4f2547044b703','','\0',NULL,NULL,NULL,'2016-06-21 09:49:22','2016-06-21 10:26:03',''),(490,462,36,'','6c095b755e40094df6832dc829c8e6a1706745bd','','\0',NULL,NULL,NULL,'2016-06-21 10:00:42','2016-06-21 12:28:37',''),(491,463,36,'','b72b193e94eb53e1b8864a48f3fa305e415b873a','','\0',NULL,NULL,NULL,'2016-06-21 10:02:37','2016-06-21 12:28:46','');

UNLOCK TABLES;

/*Table structure for table `participantes` */

DROP TABLE IF EXISTS `participantes`;

CREATE TABLE `participantes` (
  `partID` int(11) unsigned NOT NULL AUTO_INCREMENT,
  `enti_ID` int(11) unsigned DEFAULT NULL,
  `dist_ID` int(11) unsigned DEFAULT NULL,
  `part_name` varchar(100) NOT NULL,
  `part_lastname` varchar(100) NOT NULL,
  `part_dni` varchar(8) NOT NULL,
  `part_gender` bit(1) NOT NULL,
  `part_email` varchar(150) NOT NULL,
  `part_profesion` varchar(150) DEFAULT NULL,
  `part_cellphone` varchar(15) DEFAULT NULL,
  `part_phone` varchar(10) DEFAULT NULL,
  `part_annex` varchar(6) DEFAULT NULL,
  `part_position` varchar(150) DEFAULT NULL COMMENT 'cargo',
  `part_dispacity` bit(1) NOT NULL DEFAULT b'0',
  `part_details_dispacity` text,
  `part_date_created` datetime DEFAULT NULL,
  `part_date_modified` datetime DEFAULT NULL,
  `part_status` bit(1) NOT NULL DEFAULT b'1',
  PRIMARY KEY (`partID`),
  KEY `fk_participantes_entidad_1` (`enti_ID`),
  KEY `fk_participantes_distrito_1` (`dist_ID`),
  CONSTRAINT `fk_participantes_distrito_1` FOREIGN KEY (`dist_ID`) REFERENCES `distrito` (`distID`),
  CONSTRAINT `fk_participantes_entidad_1` FOREIGN KEY (`enti_ID`) REFERENCES `entidad` (`entiID`)
) ENGINE=InnoDB AUTO_INCREMENT=464 DEFAULT CHARSET=utf8;

/*Data for the table `participantes` */

LOCK TABLES `participantes` WRITE;

insert  into `participantes`(`partID`,`enti_ID`,`dist_ID`,`part_name`,`part_lastname`,`part_dni`,`part_gender`,`part_email`,`part_profesion`,`part_cellphone`,`part_phone`,`part_annex`,`part_position`,`part_dispacity`,`part_details_dispacity`,`part_date_created`,`part_date_modified`,`part_status`) values (1,261,1248,'Beatriz','Espinoza Vidal','40602560','','bespinoza@hospitalvitarte.gob.pe','Coordinadora del Área de Comunicaciones','981309859','3514484','260',NULL,'\0',NULL,'2016-04-28 15:10:02','2016-04-28 15:10:02',''),(2,24,1259,'Javier','Barrinechea','42454655','\0','correo1@gmail.com',NULL,NULL,NULL,NULL,NULL,'\0',NULL,'2016-04-28 15:19:57','2016-04-28 15:19:57',''),(3,261,1248,'Zoila Teodolinda','Moya Soto','16019775','','zmoya@hospitalvitarte.gob.pe','Área de Organización',NULL,'314484','227',NULL,'\0',NULL,'2016-04-28 15:21:21','2016-04-28 15:21:21',''),(4,261,1248,'Giovanna Sandra','Rios CAstell Prado','10659577','','grios@hospitalvitarte.gob.pe','Área de Planeamiento y proyectos de inversión',NULL,'3514484','228',NULL,'\0',NULL,'2016-04-28 15:26:19','2016-04-28 15:26:19',''),(5,261,1248,'Silvia Stephanie','Fernández Velasquez','43778709','','sfernandez@hospitalvitarte.gob.pe',NULL,NULL,NULL,NULL,NULL,'\0',NULL,'2016-04-28 15:39:27','2016-04-28 15:39:27',''),(6,516,236,'John Henry','Dolci','32136326','\0','johdolci@hotmail.com',NULL,NULL,NULL,NULL,NULL,'\0',NULL,'2016-04-28 15:48:29','2016-04-28 15:48:29',''),(7,2,1246,'Javier','Escudero Vilchez','40352581','\0','jescuderov@pj.gob.pe',NULL,NULL,NULL,NULL,NULL,'\0',NULL,'2016-04-28 16:01:51','2016-04-28 16:01:51',''),(8,2,1246,'Edgar','Huanuco Farriol','07655161','\0','ehuanuco@pj.gob.pe',NULL,NULL,NULL,NULL,NULL,'\0',NULL,'2016-04-28 16:07:43','2016-04-28 16:07:43',''),(9,2,1246,'Carmen','Mansilla Briceno','40290205','','cmansillab@pj.gob.pe',NULL,NULL,NULL,NULL,NULL,'\0',NULL,'2016-04-28 16:09:06','2016-04-28 16:09:06',''),(10,2,1246,'Amparo','Castro Martinez','06691929','\0','acastro@pj.gob.pe',NULL,NULL,NULL,NULL,NULL,'\0',NULL,'2016-04-28 16:10:37','2016-04-28 16:10:37',''),(11,2,1246,'María','Jamanca Atusparia','07630968','','Mjamanca@pj.gob.pe',NULL,NULL,NULL,NULL,NULL,'\0',NULL,'2016-04-28 16:13:12','2016-04-28 16:13:12',''),(12,2,1246,'Gilberto','Saravia Munayco','21819967','\0','Gsaravia@pj.gob.pe',NULL,NULL,NULL,NULL,NULL,'\0',NULL,'2016-04-28 16:14:56','2016-04-28 16:14:56',''),(13,2,1246,'Dante','Castro Calizaya','06609885','\0','dcastro@pj.gob.pe',NULL,NULL,NULL,NULL,NULL,'\0',NULL,'2016-04-28 16:17:57','2016-04-28 16:17:57',''),(14,2,1246,'Julio','Bustamante Fernandez','09369568','\0','jbustamantef@pj.gob.pe',NULL,NULL,NULL,NULL,NULL,'\0',NULL,'2016-04-28 16:21:40','2016-04-28 16:21:40',''),(15,39,262,'Persona de prueba','prueba','41424345','\0','email@hotmail.com','Ingenieria',NULL,NULL,NULL,NULL,'\0',NULL,'2016-04-29 08:46:40','2016-04-29 08:46:40',''),(16,409,1253,'Alfredo','Silva ching','45713953','\0','alfredo.silva@caen.edu.pe','Especialista en Informatica','995893364',NULL,NULL,'Especialista en Informatica','\0',NULL,'2016-04-29 13:44:37','2016-04-29 13:44:37',''),(17,298,1253,'FOY','VALENCIA','09346517','','mfoy@indecopi.gob.pe','ADMINISTRACION','947052163',NULL,NULL,'ESPECIALISTA 2','\0',NULL,'2016-04-29 14:08:11','2016-04-29 14:08:11',''),(18,300,1276,'Juan Pedro','Agurto Gonzales','08168527','\0','jagurto@inen.sld.pe','Contabilidad','978041155','2016500','1129','Jefe de Integracion Contable','\0',NULL,'2016-04-29 14:15:52','2016-04-29 14:15:52',''),(19,300,1276,'valerie Jeniffer','Flores Suazo','42104555','','vflores@inen.sld.pe','Comunicaciones','920229967','2016500','1192',NULL,'\0',NULL,'2016-04-29 14:19:11','2016-04-29 14:19:11',''),(20,300,1276,'GLADYS ESPERANZA','UGARTE ESPINOZA','08204586','','gugarte@inen.sld.pe','TEC.ADMINISTRATIVO','991665041','20165001','1155',NULL,'\0',NULL,'2016-04-29 14:25:18','2016-04-29 14:25:18',''),(21,300,1276,'DARIO','CARDENAS ROMERO','06072760','\0','dario@inen.sld.pe','TEC.ADMINISTRATIVO IV','992545051','2016500','1151',NULL,'\0',NULL,'2016-04-29 14:27:56','2016-04-29 14:27:56',''),(22,300,1251,'bryan michell','cardenas olivera','72733747','\0','cardenas_2cjo@hotmail.com','computacion e informatica','977188953','20165500','2015','tecnico administrativo','\0',NULL,'2016-04-29 14:33:18','2016-04-29 14:33:18',''),(23,300,1819,'Roberto','Lopez Rodriguez','41582217','\0','rlopez@inen.sld.pe','Ingeniero Industrial','987460890','5740551',NULL,'Asesor Tecnico','\0',NULL,'2016-04-29 14:37:26','2016-04-29 14:37:26',''),(24,300,1251,'NORMA DAMIANA','ZANABRIA FERNANDEZ','09027549','','nzanabria@inen.sld.pe','ADMINISTRADORA','966762474','2016500','2015','ASISTENTE ADMINISTRATIVO SPF','\0',NULL,'2016-04-29 14:42:54','2016-04-29 14:42:54',''),(25,300,1276,'CESAR','SALDAÑA JULCA','10238243','\0','csaldana@inen.sld.pe','LICENCIADO ADMINISTRACION','989262580','7963653','2289','analista de costos','\0',NULL,'2016-04-29 14:46:09','2016-04-29 14:46:09',''),(26,300,1276,'Marco Antonio','Bardales Rengifo','10585856','\0','mbardales@inen.sld.pe','Comunicador','945440369','2016500','1192','Comunicador','\0',NULL,'2016-04-29 14:51:30','2016-04-29 14:51:30',''),(27,300,1276,'DORIS SOCORRO','SILVA PEREZ','07944915','','dsilva@inen.sld.pe','CONTADOR','988283275','2016500','1188','JEFE DE EJEC. PRESUPUESTAL','\0',NULL,'2016-04-29 14:56:21','2016-04-29 14:56:21',''),(28,300,1276,'LOURDES','ALTAMIRANO LEGUIA','10155281','','LALTAMIRANO@INEN.SLD.PE','TEC.CONTABILIDAD','953380549','2016500','2003','TEC ADMINISTRATIVO','\0',NULL,'2016-04-29 14:59:54','2016-04-29 14:59:54',''),(29,10,1255,'DORIS AELA','RUIZ CARHUANINI','09873858','','DRUIZ@ONPE.GOB.PE','COMUNICADORA','992765350','4170630','8403',NULL,'\0',NULL,'2016-04-29 15:04:02','2016-04-29 15:04:02',''),(30,409,1253,'alfredo','silva','45723953','\0','alfredo.silva@caen.edu.peq','ingeniero de sistemas','995893364',NULL,NULL,'Responsable del portal de transparencia','\0',NULL,'2016-04-29 15:18:04','2016-04-29 15:18:04',''),(31,3042,1269,'Mateo Eduardo','San Román Quiroz','40084660','\0','mateo.sanroman@perucompras.gob.pe','Ing. informática','940286964',NULL,NULL,'Jefe de oti','\0',NULL,'2016-04-29 15:22:41','2016-05-16 10:52:53',''),(32,3042,1269,'Adolfo','Su Gaspar','42481979','\0','adolfo.su@perucompras.gob.pe','Abogado','955709180','5333036',NULL,'Especialista legal','\0',NULL,'2016-04-29 15:29:47','2016-05-16 10:52:16',''),(33,3042,1271,'Kelly Olivia','Salgado Uceda','40152783','','kelly.salgado@perucompras.gob.pe','AdministraciÓn','999001007',NULL,NULL,'Especialista en recursos humanos','\0',NULL,'2016-04-29 15:35:19','2016-05-16 10:48:02',''),(34,298,1285,'Lily','Ramos Villarreal','41614054','','lramos@indecopi.gob.pe','Adminsitración','994898717',NULL,NULL,'Coordinadora de Racionaización','\0',NULL,'2016-04-29 15:57:40','2016-04-29 15:57:40',''),(35,413,1274,'Rosa Lalí','Casasola Esteban','43537798','','rcasasola@hotmail.com','Administración','989857315','6155960','27218','Orientador','\0',NULL,'2016-04-29 16:01:17','2016-04-29 16:01:17',''),(36,413,1246,'JESÚS FRANCISCO','MINAYA ISIQUE','42319945','\0','jminaya@minedu.gob.pe','INGENIERO','992746296','16155960',NULL,'Ingeniero Desarrollador','\0',NULL,'2016-04-29 16:04:19','2016-04-29 16:04:19',''),(37,261,1257,'MIGUEL ANEL','HUAROC JIMENEZ','45155302','\0','miguel162@hotmail.com','SISTEMAS','991537882','3592967',NULL,NULL,'\0',NULL,'2016-04-29 16:11:19','2016-04-29 16:11:19',''),(38,261,1248,'RAFAEL JHON','FENCO CORONEL','43115182','\0','Rfenco@hospitalvitarte.gob.pe','ADMINISTRACION','997326289','3514484','228','Técnico Administrativo','\0',NULL,'2016-04-29 16:14:52','2016-04-29 16:14:52',''),(39,31,3,'Juan','Perez','20202020','\0','fhuaman@pcm.gob.pe','Fdgsdfg',NULL,NULL,NULL,NULL,'\0',NULL,'2016-05-02 16:10:37','2016-05-02 16:10:37',''),(40,1,1246,'Victor','Alburqueque Alburqueque','12345678','\0','franco_chinchay@hotmail.com','Encargado de pte','969725598','508899',NULL,'Encargado de PTE','\0',NULL,'2016-05-09 14:09:39','2016-05-09 14:09:39',''),(41,1,896,'Raul Ricardo','Valverde Carrera','40424147','\0','raul@gmail.com','Economia política',NULL,NULL,NULL,NULL,'\0',NULL,'2016-05-10 12:36:29','2016-05-10 12:36:29',''),(42,3,1155,'Carmen','Guerra','30303030','','fhuamanore@gmail.com',NULL,'989447237',NULL,NULL,'gfhgfhgfghfffffffffffffffffffffffffffffffffffffffffffffffff','',NULL,'2016-05-10 15:26:47','2016-05-10 15:26:47',''),(43,78,440,'Juan Manuel','Chávez Prado','41682533','\0','manuel546@hotmail.com','Informático','999262745','066314603',NULL,'Informático','\0',NULL,'2016-05-11 11:42:21','2016-05-11 11:42:21',''),(45,388,440,'Blumer Zialer','Quispe Casafranca','41320768','\0','blumerqc@gmail.com','Abogado','942945639',NULL,NULL,'Secretario General','\0',NULL,'2016-05-11 11:45:35','2016-05-11 11:45:35',''),(46,940,501,'Julio Saturnino','Rubio Palomino','28970414','\0','juliorubiop_xlx@hotmail.com','Profesor educación primaria','958843405',NULL,NULL,'Alcalde','\0',NULL,'2016-05-11 15:30:23','2016-05-11 15:30:23',''),(47,2838,440,'Juan Carlos','Jave Chavez','70438821','\0','jcjave31@gmail.com','Sistemas','930327739','066402772',NULL,NULL,'\0',NULL,'2016-05-13 11:20:29','2016-05-13 11:20:29',''),(51,388,440,'Oscar Miguel','Camarena Vilches','43178477','\0','ocamarena@regionayacucho.gob.pe','Sistemas',NULL,NULL,NULL,'Administrador Web','\0',NULL,'2016-05-13 11:22:22','2016-05-13 11:22:22',''),(54,822,442,'Primy','Alca Chamba','45468917','','pach_20@hotmail.com','Comunicadora social','966948346',NULL,NULL,'Responsable de Imagen Institucional','\0',NULL,'2016-05-13 11:23:00','2016-05-13 11:23:00',''),(55,388,440,'María','Miranda Gutiérrez','28268600','','dmariamg@hotmail.com','Técnico administrativo',NULL,NULL,NULL,'Técnico','\0',NULL,'2016-05-13 11:25:06','2016-05-13 11:25:06',''),(56,152,440,'William','Alarcon Vilcatoma','28286471','\0','w_alarcon@unsch.edu.pe','Sistemas','990808473','310710','121',NULL,'\0',NULL,'2016-05-13 11:25:32','2016-05-13 11:25:32',''),(57,822,440,'Eberson','Munaylla Rojas','41804957','\0','ebermr33@gmail.com','Ingeniero de sistemas','944967475','066312950',NULL,'Asistente de Imagen Institucional','\0',NULL,'2016-05-13 11:25:56','2016-05-13 11:25:56',''),(58,388,440,'Nils Ahmed','Castro Rúa','41510189','\0','ncastro@regionayacucho.gob.pe','Sistemas',NULL,NULL,NULL,'Responsable de la Unidad de Informática','\0',NULL,'2016-05-13 11:27:34','2016-05-13 11:27:34',''),(63,2840,440,'Edwin','Gomez Riveros','41953578','\0','eledwin000@hotmail.com','Informático','999504205',NULL,NULL,NULL,'\0',NULL,'2016-05-13 11:31:00','2016-05-13 11:31:00',''),(68,388,440,'Max Jonatan','Escalante Altamirano','73346976','\0','yonatan_1_1992@hotmail.com','Sistemas',NULL,NULL,NULL,'Practicante','\0',NULL,'2016-05-13 11:32:55','2016-05-20 08:44:55',''),(72,1870,446,'Luis','Jaime Andía','28591075','\0','lujamesan@hotmail.com','Informática',NULL,NULL,NULL,NULL,'\0',NULL,'2016-05-13 11:36:13','2016-05-13 11:36:13',''),(76,388,440,'Elaine','Guevara Altamirano','28222127','','marietaela@hotmail.com','Técnico administrativo',NULL,NULL,NULL,'Responsable de Patrimonio','\0',NULL,'2016-05-13 11:38:46','2016-05-13 11:38:46',''),(79,2838,440,'Hector','Sanchez Becerra','80625381','\0','hsbecerra@gmail.com',NULL,NULL,NULL,NULL,NULL,'\0',NULL,'2016-05-13 11:39:24','2016-05-13 11:39:24',''),(82,1870,440,'Edgar Eusebio','Sulca Contreras','28297611','\0','eddy_19085@hotmail.com','Informática',NULL,NULL,NULL,'Asistente Técnico','\0',NULL,'2016-05-13 11:41:59','2016-05-13 11:41:59',''),(87,388,440,'Reynaldo','Achahuanco Curi','40356846','\0','rachahuanco@regionayacucho.gob.pe','Sistemas',NULL,NULL,NULL,'Sub Gerente de Desarrollo Institucional','\0',NULL,'2016-05-13 11:43:55','2016-05-13 11:43:55',''),(92,2838,440,'Francisco','Gutiérrez Solis','28264389','\0','caminando_gsfp@hotmail.com','Economía',NULL,NULL,NULL,NULL,'\0',NULL,'2016-05-13 11:47:11','2016-05-13 11:47:11',''),(95,3010,440,'Uldarico','Huayta Cuadros','28315611','\0','uhc_uhc@hotmail.com','Informatica','966997047','066312364','55011','RESP. INFORMÁTICA','\0',NULL,'2016-05-13 11:47:55','2016-05-13 11:47:55',''),(100,2838,440,'German','Miranda Olarte','28205237','\0','gmirandao1@hotmail.com',NULL,NULL,NULL,NULL,NULL,'\0',NULL,'2016-05-13 11:56:52','2016-05-13 11:56:52',''),(101,505,440,'Denis Jack','Ochoa Berrocal','43724871','\0','djackob27@gmail.com','Sistemas',NULL,NULL,NULL,'Programador','\0',NULL,'2016-05-13 11:58:45','2016-05-13 11:58:45',''),(104,505,440,'Jayme','Rojas Arauco','28243553','\0','jaymerojass@gmail.com','Administración de empresas',NULL,NULL,NULL,'Planificador','\0',NULL,'2016-05-13 12:00:32','2016-05-13 12:00:32',''),(108,30,440,'Julio','Palomino Yolgo','28286270','\0','julio-py@hotmail.com','Contabilidad','996703085','066103025','1111','contador','\0',NULL,'2016-05-13 12:02:58','2016-05-13 12:02:58',''),(110,388,440,'Humberto','Aquino Alvarado','80039593','\0','aquipx@hotmail.com','Administracion',NULL,NULL,NULL,'Responsable de personal','\0',NULL,'2016-05-13 12:05:42','2016-05-13 17:27:39',''),(113,611,507,'Emiliano','Rojas Vilca','28261053','\0','romaeta_3@hotmail.com','Contabilidad',NULL,NULL,NULL,'Jefe de planificaciones y Presupuesto','\0',NULL,'2016-05-13 12:07:58','2016-05-13 12:07:58',''),(116,611,507,'Roy Gabriel','Ramos Oblitas','29081854','\0','roy_28_ga@hotmail.com','Tecníco agropecuario',NULL,NULL,NULL,'Jefe de RR.HH','\0',NULL,'2016-05-13 12:09:34','2016-05-13 12:09:34',''),(118,388,440,'Teodorico','Bautista Salvatierra','28249691','\0','tbautistas2@hotmail.com','Tecníco administrativo',NULL,NULL,NULL,'Técnico Administrativo','\0',NULL,'2016-05-13 12:16:00','2016-05-13 12:16:00',''),(120,388,442,'Samuel Kalip','Yarcuri Paredes','41411594','\0','sam25_@hotmail.com','Sistemas','988000550',NULL,NULL,NULL,'\0',NULL,'2016-05-13 12:17:17','2016-05-13 12:17:17',''),(122,152,440,'Mauro Godofredo','Vargas Camarena','20651276','\0','mgvargas_3@hotmail.com','Ingeniería quimica',NULL,NULL,NULL,'Asesor Rector','\0',NULL,'2016-05-13 12:18:23','2016-05-13 12:18:23',''),(125,388,440,'Miguel Angel','Zaga Guillén','41773157','\0','mzaga@regionayacucho.gob.pe','Informatica',NULL,NULL,NULL,'Soporte Técnico','\0',NULL,'2016-05-13 12:42:51','2016-05-13 12:42:51',''),(126,152,440,'Abraham','Martinez Quintanilla','45075516','\0','amarqmy100@gmail.com','Informatico',NULL,NULL,NULL,'Informatico','\0',NULL,'2016-05-13 12:57:52','2016-05-13 12:57:52',''),(128,388,440,'María Magdalena','Peña Lope','28294661','','banqp77@hotmail.com','Contadora',NULL,NULL,NULL,'Administradora','\0',NULL,'2016-05-13 13:00:53','2016-05-13 13:00:53',''),(130,2977,440,'Wilfredo','Valdivia SÁnchez','28315190','\0','wilvm2@hotmail.com','Informatico','999139949',NULL,NULL,NULL,'\0',NULL,'2016-05-13 14:13:43','2016-05-13 14:13:43',''),(132,1541,454,'Maribel','Mauricio Rojas','42442325','','maribellmr25@gmail.com','Contado publico','990301125',NULL,NULL,'jefe de logistica','\0',NULL,'2016-05-13 14:20:26','2016-05-13 14:20:26',''),(137,511,461,'Dheyby Jhonathan','Porras Ramirez','46038031','\0','dheybypr@hotmail.com','Sistema',NULL,NULL,NULL,'Programador de Sistema','\0',NULL,'2016-05-13 14:32:26','2016-05-13 14:32:26',''),(138,388,440,'Oscar Gumercindo','Vilchez Sanchez','28201932','\0','oscar_2004_40@hotmail.com','Derecho',NULL,NULL,NULL,'Secretario','\0',NULL,'2016-05-13 14:35:31','2016-05-13 14:35:31',''),(139,1942,544,'Rene','Atiquipa Pacheco','21568583','\0','reneco_apa@hotmail.com','Ing. civil','972628939',NULL,NULL,'Asistente de desarrollo social','\0',NULL,'2016-05-13 14:59:06','2016-05-13 17:24:44',''),(140,1541,452,'Milady','Sulca Gomez','47484804','','milady_2014@hotmail.com','Contadora','999006282',NULL,NULL,'TESORERA','\0',NULL,'2016-05-13 15:02:22','2016-05-13 15:02:22',''),(141,388,440,'Jesus Justo','Barbaran Aguero','28307125','\0','barbacobra@hotmail.com','Construccion civil','990800677',NULL,NULL,'LOGISTICA','\0',NULL,'2016-05-13 15:05:47','2016-05-13 15:05:47',''),(143,383,440,'Felicitas','Sulca EÑego','28263218','','felisses56@gmail.com','Comunicadora','966657762','066316518','205','Jefe Of. Imagen y Ed. Sanitaria','\0',NULL,'2016-05-13 15:18:38','2016-05-13 15:18:38',''),(146,1541,452,'Yenny','Infante Leva','44616827','','infanteleva@gmail.com','Economista','949962357',NULL,NULL,'Planificación y Presupuesto','\0',NULL,'2016-05-13 15:33:25','2016-05-13 15:33:25',''),(147,152,440,'José Ciro','Montes De Oca Alcarraz','28226696','\0','ogis@unsch.edu.pe','Informática','968908386','310470',NULL,'Jefe de Oficina','\0',NULL,'2016-05-13 15:50:18','2016-05-13 15:50:18',''),(148,110,1278,'Wilder Franklin','Marcos Picón','10685831','\0','wilder.marcos@essalud.gob.pe','Electrónica e informática','990048645','265600','2632','Web master','\0',NULL,'2016-05-13 17:24:19','2016-05-16 14:24:10',''),(158,359,1246,'Claudia Patricia','Chacón Panduro','43633846','','cchacon@editoraperu.com.pe','Ingeniería de sistemas',NULL,'6150400','2129','Jefe de Proyectos TI','\0',NULL,'2016-05-13 17:29:45','2016-05-13 17:29:45',''),(160,363,1417,'Juan Luis','Mendoza Pérez','05353250','\0','jmendoza@elor.com.pe','Ingeniería / planeamiento','990505931','065253500','1280','Jefe del dpto. de planeamiento y regulación','\0',NULL,'2016-05-13 17:31:38','2016-05-16 14:03:32',''),(169,332,1251,'Monica','Rado Roque','08272395','','mrado@agrobanco.com.pe','Comunicadora social','983672107','6150000','210','Marketing - Transparencia','\0',NULL,'2016-05-13 17:40:03','2016-05-13 17:40:03',''),(172,360,1593,'Franz Johan','Loayza Salas','41813934','\0','floayza@electropuno.com.pe','Tic','951438722','051352552','2520','JEFE TIC','\0',NULL,'2016-05-13 17:48:18','2016-05-13 17:48:18',''),(178,345,1779,'Eliana Sofia','Cortez Quispe','29658290','','ecortez@egesur.com.pe','Ingeniería','952387077','052315300','120','Jefe de planeamiento y control de gestión','\0',NULL,'2016-05-13 17:52:28','2016-05-16 14:22:18',''),(188,333,1287,'Santos Andrés','Toribio','10505179','\0','atoribio@bn.com.pe','Ing. sistemas',NULL,'5192000','12468','Analista','\0',NULL,'2016-05-13 17:53:55','2016-05-13 17:53:55',''),(190,345,1779,'Angel Manuel','Vargas Charaja','42290674','\0','avargas@egesur.com.pe','Ingeniería','952387116','052315300','210','Jefe de tic','\0',NULL,'2016-05-13 17:56:29','2016-05-16 12:05:28',''),(204,23,1208,'Moisés','Miguel Casas','16483657','\0','mmiguelc@distriluz.com.pe','Informática','979991005','074481210','21303','Soporte TI','\0',NULL,'2016-05-13 18:07:56','2016-05-13 18:07:56',''),(228,362,1208,'JosÉ Alfredo','Ayala Cuya','07318834','\0','jayalac@distriluz.com.pe','Ing. industrial','979608217','074481210','21322','SUPERVISOR DE RECURSOS HUMANOS','\0',NULL,'2016-05-14 19:37:39','2016-05-14 19:37:39',''),(229,377,1417,'Darwin Edmundo','Tuesta Valera','40745121','\0','dtuesta@sima.com.pe','Administrador de empresas','965604054','251070','5056','Jefe Oficina Estratégica','\0',NULL,'2016-05-15 15:09:05','2016-05-15 15:09:05',''),(230,364,679,'Luis Antonio','Manya Aqquehua','29617965','\0','lmanya@else.com.pe','Ti','953759835','084228332','3071','Jefe TIC','\0',NULL,'2016-05-15 17:27:25','2016-05-15 17:27:25',''),(231,346,679,'Uberto','González','40990370','\0','ugonzalez@egemsa.com.pe','Tecnologías de la información','976356385','084235058','123','Especialista de TI','\0',NULL,'2016-05-15 22:11:55','2016-05-15 22:11:55',''),(232,330,1281,'Deymer Frank','BarturÉn HuamÁn','40658546','\0','deymer.barturen@amsac.pe','IngenierÍa en gestiÓn empresarial','984994007','2049000','111','ESPECIALISTA EN CALIDAD Y MEJORA DE PROCESOS','\0',NULL,'2016-05-16 08:14:45','2016-05-16 08:14:45',''),(233,5,1269,'Jennifer Edith','Cauracuri Pino','41236152','','jennifer.cauracuri@cnm.gob.pe',NULL,NULL,'2028080','270','TÉCNICO ADMINISTRATIVO','\0',NULL,'2016-05-16 08:26:29','2016-05-16 08:26:29',''),(234,5,1269,'Juan Jose','Reyes Matos','06618971','\0','juan.reyes@cnm.gob.pe',NULL,'980498111',NULL,NULL,'Jefe de Seguridad y Salud Ocupacional','\0',NULL,'2016-05-16 08:29:49','2016-05-16 08:29:49',''),(235,5,1269,'Raul Martin','Vidal Coronado','07543945','\0','vidalcoronado@hotmail.com',NULL,'999851925',NULL,NULL,'ASESOR','\0',NULL,'2016-05-16 08:40:06','2016-05-16 08:40:06',''),(236,23,1285,'Carlos Alberto','San Miguel Caballa','10000751','\0','csanmiguel@adinelsa.com.pe','Ingeniería eléctrica','920120143','2172000','140',NULL,'\0',NULL,'2016-05-16 08:42:41','2016-05-16 08:42:41',''),(237,5,1269,'Melissa Evelyn','Rodriguez Vertiz','42249129','','melissa.rodriguez@cnm.gob.pe',NULL,'994629613',NULL,NULL,'PROFESIONAL C','\0',NULL,'2016-05-16 08:43:22','2016-05-16 08:43:22',''),(238,5,1269,'Carmen Rosa','Buzzio Meza','45326262','','carmenbuzzio@gmail.com',NULL,'949340121',NULL,NULL,'APOYO TECNICO','\0',NULL,'2016-05-16 08:45:05','2016-05-16 08:45:05',''),(239,365,1779,'Jacqueline','Soria Carrillo','00507065','','jsoria@electrosur.com.pe','Ingeniero comercial','952269844','052583315','125','ANALISTA DE DESARROLLO','\0',NULL,'2016-05-16 08:47:36','2016-05-16 08:47:36',''),(240,5,1269,'Nilda Justina','Lozano Baldeon','48233927','','nilda.lozano@cnm.gob.pe',NULL,NULL,'2028080','270','SECRETARIA','\0',NULL,'2016-05-16 08:47:40','2016-05-16 08:47:40',''),(241,5,1269,'Inés Magalli','Tineo Merboro','28288748','','ines.tineo@cnm.gob.pe',NULL,NULL,'4220209',NULL,'PROFESIONAL A','\0',NULL,'2016-05-16 09:03:17','2016-05-16 09:03:17',''),(242,5,1269,'Peter John','Flores Caballero','40302384','\0','peter.flores@cnm.gob.pe',NULL,NULL,'2028080','270','TÉCNICO ADMINISTRATIVO','\0',NULL,'2016-05-16 09:06:35','2016-05-16 09:06:35',''),(243,5,1269,'Jannie','Merino Alegría','41993449','','janniemerino@gmail.com',NULL,'931293866',NULL,NULL,'Apoyo profesional','\0',NULL,'2016-05-16 09:10:23','2016-05-16 09:10:23',''),(244,5,1269,'Madelaine Franchesca','Loyola Lozano','44898003','','mfll_5@hotmail.com',NULL,'981197461',NULL,NULL,NULL,'\0',NULL,'2016-05-16 09:12:29','2016-05-16 09:12:29',''),(245,5,1269,'Jorge Luis','Castromonte Román','44311602','\0','jcastromonter@gmail.com',NULL,'962250397',NULL,NULL,'APOYO SOPORTE TÉCNICO','\0',NULL,'2016-05-16 09:15:03','2016-05-16 09:15:03',''),(246,5,1269,'Jesús Augustin','Zabarburu Torres','42301977','\0','jesus_zabarburu2103@hotmial.com',NULL,'982126666',NULL,NULL,NULL,'\0',NULL,'2016-05-16 09:26:47','2016-05-16 09:26:47',''),(247,367,1248,'Angel Ruben','Sullca Lazaro','10502118','\0','arlazaro@famesac.com','Computación e informática','997601959','7158890','119','Jefe de Sección Desarrollo Informático','\0',NULL,'2016-05-16 09:35:16','2016-05-16 09:35:16',''),(248,5,1269,'Karina Gertrudis','Grados Saenz','40647603','','karina.grados@cnm.gob.pe',NULL,NULL,'2028080','185','ABOGADO','\0',NULL,'2016-05-16 09:43:41','2016-05-16 09:43:41',''),(249,5,1269,'Violeta Janeth','Altamirano Ramírez','09797770','','altamirano.violeta@gmail.com',NULL,'942796442',NULL,NULL,'Apoyo Periodístico','\0',NULL,'2016-05-16 09:49:49','2016-05-16 09:49:49',''),(250,349,1125,'Edwing','Artica Rosales','19917849','\0','earticar@distriluz.com','Contador','952847847','44481300','31170','Analista de control de gestion','\0',NULL,'2016-05-16 09:54:05','2016-05-16 09:54:05',''),(251,5,1269,'Irma','Alfaro ZuÑiga','07942958','','irma.alfaro@cnm.gob.pe',NULL,NULL,'6418100','555','Apoyo Profesional','\0',NULL,'2016-05-16 09:55:41','2016-05-16 09:55:41',''),(252,5,1269,'Fiorella Margot','Córdova Yacolca','70065285','','fiorellamcy@hotmail.com',NULL,'992777191',NULL,NULL,'Apoyo Profesional','\0',NULL,'2016-05-16 09:58:09','2016-05-16 09:58:09',''),(253,5,1269,'Pedro José','Alva Monge','42000009','\0','palvamonge@gmail.com',NULL,'987715171',NULL,NULL,'Abogado','\0',NULL,'2016-05-16 10:00:27','2016-05-16 10:00:27',''),(254,5,1269,'Martín','Garrafa García','40838680','\0','martingarrafa@gmail.com',NULL,'930258321','2025489',NULL,'Abogado','\0',NULL,'2016-05-16 10:04:54','2016-05-16 10:04:54',''),(255,5,1269,'Mario Alberto','Vallejos Herencia','41407355','\0','mario.vallejos@cnm.gob.pe',NULL,NULL,NULL,NULL,'Apoyo técnico','\0',NULL,'2016-05-16 10:06:47','2016-05-16 10:06:47',''),(256,5,1269,'Martha Bertha','Carbajal Carrasco','06907653','','marthacarbajal_23@hotmail.com',NULL,'964753379',NULL,NULL,'Contadora','\0',NULL,'2016-05-16 10:11:35','2016-05-16 10:11:35',''),(257,5,1269,'Elizabeth Benancia','Ricra Pichilingue','41425733','','elizabeth.ricra@cnm.gob.pe',NULL,NULL,'2028080','143','Abogada','\0',NULL,'2016-05-16 10:15:16','2016-05-16 10:15:16',''),(258,5,1269,'Mery Salomé','Caldas Cueva','43434473','','mery.caldas@cnm.gob.pe',NULL,'987120051',NULL,NULL,'Apoyo Técnico','\0',NULL,'2016-05-16 10:28:14','2016-05-16 10:28:14',''),(259,5,1269,'Luis Alejandro','Collantes Carmona','70010715','\0','luis.collantes@cnm.gob.pe',NULL,'992088334',NULL,NULL,NULL,'\0',NULL,'2016-05-16 10:30:53','2016-05-16 10:30:53',''),(260,5,1269,'Jessica MarÍa','Alva Vásquez','18149119','','jessica.alva@cnm.gob.pe',NULL,'958465768',NULL,NULL,'APOYO LEGAL','\0',NULL,'2016-05-16 10:33:21','2016-05-16 10:33:21',''),(261,5,1269,'Mayra Norah','Carrión Reyes','73086286','','mayra.carrion@cnm.gob.pe',NULL,NULL,'2028080','151','APOYO TECNICO','\0',NULL,'2016-05-16 10:35:50','2016-05-16 10:35:50',''),(262,5,1269,'Jesika Juliana','Avila Ruiz','46564882','','hojavida2.dsn@cnm.gob.pe',NULL,'99348263',NULL,NULL,NULL,'\0',NULL,'2016-05-16 10:38:24','2016-05-16 10:38:24',''),(263,5,1269,'Nelly Rosa','Huanaco Osccohuilca','44460961','','nelly.huanaco@cnm.gob.pe',NULL,'987198609',NULL,NULL,'APOYO LEGAL','\0',NULL,'2016-05-16 10:39:42','2016-05-16 10:39:42',''),(264,5,1269,'Neyda','Corales Villanueva','42159618','','hojavida1.dsn@cnm.gob.pe',NULL,'980546299',NULL,NULL,'APOYO LEGAL','\0',NULL,'2016-05-16 10:41:56','2016-05-16 10:41:56',''),(265,3042,1269,'Ana MarÍa','Cachay Goicochea','41397550','','ana.cachay@perucompras.gob.pe','Ciencias de la comunicación','987762103',NULL,NULL,NULL,'\0',NULL,'2016-05-16 10:45:00','2016-05-16 10:45:00',''),(266,5,1269,'Josselin Sayuri','Castillo Espinoza','70183632','','josselincastilloespinoza.11@gmail.com',NULL,'984324195',NULL,NULL,'SESIGRISTA','\0',NULL,'2016-05-16 10:45:27','2016-05-16 10:45:27',''),(267,5,1269,'Lorenzo Augusto','Bautista Calahua','09893159','\0','lorenzo.bautista@cnm.gob.pe',NULL,'996977974',NULL,NULL,'TECNICO C','\0',NULL,'2016-05-16 10:47:44','2016-05-16 10:47:44',''),(268,5,1269,'Carmela Julissa','César Vargas','43188999','','carmela.cesar@cnm.gob.pe',NULL,'942125488',NULL,NULL,'AUDITOR','\0',NULL,'2016-05-16 10:51:19','2016-05-16 10:51:19',''),(269,5,1269,'Rosa Patricia','Rojas Quintanilla','23809733','','rosa.rojas@cnm.gob.pe',NULL,'990707267',NULL,NULL,'AUDITOR','\0',NULL,'2016-05-16 10:53:26','2016-05-16 10:53:26',''),(270,5,1269,'José Luís','Muñoz Cruz','06057785','\0','jose.munoz@cnm.gob.pe',NULL,'990992794',NULL,NULL,'AUDITOR','\0',NULL,'2016-05-16 10:55:23','2016-05-16 10:55:23',''),(271,5,1269,'Pedro Ricardo Alejandro','Davila Rivera','41722558','\0','pedro.davila@cnm.gob.pe',NULL,'938451383',NULL,NULL,'APOYO TÉCNICO','\0',NULL,'2016-05-16 10:58:07','2016-05-16 10:58:07',''),(272,5,1269,'José Rubén','Peche Leyva','07757456','\0','jose.peche@cnm.gob.pe',NULL,NULL,'2028080','114','TÉCNICO B','\0',NULL,'2016-05-16 11:01:50','2016-05-16 11:01:50',''),(273,5,1269,'Carla Geraldine','Castro Villegas','43396241','','carla.castro@cnm.gob.pe',NULL,NULL,'2028080','117','SECRETARIA','\0',NULL,'2016-05-16 11:05:31','2016-05-16 11:05:31',''),(274,5,1269,'Cynthia Andrea','Valdez Gallo','44989587','','cynthia.valdez@cnm.gob.pe',NULL,NULL,'2028080','117','TÉCNICO EN DERECHO','\0',NULL,'2016-05-16 11:08:00','2016-05-16 11:08:00',''),(275,5,1269,'Delia Mercedes','Pissani Lembcke','43605468','','delia.pissani@cnm.gob.pe',NULL,NULL,'2028080','534','APOYO PROFESIONAL','\0',NULL,'2016-05-16 11:09:45','2016-05-16 11:09:45',''),(276,5,1269,'Beatriz','Quispe Marquina','09901451','','secretaria.general@cnm.gob.pe',NULL,'995940878',NULL,NULL,'SECRETARIA','\0',NULL,'2016-05-16 11:12:00','2016-05-16 11:12:00',''),(277,5,1269,'Geraldine Reynalda','Bendezú Valverde','71474818','','geraldinebv14@hotmail.com',NULL,'991815554',NULL,NULL,'PRACTICANTE DERECHO','\0',NULL,'2016-05-16 11:15:57','2016-05-16 11:15:57',''),(278,5,1269,'MuÑoz Egusquiza','Deborah Esther','09515761','','deborah.conta@cnm.gob.pe',NULL,NULL,'2028080',NULL,'APOYO TÉCNICO','\0',NULL,'2016-05-16 11:25:04','2016-05-16 11:25:04',''),(279,5,1269,'Lucy','Alvarez Herrera','09448033','','lucy.alvarez@cnm.gob.pe',NULL,NULL,'2028080',NULL,'APOYO TÉCNICO','\0',NULL,'2016-05-16 11:28:38','2016-05-16 11:28:38',''),(280,5,1269,'Karla Jessica','Paredes Rioja','72972432','','KARLA.PAREDES@CNM.GOB.PE',NULL,NULL,'2028080',NULL,'TÉCNICO','\0',NULL,'2016-05-16 11:52:14','2016-05-16 11:52:14',''),(281,5,1269,'Manuel Octavio','Palacios Sanchez','44669396','\0','manuel.palacios@cnm.gob.pe',NULL,'997768261',NULL,NULL,'Apoyo Técnico','\0',NULL,'2016-05-16 11:54:42','2016-05-16 11:54:42',''),(282,5,1269,'Carmen Mirta','Obando Zavala','07202236','','carmen.obando@cnm.gob.pe',NULL,NULL,'2028080','261','JEFA DEL ÁREA DE REGISTRO DE JUECES Y FISCALES','\0',NULL,'2016-05-16 12:04:01','2016-05-16 12:04:01',''),(283,5,1269,'Fiorella Roxanna','Casique Alvizuri','10770482','','fiorella.casique@cnm.gob.pe',NULL,NULL,'2028080','144','ABOGADA','\0',NULL,'2016-05-16 12:09:40','2016-05-16 12:09:40',''),(284,901,1008,'Zutano X','Xxxxxxx','50505050','','fhuamanore@gmail.com','Ing sistemas','989447237',NULL,NULL,'jefe de planeamiento','','se encuentra  en silla de ruedas','2016-05-16 12:10:11','2016-05-16 12:10:11',''),(285,5,1269,'Carlos','Contreras Adrianzen','06624417','\0','carlos.contreras@cnm.gob.pe',NULL,NULL,'2028080','157','TÉCNICO ADMINISTRATIVO','\0',NULL,'2016-05-16 12:12:53','2016-05-16 12:12:53',''),(286,5,1269,'Miguel Angel','Yabar Gio','40799452','\0','mianyagi@gmail.com',NULL,'956745800',NULL,NULL,NULL,'\0',NULL,'2016-05-16 12:15:19','2016-05-16 12:15:19',''),(287,5,1269,'Carlos','Tupayachi Rodriguez','17914172','\0','carlos.tupayachi@cnm.gob.pe',NULL,NULL,'2028080','175','TÉCNICO ADMINISTRATIVO','\0',NULL,'2016-05-16 12:18:29','2016-05-16 12:18:29',''),(288,5,1269,'Alan Alberto','RodrÍguez VillagÓmez','42415293','\0','alberto_villagomez284@hotmail.com',NULL,'983650951',NULL,NULL,NULL,'\0',NULL,'2016-05-16 12:23:08','2016-05-16 12:23:08',''),(289,339,1277,'Carlos Felix','Gamarra Huatuco','09269656','\0','CGAMARRA@CORPAC.GOB.PE','Tecnico en sistemas',NULL,'4141000','2670',NULL,'\0',NULL,'2016-05-16 12:28:10','2016-05-16 12:28:10',''),(290,356,683,'Humberto Leandro','Paredes Garcia','23954855','\0','hparedes@enaco.com.pe','Economia','984584005','5184582000','160','analista programador','\0',NULL,'2016-05-16 14:03:11','2016-05-16 14:03:11',''),(291,380,1282,'Jose Antonio','Prieto Yalan','08508722','\0','jprieto@serpost.com.pe','Ingenieria de sistemas de informacion','945408743','5335000','5330','JEFE DPTO. SISTEMAS DE INFORMACION','\0',NULL,'2016-05-16 14:15:06','2016-05-16 14:15:06',''),(292,94,1246,'José Antonio','Bocanegra Herrera','43337489','\0','jabh_lito@hotmail.com','Marino','988354710','2078900','2339','Sistemas','\0',NULL,'2016-05-16 14:18:06','2016-05-16 14:18:06',''),(293,344,331,'Luis Alberto','Pacheco Abarca','29559910','\0','lpacheco@egasa.com.pe','Ingeniero de sistemas','973583346','383838','2040','Jefe de Tecnologías de Información y Comunicaciones','\0',NULL,'2016-05-16 14:19:55','2016-05-16 14:19:55',''),(294,347,1593,'Cesar Humbereto','Castro Guzman','06801396','\0','ccastro@sangaban.com.pe','Ing. industrial','951293540','051364401','450','JEFE DIVISION TI','\0',NULL,'2016-05-16 14:21:25','2016-05-16 14:21:25',''),(295,369,1259,'Aldo Gonzalo','Rizzo Reyes','45219916','\0','arizzo@fonafe.gob.pe',NULL,NULL,NULL,NULL,NULL,'\0',NULL,'2016-05-16 14:23:41','2016-05-16 14:23:41',''),(296,19,1246,'Virginia Gloria','Gomez Cuaresma','10632979','','gloria.gomez@marina.pe','Pda','996209895','2078900','2339','sistemas','\0',NULL,'2016-05-16 14:26:44','2016-05-16 14:26:44',''),(297,369,1272,'Dilquer','Luna Duarnd','43103343','\0','dluna@fonafe.gob.pe','Economista',NULL,'4404222','236','Analista de Gestión de Empresas','\0',NULL,'2016-05-16 14:27:42','2016-05-16 14:27:42',''),(298,5,1269,'Eddin Matilde','Huamani Puza De Ramos','15453503','','andreal1505@hotmail.com',NULL,'999943542',NULL,NULL,'SECIGRISTA','\0',NULL,'2016-05-16 14:35:27','2016-05-16 14:35:27',''),(299,357,1272,'Diana','Alvarez','09080707','','dalvarez@enapu.com.pe','Cc.comunicación',NULL,'6517822',NULL,'Oficina Imagen Institucional','\0',NULL,'2016-05-16 14:36:19','2016-05-16 14:36:19',''),(300,357,1278,'Ieda','Tamariz','25560046','','imagen@enapu.com.pe','Cc.comunicación',NULL,'6517822',NULL,'Oficina Imagen Institucional','\0',NULL,'2016-05-16 14:38:24','2016-05-16 14:38:24',''),(301,5,1269,'Alfredo Pelayo','Venegas Silva','70005946','\0','alfredovenegassilva@gmail.com',NULL,'940422339',NULL,NULL,'PRACTICANTE PRE PROFESIONAL','\0',NULL,'2016-05-16 14:38:26','2016-05-16 14:38:26',''),(302,5,1269,'Edith Luz','Mendoza Mateo','08694125','','edi7574@hotmail.com',NULL,'993362331',NULL,NULL,'ABOGADA','\0',NULL,'2016-05-16 14:40:58','2016-05-16 14:40:58',''),(303,5,1269,'Henry Neiser','Lozano Villegas','47078933','\0','hlozanovillegas@gmail.com',NULL,'979662882',NULL,NULL,'APOYO TÉCNICO','\0',NULL,'2016-05-16 14:43:34','2016-05-16 14:43:34',''),(304,357,1820,'Manuel Martin','Moreno Rodriguez','25772566','\0','manolomorenor@outlook.com.pe','Ciencias de la comunicación','997199721','6517822',NULL,'Asistente de Imagen Institucional','\0',NULL,'2016-05-16 14:44:38','2016-05-16 14:44:38',''),(305,5,1269,'Reynaldo','Almonacid Zamudio','45782185','\0','reynaldo.almonacid@cnm.gob.pe',NULL,'956446951',NULL,NULL,'APOYO TÉCNICO','\0',NULL,'2016-05-16 14:46:39','2016-05-16 14:46:39',''),(306,5,1269,'Lilian Fiorella','Callalli Cruz','48488443','','fiore2c@hotmail.com',NULL,'991506265',NULL,NULL,'SESIGRISTA','\0',NULL,'2016-05-16 14:52:31','2016-05-16 14:52:31',''),(307,5,1269,'Katherine Janett','Rivero Li','45940390','','katherine.rivero@cnm.gob.pe',NULL,'989780848',NULL,NULL,'ABOGADA','\0',NULL,'2016-05-16 14:55:41','2016-05-16 14:55:41',''),(308,369,1271,'Tatiana','Caceres Cano','41837784','','tcaceres@fonafe.gob.pe','Contadora','989192720','4404222','237','analista de empresas','\0',NULL,'2016-05-16 15:00:14','2016-05-16 15:00:14',''),(309,5,1269,'Beatriz Matilde','Santillan Delgado','40131753','','beatriz.santillan@cnm.gob.pe',NULL,'965462526',NULL,NULL,'PRACTICANTE EN DERECHO','\0',NULL,'2016-05-16 15:01:14','2016-05-16 15:01:14',''),(310,332,1269,'Miguel Angel','Mucha Davila','41608757','\0','mmucha@agrobanco.com.pe','Ingeniero sistemas','943922524',NULL,NULL,'Asistente sistemas','\0',NULL,'2016-05-16 15:03:30','2016-05-16 15:03:30',''),(311,5,1269,'Ladislao Alberto','Huaman Loayza','08114712','\0','alberto.huaman@cnm.gob.pe',NULL,NULL,'2028085',NULL,NULL,'\0',NULL,'2016-05-16 15:04:13','2016-05-16 15:04:13',''),(312,376,1262,'Roxana Jessica','Tene Rojas','10870246','','rtener@sedapal.com.pe','Ingeniera de sistemas','987411955','3173000','3677','analista de gestion','\0',NULL,'2016-05-16 15:07:16','2016-05-16 15:07:16',''),(313,5,1269,'Wenitu Moises','Serna Diaz','42415303','\0','serhistorico@gmail.com',NULL,'974720178',NULL,NULL,NULL,'\0',NULL,'2016-05-16 15:13:29','2016-05-16 15:13:29',''),(314,2545,1246,'José Manuel','Junco Lizarbe','09959023','\0','jmjunco@gmail.com','Ing. electrónico','963719888','2548757',NULL,'Jefe de Ciencias','\0',NULL,'2016-05-16 15:14:06','2016-05-16 15:14:06',''),(315,381,331,'Miguel Angel','Gonzales Durand','29717061','\0','mgonzales@seal.com.pe','Sistemas','959917238','381377','1406','Jefe de Unidad de TIC','\0',NULL,'2016-05-16 15:17:02','2016-05-16 15:17:02',''),(316,5,1269,'Dina Susi','Caviedes Solier','08268795','','susy.caviedes@gmail.com',NULL,'992196788','2028080','153',NULL,'\0',NULL,'2016-05-16 15:18:33','2016-05-16 15:18:33',''),(317,378,1272,'Luis','Boggio Rodriguez','09851517','\0','lboggio@sima.com.pe','Analista de sistemas',NULL,'4131100','1627','Webmaster','\0',NULL,'2016-05-16 15:19:48','2016-05-16 15:19:48',''),(318,378,1246,'Mirtha','Gutierrez','41218451','','mgutierrezh@sima.com.pe','Ing. industrial','980184498','4131100','1555','analista','\0',NULL,'2016-05-16 15:22:26','2016-05-16 15:22:26',''),(320,379,1272,'Christian Marin','Medina Byrne','10188423','\0','CMEDINAB@SILSA.COM.PE','Presupuesto','975444397','6144600','640','PRESUPUESTO','\0',NULL,'2016-05-16 15:30:06','2016-05-16 15:30:06',''),(321,5,1269,'Christopher Fernando Moises','Lazaro Zelada','47260898','\0','christopher.lazaro@cnm.gob.pe',NULL,NULL,'2028080','261',NULL,'\0',NULL,'2016-05-16 15:30:18','2016-05-16 15:30:18',''),(322,5,1269,'Taylor Bladimir','Sevillano Avila','42225448','\0','taylor.sevillano@cnm.gob.pe',NULL,NULL,'2028080','261',NULL,'\0',NULL,'2016-05-16 15:33:03','2016-05-16 15:33:03',''),(323,379,1285,'Franco','Mérida Latorre','41113887','\0','fmerida@silsa.com.pe','Ingeniería de sistemas','996086659',NULL,NULL,'Jefe de Sistemas','\0',NULL,'2016-05-16 15:34:54','2016-05-16 15:34:54',''),(324,5,1269,'Johnny','Chilicahua Villacorta','40659412','\0','johnny.chilicahua@cnm.gob.pe',NULL,NULL,'2028080','200','Recepcionista','\0',NULL,'2016-05-16 15:37:53','2016-05-16 15:37:53',''),(325,378,1285,'José Luis','VillalÓn','43838264','\0','jovillacruz@sima.com.pe','Militar','999132925',NULL,NULL,'Secretario General','\0',NULL,'2016-05-16 15:40:23','2016-05-16 15:40:23',''),(326,5,1269,'Victor Hugo','QuiÑones Melchor','06437084','\0','victor.quinones@cnm.gob.pe',NULL,NULL,'2028080',NULL,NULL,'\0',NULL,'2016-05-16 15:42:06','2016-05-16 15:42:06',''),(327,5,1269,'Elsa Maritza','Aragón Hermoza De Cortijo','07194571','','elsa.aragon@cnm.gob.pe','Doctora en derecho',NULL,'2028080',NULL,'Consejera del Consejo Nacional de la Magistratura','\0',NULL,'2016-05-16 15:47:51','2016-05-16 15:47:51',''),(328,5,1269,'Florencio','Condori Zapata','10028197','\0','florencio.condori@cnm.gob.pe',NULL,NULL,'2028080','200',NULL,'\0',NULL,'2016-05-16 16:05:34','2016-05-16 16:05:34',''),(329,5,1269,'JosÉ Luis','Ayala Alferez','41336416','\0','jose.ayala@cnm.gob.pe',NULL,'987102257','2028080','153',NULL,'\0',NULL,'2016-05-16 16:12:44','2016-05-16 16:12:44',''),(330,284,1276,'Jenny','Sarmiento Gutierrez','08890332','','jennygordita@hotmail.com','Contabilidad','999078408','6343300','50519','Especialista  3','\0',NULL,'2016-05-16 16:22:19','2016-05-16 16:22:19',''),(331,327,1275,'Ernesto','Lauer Mc Lauchlan','42892412','\0','redsocial@sunedu.gob.pe','Comunicaciones','992526236','4694225',NULL,'Especialista de Estrategia Digital','\0',NULL,'2016-05-16 16:25:30','2016-05-16 16:25:30',''),(332,327,1259,'Yesica Milagros','Vargas Prada','09673044','','yesicavargas@sunedu.gob.pe','Ing. de sistemas','999966368','5003930','1479','Especialista Administrativo I','\0',NULL,'2016-05-16 16:25:46','2016-05-16 16:25:46',''),(333,327,1275,'Martha Ruth','Esteban Bautista','10009774','','OTI20@SUNEDU.GOB.PE','Ingenieria empresarial y de sistemas',NULL,'5003930','2002','RESPONSABLE DE SEGURIDAD DE LA INFORMACION','\0',NULL,'2016-05-16 16:28:50','2016-05-16 16:28:50',''),(334,327,1253,'Elmer Eduardo','Delgado Ruggel','06088868','\0','elmerdelgado@sunedu.gob.pe','Economista','952057795','5003930','1811','Jefe Unidad de Planeamiento Estratégico y Modernizacion','\0',NULL,'2016-05-16 16:30:31','2016-05-16 16:30:31',''),(335,341,1826,'Celestino','Rojas Gamarra','41119042','\0','crojas@electroucayali.com.pe','Ing. de sistemas e informática','999150108','061596454','110','Jefe de la Oficina de Gestión Empresarial','\0',NULL,'2016-05-16 16:32:43','2016-05-16 16:32:43',''),(336,343,1259,'Francisco','Ortega Molinari','25744102','\0','fortega@electroperu.com.pe',NULL,NULL,'7083248',NULL,'Analista de Informática','\0',NULL,'2016-05-16 16:34:43','2016-05-16 16:34:43',''),(337,110,1278,'Elvia Eve','Jimenez Valladares','25548592','','elvia.jimenez@essalud.gob.pe','Administrativa','980311531','2656000','2830','Encargada Portal de Transparencia','\0',NULL,'2016-05-16 16:35:44','2016-05-16 16:35:44',''),(338,374,1255,'Rolando Eradio','Ramirez Alvarado','10061777','\0','rramireza@perupetro.com.pe','Ingeniero industrial','971415258','2061800','1140','Responsable de Transparencia','\0',NULL,'2016-05-16 16:36:03','2016-05-16 16:36:03',''),(339,369,1269,'Christian Alonso','Torres Quiroz','72848077','\0','ctorres@fonafe.gob.pe','Administracion y finanzas','950549326','4404222','237','Practicante Profesional de Desarrollo Corporativo','\0',NULL,'2016-05-16 16:37:42','2016-05-16 16:37:42',''),(340,94,1820,'Rogger Estanislao','Inga Soto','43280556','\0','rogger_inga@outlook.com.pe','Sistemas','989393148','2078900','2329','sistemas','\0',NULL,'2016-05-16 16:37:45','2016-05-16 16:37:45',''),(341,2329,1280,'Cesar Eduardo','Salazar Osorio','08197354','\0','csalazar@esvicsac.com.pe','Ingeniero','993558019','4712552','109','Jefe Departamento de Sistemas','\0',NULL,'2016-05-16 16:40:55','2016-05-16 16:40:55',''),(342,349,1285,'Juan Cristobal','Castellano Tataje','09297751','\0','jcastellanot@distriluz.com.pe','Economista','996877049','074481210','21200','Gerente de Administracion y Finanzas','\0',NULL,'2016-05-16 16:43:28','2016-05-16 16:43:28',''),(343,327,1254,'Angelo Alexis','Lindo Cárdenas','42290068','\0','especialista_sg@sunedu.gob.pe',NULL,NULL,NULL,NULL,'asesor','\0',NULL,'2016-05-16 16:44:18','2016-05-16 16:44:18',''),(344,374,1275,'Wesly Johann Pedro','Vivanco Puca','47035587','\0','weshann19@gmail.com','Ing. sistemas','989675813','2061800','8144','Practicante Profesional del Grupo Funcional Tecnología de Información','\0',NULL,'2016-05-16 17:22:39','2016-05-16 17:22:39',''),(345,94,1275,'Diego Alexander','Reyes Obando','45433298','\0','diego.reyes@marina.pe','Sistemas','998741385','2078900','2339','jefe de sistemas','\0',NULL,'2016-05-16 17:25:31','2016-05-16 17:25:31',''),(346,369,1269,'Fabiola','Rojas Remicio','42959707','','arojas@fonafe.gob.pe','Abogada','984121690','4404222','235','Ejecutiva de Asuntos Legales','\0',NULL,'2016-05-16 17:47:43','2016-05-16 17:47:43',''),(347,284,1270,'Rosa Maria','Castro Castro','43733087','','RCASTROCA@SUNAT.GOB.PE',NULL,NULL,NULL,NULL,NULL,'\0',NULL,'2016-05-16 17:48:44','2016-05-16 17:48:44',''),(348,3,1320,'Maria','Contreras','80808080','','FHUAMANORE@GMAIL.COM','Contadora',NULL,'5555555',NULL,'JEFE DE PLANEAMIENTO','','DGFDGFDSGFDSG','2016-05-17 09:47:33','2016-05-17 09:47:33',''),(349,4,1086,'Maria Eugenia','Vilchez Pérez','10101010','','me@produce.gob.pe',NULL,NULL,NULL,NULL,NULL,'\0',NULL,'2016-05-17 10:17:03','2016-05-17 10:17:03',''),(350,388,440,'Royber','Palomino Figueroa','45816948','\0','roy_pf@hotmail.com','Sistemas',NULL,NULL,NULL,'Asistente','\0',NULL,'2016-05-17 10:23:56','2016-05-20 09:00:44',''),(351,388,440,'Juan Carlos','Almonacid Candia','45171314','\0','jalmonacid@regionayacucho.gob.pe','Sistemas',NULL,NULL,NULL,'Redes','\0',NULL,'2016-05-17 10:32:44','2016-05-20 09:03:29',''),(352,388,440,'Ruben Dayvis','Urbay Vargas','47698087','\0','Urbay_R@hotmail.com','Sistemas',NULL,NULL,NULL,'Practicante','\0',NULL,'2016-05-17 10:34:46','2016-05-20 09:03:15',''),(353,29,440,'Herbert Victor','Cordero Hijar','46744630','\0','Hvictorch@gmail.com','Administración de empresas',NULL,NULL,NULL,'Asistenten','\0',NULL,'2016-05-17 19:09:18','2016-05-20 09:09:43',''),(354,29,440,'Yelynw Floryza','Zanabria Barrera','71218755','','yelyn-10@hotmail.com','Ocupación estudiante superior  de ciencias contables y financieras',NULL,NULL,NULL,'Asistenta','\0',NULL,'2016-05-17 19:25:49','2016-05-20 09:07:36',''),(355,388,440,'Carito','Illaciancca Rojas','74238657','','caritodreams7@gmail.com','Sistemas',NULL,NULL,NULL,'Asistente administrativo','\0',NULL,'2016-05-18 11:49:46','2016-05-20 09:01:03',''),(356,418,440,'Marleny','Navarro Gonzales','42213810','\0','marlenknag@hotmail.com','Sistemas',NULL,NULL,NULL,'Subgerente','\0',NULL,'2016-05-19 16:28:13','2016-05-20 08:52:10',''),(357,505,440,'Erick','Escalante Otano','70021899','\0','ericks.escalante@gmail.com','Sistemas',NULL,NULL,NULL,'Ing. sistemas ii','\0',NULL,'2016-05-19 16:29:58','2016-05-20 08:54:28',''),(358,505,440,'Yuri','Hinostroza Fernandez','44816747','\0','yhinostrozaf@outlook.com','Sistemas',NULL,NULL,NULL,'Administrador de base de datos','\0',NULL,'2016-05-19 16:31:35','2016-05-20 08:54:45',''),(359,2839,440,'Sheyla','Carpio Quispe','46154018','','sheyla_carpio@hotmail.com','Sistemas',NULL,NULL,NULL,'Ingeniero sistemas ii','\0',NULL,'2016-05-19 16:35:06','2016-05-20 08:55:08',''),(360,152,440,'Jennifer','Pillaca De La Cruz','41892618','','jennifer.rocio@hotmail.com','Informatica',NULL,NULL,NULL,'Doncente','\0',NULL,'2016-05-19 16:37:44','2016-05-20 08:55:21',''),(361,2840,440,'Adu Gray','Garamendi Ayala','40406164','\0','adugrayga@gmail.com','Informatica',NULL,NULL,NULL,'Jefe telecomunicaciones','\0',NULL,'2016-05-19 16:40:42','2016-05-20 08:55:35',''),(362,388,440,'Pedro','Guerra Huaman','28210755','\0','pedrog140@hotmail.com','Planificador',NULL,NULL,NULL,'Planificador','\0',NULL,'2016-05-19 16:42:53','2016-05-20 08:55:52',''),(363,388,440,'Jhony Emerson','Pacheco Martines','47175835','\0','sony723@hotmail.com',NULL,NULL,NULL,NULL,'Abastesimiento','\0',NULL,'2016-05-20 07:49:56','2016-05-20 08:56:05',''),(364,388,440,'Melva','Gamonel Aramburu','22304927','','melvagamonel@hotmail.com','Contabilidad',NULL,NULL,NULL,'Contabilidad','\0',NULL,'2016-05-20 07:52:58','2016-05-20 08:56:20',''),(365,388,440,'Sonia','Gonzales Paucar','28292099','','sony723@hotmail.com',NULL,NULL,NULL,NULL,'Responsable escalafon','\0',NULL,'2016-05-20 08:40:05','2016-05-20 08:56:34',''),(366,152,440,'Edith','Guevara Morote','09275235','','edithfguevara@hotmail.com','Sistemas',NULL,NULL,NULL,'docente','\0',NULL,'2016-05-20 10:29:18','2016-05-20 10:29:18',''),(367,152,440,'Karel','Peralta Sotomayor','07965285','\0','karelperalta@gmail.com','Sistemas',NULL,NULL,NULL,'docente','\0',NULL,'2016-05-20 11:39:29','2016-05-20 11:39:29',''),(368,152,440,'Elinar','Carrillos Riveros','01324483','','elinar.carrillo@unsch.edu.pe','Sistemas',NULL,NULL,NULL,'docente','\0',NULL,'2016-05-20 12:33:27','2016-05-20 12:33:27',''),(369,152,440,'Christian','Luzema Cuellar','23715433','\0','clc_p@hotmail.com','Ingeniero electronico',NULL,NULL,NULL,'docente','\0',NULL,'2016-05-20 12:38:26','2016-05-20 12:38:26',''),(370,152,440,'Carmen Mercedes','Quispe Espillco','40400207','','cqmercedes@gmail.com','Informatica',NULL,NULL,NULL,'docente','\0',NULL,'2016-05-20 18:12:21','2016-05-20 18:12:21',''),(371,47,1438,'Javier Ernesto','Vardales Chiroque','14121454','\0','jvardales@hotmail.com','Ingeniero informatico',NULL,NULL,NULL,NULL,'\0',NULL,'2016-05-16 13:24:19','2016-05-16 13:24:19',''),(372,35,1529,'Nyurka Idania','Benites Maceda','41434847','','joalvm@gmail.com','Medicina',NULL,NULL,NULL,NULL,'\0',NULL,'2016-05-16 13:45:23','2016-05-16 13:45:23',''),(373,74,608,'Maria Esperanza','Concharo Estrada','42474898','','joalvm@outlook.com','Ingenieria biquimica',NULL,'07335214',NULL,NULL,'\0',NULL,'2016-05-16 13:49:41','2016-05-16 13:49:41',''),(374,92,407,'Ana','Garcia Miranda','46494745','','support@treffpunkt-liebefeld.ch','Electronica','987574587','1015145','1213',NULL,'\0',NULL,'2016-05-16 13:56:37','2016-05-16 13:56:37',''),(376,12,98,'Javier','Maldonado Ledesma','40404040','\0','joalvm@gmail.com','Psiquiatria',NULL,NULL,NULL,NULL,'\0',NULL,'2016-05-17 18:39:21','2016-05-17 18:39:21',''),(377,3043,1271,'Sandra Viviana','Huasupoma Guerra','06813073','','svhg1@hotmail.com','Asistente contable','945684323',NULL,NULL,NULL,'\0',NULL,'2016-05-18 00:17:57','2016-05-18 00:17:57',''),(378,140,1287,'Maggie Lyn','Salazar Correa','72750716','','maggie_sc92@hotmail.com','Psicología organizacional','979346533',NULL,NULL,'Estudiante','\0',NULL,'2016-05-18 00:33:53','2016-05-18 00:33:53',''),(379,3051,1279,'Ani Yulissa','León Chanamé','46524079','','anizita_clam_24@hotmail.com','Administración y negocios internacionales','945202886','015321125','Idioma','Estudiante','\0',NULL,'2016-05-18 00:43:25','2016-05-18 22:16:41',''),(380,3044,1271,'Víctor Franco','Chinchay Alburqueque','71850908','\0','franco_chinchay@hotmail.com','Ing. sistemas e informática','969725598',NULL,NULL,'Estudiante','\0',NULL,'2016-05-18 00:54:36','2016-05-18 00:54:36',''),(381,3045,1251,'Aldana Jazmin','Sandoval Rosales','76545827','','aldanajsr@gmail.com','Ingeniería industrial','983259557','5410433',NULL,'Estudiante','\0',NULL,'2016-05-18 00:56:58','2016-05-18 00:56:58',''),(382,54,1287,'Percy Kevin','Valle Mori','46966493','\0','percyvalleblack@hotmail.com','Ingenieria industrial','971117607','5568472',NULL,NULL,'\0',NULL,'2016-05-18 09:43:13','2016-05-18 09:43:13',''),(383,3046,1267,'Carlos Alberto','Pérez Guerrero','70799211','\0','carlos.p.g.13@hotmail.com','Ingeniería civl','980628408',NULL,NULL,'Estudiante','\0',NULL,'2016-05-18 13:12:09','2016-05-18 13:12:09',''),(384,140,1277,'José ángel','Padilla Conde','76202390','\0','angel.517@hotmail.com','Física','957308666','15933102',NULL,'Estudiante','\0',NULL,'2016-05-18 13:15:03','2016-05-18 13:15:03',''),(385,3049,1271,'Diana Katerin','Gabriel López','70193518','','dayana_92_05@hotmail.com','Administracion','991172350',NULL,NULL,'Estudiante','\0',NULL,'2016-05-18 13:24:08','2016-05-18 13:24:08',''),(386,3050,1271,'Claudia Angelica','Laguna Marroquin','74313710','','claudialaguna24@gmail.com','Administración de negocios internacionales','965789344','5687324',NULL,NULL,'\0',NULL,'2016-05-18 13:29:27','2016-05-18 13:29:27',''),(387,3051,1262,'Anthony Brian Raul','Cubas Valdivia','45489448','\0','cub_181199@hotmail.com','Estomatología','992732104','016815564',NULL,'Estudiante','\0',NULL,'2016-05-18 13:31:35','2016-05-18 13:31:35',''),(388,3052,1271,'Valeria del Pilar','Altamirano Castro','70850548','','valecastro60@gmail.com','Gestión y alta dirección','965421713','5683142',NULL,NULL,'\0',NULL,'2016-05-18 13:38:55','2016-05-18 13:38:55',''),(389,3052,1262,'Fiorella Ivonne','Agapito Alcántara','73128591','','fiorellaagapito@hotmail.com','Gestión y alta dirección','991891497','7448763',NULL,NULL,'\0',NULL,'2016-05-18 13:46:02','2016-05-18 13:46:02',''),(390,3045,1275,'Marlenni Stefanni','Ruiz Palma','70981450','','marlenni.srp@gmail.com','Administración de negocios globales','989179703',NULL,NULL,'Estudiante','\0',NULL,'2016-05-18 13:47:56','2016-05-18 13:47:56',''),(391,3047,1305,'Marcos Alberto','Bustamante Huapaya','71436353','\0','marcos_bustamante_93@hotmail.com','Administracion de negocios','957282357',NULL,NULL,'Estudiante','\0',NULL,'2016-05-18 13:48:11','2016-05-18 13:48:11',''),(392,3043,1282,'Rossemary','Hostos Cabrera','40622012','','rossihostos@gmail.com','Tecnico administrativo','955173306',NULL,NULL,'Técnico administrativo','\0',NULL,'2016-05-18 13:49:11','2016-05-18 13:49:11',''),(393,3048,1271,'Ivonne','Garcia Telles','74157530','','vale.01.01@hotmail.com','Administración','982272690',NULL,NULL,'Estudiante','\0',NULL,'2016-05-18 19:23:07','2016-05-18 19:23:07',''),(394,3053,1271,'Doris Angelica','Hostos Manuyama','71257871','','dorisangelica95@gmail.com','Diseño grafico','963076592','4816853',NULL,NULL,'\0',NULL,'2016-05-19 00:33:45','2016-05-19 00:33:45',''),(395,2,1002,'Nombreuno','ñañañaña','11111111','\0','nombre1@gmail.com','','11122212',NULL,'123','Jefe de planeamiento','',NULL,'2016-05-31 14:11:14','2016-05-31 14:11:14',''),(396,2,1002,'Nombre Dos','Apellido Dos','11111112','','nombredos@gmail.com','Doctora','111222111',NULL,'001','Jefe de gobierno electronico','\0',NULL,'2016-05-31 14:12:51','2016-05-31 14:12:51',''),(397,2,787,'Nombre Tres','Apellido Tres','11111113','','nombretres@gmail.com','','999999999',NULL,NULL,'Jefe de sistemas','\0',NULL,'2016-05-31 14:18:16','2016-05-31 14:18:16',''),(398,2,1311,'Juana','Laera','22222223','','JLAERA@GMAIL.COM','',NULL,NULL,NULL,NULL,'\0',NULL,'2016-06-01 14:18:25','2016-06-01 14:18:25',''),(399,2,1221,'Maria','Rodriguez','22222226','','MRODRIGUEZ@GMAIL.COM','',NULL,NULL,NULL,NULL,'\0',NULL,'2016-06-01 14:19:26','2016-06-01 14:19:26',''),(400,2,99,'Pedro','Martinez Ola','22222227','\0','PMARTINEZ@GMAIL.COM','',NULL,NULL,NULL,NULL,'',NULL,'2016-06-01 14:21:10','2016-06-01 14:21:10',''),(401,744,1739,'Eddy Francisco','Fernandez Garcia','01084928','\0','eddy_fernandez_g@hotmail.com','',NULL,NULL,NULL,NULL,'\0',NULL,'2016-06-09 09:37:28','2016-06-09 09:37:28',''),(402,2880,1739,'Ericka Melissa','Pichis Mendoza','45560659','','epichis@peam.gob.pe','',NULL,NULL,NULL,NULL,'\0',NULL,'2016-06-09 09:45:48','2016-06-09 09:45:48',''),(403,2880,1739,'Jeanneth Mercedes','Torres Vásquez','45634506','','jtorres@peam.gob.pe','',NULL,NULL,NULL,NULL,'\0',NULL,'2016-06-09 09:50:37','2016-06-09 09:50:37',''),(404,2881,1739,'Edith','Davila Mestanza','71325526','','e.dailamestanza@gmail.com','',NULL,NULL,NULL,NULL,'\0',NULL,'2016-06-09 09:54:42','2016-06-09 09:54:42',''),(405,585,1739,'Annie Mabel','Chong Bartra','43339527','','achongb@mpsm.gob.pe','',NULL,NULL,NULL,NULL,'\0',NULL,'2016-06-09 10:02:21','2016-06-09 10:02:21',''),(410,585,1739,'Yerson','Arce Arbildo','45214673','\0','arce701@hotmail.com','',NULL,NULL,NULL,NULL,'\0',NULL,'2016-06-15 08:01:45','2016-06-15 08:01:45',''),(411,2130,1739,'Alejando Amapor','Agurto Mogollon','10333968','\0','alejandroaam72@hotmail.com','',NULL,NULL,NULL,NULL,'\0',NULL,'2016-06-15 08:10:16','2016-06-15 08:10:16',''),(412,403,1739,'Lucy','Lopez Padilla','44991253','','lulopa23@hotmail.com','',NULL,NULL,NULL,NULL,'\0',NULL,'2016-06-15 08:16:39','2016-06-15 08:16:39',''),(413,791,1739,'Maria Leonila','Campos Cueva','45080352','','campos_24_88@hotmail.com','',NULL,NULL,NULL,NULL,'\0',NULL,'2016-06-15 08:27:39','2016-06-15 08:27:39',''),(414,2883,1739,'Maria','Julca Romero','16776341','','mjulca@drems.gob.pe','',NULL,NULL,NULL,NULL,'\0',NULL,'2016-06-15 08:31:35','2016-06-15 08:31:35',''),(415,2896,1739,'Natividad','Cappillo Torres','08115869','','ncappillo@pehcbm.gob.pe','',NULL,NULL,NULL,NULL,'\0',NULL,'2016-06-15 08:34:55','2016-06-15 08:34:55',''),(416,1822,1739,'Esther','Diaz Bartra','46232985','','estherdb_13@hotmail.com','',NULL,NULL,NULL,NULL,'\0',NULL,'2016-06-15 08:41:34','2016-06-15 08:41:34',''),(417,1287,1739,'Hannyber','Barrera Paredes','46627695','\0','hannyberbp@gmail.com','',NULL,NULL,NULL,NULL,'\0',NULL,'2016-06-15 08:44:11','2016-06-15 08:44:11',''),(418,1287,1739,'Jose Damian','Ramirez Ramirez','44041788','\0','marafersystem3@gmail.com','',NULL,NULL,NULL,NULL,'\0',NULL,'2016-06-15 08:46:25','2016-06-15 08:46:25',''),(419,543,1739,'Edilberto','Hernandez Cervera','45085226','\0','edilhc@hotmail.com','',NULL,NULL,NULL,NULL,'\0',NULL,'2016-06-15 08:50:24','2016-06-15 08:50:24',''),(420,1523,1739,'Wilmer','Dávila Pérez','43996198','\0','informatica@nuevacajmaarca.gob.pe','',NULL,NULL,NULL,NULL,'\0',NULL,'2016-06-15 08:52:34','2016-06-15 08:52:34',''),(421,2038,1739,'Fani Esther','Herrera Correa','70061011','','fanilu_22@hotmail.com','',NULL,NULL,NULL,NULL,'\0',NULL,'2016-06-15 08:54:17','2016-06-15 08:54:17',''),(422,1596,1739,'Humberto','Pinedo Rengifo','00821480','\0','humbertopinedorengifo@hotmail.com','',NULL,NULL,NULL,NULL,'\0',NULL,'2016-06-15 09:07:31','2016-06-15 09:07:31',''),(423,1214,1739,'Werlin','Rios Cabellos','70069147','\0','werlinrios@outlook.com.pe','',NULL,NULL,NULL,NULL,'\0',NULL,'2016-06-15 09:10:29','2016-06-15 09:10:29',''),(424,2884,1739,'Rodolfo Aaron Frankling','Vasquez Escudero','70168276','\0','avasquez@drtcsanmartin.gob.pe','',NULL,NULL,NULL,NULL,'\0',NULL,'2016-06-15 09:13:16','2016-06-15 09:13:16',''),(425,1904,1739,'Florividy','Sánchez Peltroche','70748444','\0','frances_Adm2016@hotmail.com','',NULL,NULL,NULL,NULL,'\0',NULL,'2016-06-15 09:16:37','2016-06-15 09:16:37',''),(426,580,1739,'Hector Manuel','Suarez Rios','18067785','\0','msuarez2004@hotmail.com','',NULL,NULL,NULL,NULL,'\0',NULL,'2016-06-15 09:18:10','2016-06-15 09:18:10',''),(427,2885,1739,'Geisen','Julca Vasquez','46685700','\0','gjulcvas@gmail.com','',NULL,NULL,NULL,NULL,'\0',NULL,'2016-06-15 09:21:43','2016-06-15 09:21:43',''),(428,2878,1739,'Jhonnatan','Tipa Armas','45477608','\0','goodkind@hotmail.es','',NULL,NULL,NULL,NULL,'\0',NULL,'2016-06-15 09:33:51','2016-06-15 09:33:51',''),(429,1078,1739,'Lenin','Altamirano Trujillo','45844129','\0','muni@muniesv.gob.pe','',NULL,NULL,NULL,NULL,'\0',NULL,'2016-06-15 09:36:09','2016-06-15 09:36:09',''),(430,1072,1739,'Alfonso','Ruiz Chumbe','80290570','\0','municipalidadelporvenir@hotmail.com','',NULL,NULL,NULL,NULL,'\0',NULL,'2016-06-15 09:48:57','2016-06-15 09:48:57',''),(431,495,1739,'Wilfredo','Cardeña Canto','40408678','\0','adminweb@eldorado.gob.pe','',NULL,NULL,NULL,NULL,'\0',NULL,'2016-06-15 09:50:41','2016-06-15 09:50:41',''),(432,2896,1739,'Julio Alberto','Marina Diaz','41635631','\0','JMARIN@PEHCBM.GOB.PE','',NULL,NULL,NULL,NULL,'\0',NULL,'2016-06-15 09:53:39','2016-06-15 09:53:39',''),(433,2895,1739,'Oscar Eduardo','Calle Alvarado','40302946','\0','srbm-t.informatica@regionsanmartin.gob.pe','',NULL,NULL,NULL,NULL,'\0',NULL,'2016-06-15 09:55:23','2016-06-15 09:55:23',''),(434,2895,1739,'Benito','Urrutia Reinel','80337687','\0','srbm-t.transparencia@regionsanmartin.gob.pe','',NULL,NULL,NULL,NULL,'\0',NULL,'2016-06-15 09:56:57','2016-06-15 09:56:57',''),(435,1703,1739,'Julio Cesar','Gaspar Torres','42458336','\0','gaparin5_4@hotmail.com','',NULL,NULL,NULL,NULL,'\0',NULL,'2016-06-15 09:59:34','2016-06-15 09:59:34',''),(436,2895,1739,'Willy','Ramirez Garcia','40691543','\0','w_ramirez_garcia@yahoo.es','',NULL,NULL,NULL,NULL,'\0',NULL,'2016-06-15 10:06:25','2016-06-15 10:06:25',''),(437,2896,1739,'Boris','Galvez Zegarra','71213896','\0','bgalvez@pehcbm.gob.pe','',NULL,NULL,NULL,NULL,'\0',NULL,'2016-06-15 10:10:19','2016-06-15 10:10:19',''),(438,2254,1739,'Gilberto','Romero Coba','41437939','\0','coba311@gmail.com','',NULL,NULL,NULL,NULL,'\0',NULL,'2016-06-15 10:17:15','2016-06-15 10:17:15',''),(439,533,1739,'Christofert Maykot','Soria Bardales','71625816','\0','jeansbrosnan@hotmail.com','',NULL,NULL,NULL,NULL,'\0',NULL,'2016-06-15 10:19:23','2016-06-15 10:19:23',''),(440,765,1739,'George Arnold','Rios Archenti','70925493','\0','arch.geor.7@gmail.com','',NULL,NULL,NULL,NULL,'\0',NULL,'2016-06-15 10:22:04','2016-06-15 10:22:04',''),(441,2882,1739,'Miguel Rodrigo','Chicoma Davalos','43485331','\0','mchicomad@hotmail.com','',NULL,NULL,NULL,NULL,'\0',NULL,'2016-06-15 10:24:19','2016-06-15 10:24:19',''),(442,403,1739,'Diego Martin','Guevara Vásquez','71597196','\0','dguevara@regionsanmartin.gob.pe','',NULL,NULL,NULL,NULL,'\0',NULL,'2016-06-15 10:29:21','2016-06-15 10:29:21',''),(443,403,1739,'Silvia Karol','Sanchez Garate','45353551','','ssanchez@regionsanmartin.gob.pe','',NULL,NULL,NULL,NULL,'\0',NULL,'2016-06-15 10:37:04','2016-06-15 10:37:04',''),(444,403,1739,'Erick','Franco Cabrera','42073866','\0','efranco@regionsanmartin.gob.pe','',NULL,NULL,NULL,NULL,'\0',NULL,'2016-06-15 10:38:38','2016-06-15 10:38:38',''),(445,403,1739,'Angel Heinrich','Labajos Caro','44429562','\0','labajos87@gmail.com','',NULL,NULL,NULL,NULL,'\0',NULL,'2016-06-15 10:39:58','2016-06-15 10:39:58',''),(446,403,1739,'Limber','Ruiz Guevara','40217962','\0','lirugue@hotmail.com','',NULL,NULL,NULL,NULL,'\0',NULL,'2016-06-15 10:41:27','2016-06-15 10:41:27',''),(448,24,1260,'Araujo Gomez','Percy Anibal','09389509','\0','paraujo@minjus.gob.pe','Abogado',NULL,'204-8020',NULL,NULL,'\0',NULL,'2016-06-21 09:09:12','2016-06-21 09:09:12',''),(449,24,1260,'Gisselle Emperatriz','Canales Becerra','40177820','','gisselle.canales@minjus.gob.pe','Abogado',NULL,'40177820',NULL,NULL,'\0',NULL,'2016-06-21 09:12:17','2016-06-21 09:12:17',''),(450,24,1260,'Lidia Yolanda','Cantera Meza','08150297','','lcantera@minjus.gob.pe','',NULL,'204-8020',NULL,NULL,'\0',NULL,'2016-06-21 09:17:16','2016-06-21 09:17:16',''),(451,24,1260,'Jessica Mirtha','Colonna Alache','25720225','','jcolonna@minjus.gob.pe','Abogado',NULL,NULL,NULL,NULL,'\0',NULL,'2016-06-21 09:21:26','2016-06-21 09:21:26',''),(452,24,1260,'Bartolome Emilio','Cueva Saenz','25642832','\0','bcueva@minjus.gob.pe','Contador',NULL,NULL,NULL,NULL,'\0',NULL,'2016-06-21 09:24:17','2016-06-21 09:24:17',''),(453,24,1260,'Juan Baltazar','Dedios Vargas','40036227','\0','jdedios@minjus.gob.pe','Abogado',NULL,NULL,NULL,NULL,'\0',NULL,'2016-06-21 09:27:04','2016-06-21 09:27:04',''),(454,24,1260,'Angie Margaret','Delgado Cabanillas','40821481','','adelgado@minjus.gob.pe','Ingeniero de sistemas',NULL,'204-8020',NULL,NULL,'\0',NULL,'2016-06-21 09:29:33','2016-06-21 09:29:33',''),(455,24,1260,'Juan Carlos','Enrique Alvarado','10756113','\0','juan.enrique@minjus.gob.pe','Bachiller en ciencias sociales',NULL,'204-8020',NULL,NULL,'\0',NULL,'2016-06-21 09:31:22','2016-06-21 09:31:22',''),(456,24,1260,'Percy Ronald','Espino Menacho','07927408','\0','pespino@minjus.gob.pe','',NULL,'204-8020',NULL,NULL,'\0',NULL,'2016-06-21 09:33:19','2016-06-21 09:33:19',''),(457,24,1260,'Ana Melba','Espinoza Huamayalli','09415196','','aespinoza@minjus.gob.pe','Administrador',NULL,'204-8020',NULL,NULL,'\0',NULL,'2016-06-21 09:35:41','2016-06-21 09:35:41',''),(458,24,1260,'Lisbeth Edith','Navarrete Salas','46966782','','lisbeth.pena@minjus.gob.pe','Bachiller en derechos',NULL,'46966782',NULL,NULL,'\0',NULL,'2016-06-21 09:40:05','2016-06-21 09:40:05',''),(459,24,1260,'Delia Elizabeth','Paredes Curioso','08445350','','delia.paredes@minjus.gob.pe','Bachiller en contabilidad',NULL,'204-8020',NULL,NULL,'\0',NULL,'2016-06-21 09:44:07','2016-06-21 09:44:07',''),(460,24,1260,'Synthia Carola','Soto Cueto','43293609','','ssoto@minjus.gob.pe','Administrador',NULL,'204-8020',NULL,NULL,'\0',NULL,'2016-06-21 09:46:47','2016-06-21 09:46:47',''),(461,24,1260,'Jesús Manuel','Vilca Chillcce','43456397','\0','jesus.vilca@minjus.gob.pe','Historiador',NULL,'204-8020',NULL,NULL,'\0',NULL,'2016-06-21 09:49:22','2016-06-21 09:49:22',''),(462,24,1260,'Giovanna Lissete','Fuentes Valera','10287284','','giovana.fuentes@minjus.gob.pe','Abogado',NULL,NULL,NULL,NULL,'\0',NULL,'2016-06-21 10:00:42','2016-06-21 10:00:42',''),(463,24,1260,'Luisa','Velasquez Villegas','08609430','','lvelasqu@minjus.gob.pe','Abogado',NULL,'204-8020',NULL,NULL,'\0',NULL,'2016-06-21 10:02:37','2016-06-21 10:02:37','');

UNLOCK TABLES;

/*Table structure for table `programa` */

DROP TABLE IF EXISTS `programa`;

CREATE TABLE `programa` (
  `progID` int(11) unsigned NOT NULL AUTO_INCREMENT,
  `capa_ID` int(11) unsigned NOT NULL,
  `prog_date` date NOT NULL,
  `prog_time_start` time NOT NULL,
  `prog_time_end` time DEFAULT NULL,
  `prog_place` varchar(200) NOT NULL,
  `prog_address` text NOT NULL,
  `dist_ID` int(11) unsigned NOT NULL,
  `prog_is_private` bit(1) NOT NULL DEFAULT b'0',
  `prog_limit` int(2) unsigned DEFAULT '0',
  `prog_date_created` datetime DEFAULT NULL,
  `prog_date_modified` datetime DEFAULT NULL,
  `prog_is_canceled` bit(1) NOT NULL DEFAULT b'0',
  `prog_reason_canceled` text,
  `prog_folder` varchar(255) DEFAULT NULL,
  `prog_file_name` varchar(100) DEFAULT NULL,
  `prog_file_size` decimal(9,2) unsigned DEFAULT NULL,
  `prog_status` bit(1) NOT NULL DEFAULT b'1',
  PRIMARY KEY (`progID`),
  KEY `fk_programa_capacitacion_1` (`capa_ID`),
  KEY `fk_programa_distrito_1` (`dist_ID`),
  CONSTRAINT `fk_programa_capacitacion_1` FOREIGN KEY (`capa_ID`) REFERENCES `capacitacion` (`capaID`),
  CONSTRAINT `fk_programa_distrito_1` FOREIGN KEY (`dist_ID`) REFERENCES `distrito` (`distID`)
) ENGINE=InnoDB AUTO_INCREMENT=37 DEFAULT CHARSET=utf8;

/*Data for the table `programa` */

LOCK TABLES `programa` WRITE;

insert  into `programa`(`progID`,`capa_ID`,`prog_date`,`prog_time_start`,`prog_time_end`,`prog_place`,`prog_address`,`dist_ID`,`prog_is_private`,`prog_limit`,`prog_date_created`,`prog_date_modified`,`prog_is_canceled`,`prog_reason_canceled`,`prog_folder`,`prog_file_name`,`prog_file_size`,`prog_status`) values (1,1,'2016-02-09','14:00:00','18:00:00','Escuela Nacional de Administración Pública','Av. Cuba 699, Jesús María',1278,'\0',0,'2016-04-25 23:41:14','2016-04-25 23:41:14','\0',NULL,NULL,NULL,NULL,''),(2,1,'2016-02-10','09:00:00','13:00:00','Escuela Nacional de Administración Pública','Av. Cuba 699, Jesús María',1278,'\0',0,'2016-04-25 23:41:14','2016-04-25 23:41:14','\0',NULL,NULL,NULL,NULL,''),(3,1,'2016-02-10','14:00:00','18:00:00','Escuela Nacional de Administración Pública','Av. Cuba 699, Jesús María',1278,'\0',0,'2016-04-25 23:41:14','2016-04-25 23:41:14','\0',NULL,NULL,NULL,NULL,''),(4,1,'2016-02-11','09:00:00','13:00:00','Escuela Nacional de Administración Pública','Av. Cuba 699, Jesús María',1278,'\0',0,'2016-04-25 23:41:14','2016-04-25 23:41:14','\0',NULL,NULL,NULL,NULL,''),(5,1,'2016-02-11','14:00:00','18:00:00','Escuela Nacional de Administración Pública','Av. Cuba 699, Jesús María',1278,'\0',0,'2016-04-25 23:41:14','2016-04-25 23:41:14','\0',NULL,NULL,NULL,NULL,''),(6,2,'2016-03-21','09:00:00','13:00:00','Escuela Nacional de Administración Pública','Av. Cuba 699, Jesús María',1278,'\0',0,'2016-04-25 23:41:14','2016-04-25 23:41:14','\0',NULL,NULL,NULL,NULL,''),(7,2,'2016-03-21','14:00:00','18:00:00','Escuela Nacional de Administración Pública','Av. Cuba 699, Jesús María',1278,'\0',0,'2016-04-25 23:41:14','2016-04-25 23:41:14','\0',NULL,NULL,NULL,NULL,''),(8,2,'2016-03-22','09:00:00','13:00:00','Escuela Nacional de Administración Pública','Av. Cuba 699, Jesús María',1278,'\0',0,'2016-04-25 23:41:14','2016-04-25 23:41:14','\0',NULL,NULL,NULL,NULL,''),(9,2,'2016-03-22','14:00:00','18:00:00','Escuela Nacional de Administración Pública','Av. Cuba 699, Jesús María',1278,'\0',0,'2016-04-25 23:41:14','2016-04-25 23:41:14','\0',NULL,NULL,NULL,NULL,''),(10,2,'2016-03-23','09:00:00','13:00:00','Escuela Nacional de Administración Pública','Av. Cuba 699, Jesús María',1278,'\0',0,'2016-04-25 23:41:14','2016-04-25 23:41:14','\0',NULL,NULL,NULL,NULL,''),(11,2,'2016-03-23','14:00:00','18:00:00','Escuela Nacional de Administración Pública','Av. Cuba 699, Jesús María',1278,'\0',0,'2016-04-25 23:41:14','2016-04-25 23:41:14','\0',NULL,NULL,NULL,NULL,''),(12,2,'2016-03-28','09:00:00','13:00:00','Escuela Nacional de Administración Pública','Av. Cuba 699, Jesús María',1278,'\0',0,'2016-04-25 23:41:14','2016-04-25 23:41:14','\0',NULL,NULL,NULL,NULL,''),(13,2,'2016-03-28','14:00:00','18:00:00','Escuela Nacional de Administración Pública','Av. Cuba 699, Jesús María',1278,'\0',0,'2016-04-25 23:41:14','2016-04-25 23:41:14','\0',NULL,NULL,NULL,NULL,''),(14,2,'2016-03-29','09:00:00','13:00:00','Escuela Nacional de Administración Pública','Av. Cuba 699, Jesús María',1278,'\0',0,'2016-04-25 23:41:14','2016-04-25 23:41:14','\0',NULL,NULL,NULL,NULL,''),(15,2,'2016-03-29','14:00:00','18:00:00','Escuela Nacional de Administración Pública','Av. Cuba 699, Jesús María',1278,'\0',0,'2016-04-25 23:41:14','2016-04-25 23:41:14','\0',NULL,NULL,NULL,NULL,''),(16,2,'2016-03-30','09:00:00','13:00:00','Escuela Nacional de Administración Pública','Av. Cuba 699, Jesús María',1278,'\0',0,'2016-04-25 23:41:14','2016-04-25 23:41:14','\0',NULL,NULL,NULL,NULL,''),(17,2,'2016-03-30','14:00:00','18:00:00','Escuela Nacional de Administración Pública','Av. Cuba 699, Jesús María',1278,'\0',0,'2016-04-25 23:41:14','2016-04-25 23:41:14','\0',NULL,NULL,NULL,NULL,''),(18,3,'2016-03-31','08:00:00','18:00:00','Universidad Nacional Pedro Ruiz Gallo','Av. Juan XXIII, N° 339, Lambayeque',1234,'\0',0,'2016-04-25 23:41:14','2016-04-25 23:41:14','\0',NULL,NULL,NULL,NULL,''),(19,3,'2016-04-01','08:00:00','18:00:00','Universidad Nacional de Trujillo','Av. Juan Pablo II S/N',1125,'\0',0,'2016-04-25 23:41:14','2016-04-25 23:41:14','\0',NULL,NULL,NULL,NULL,''),(20,2,'2016-04-29','14:00:00','18:00:00','Escuela Nacional de Administración Pública - ENAP','Av. Cuba 699, Jesús María, Lima, Perú',1278,'\0',0,'2016-04-28 10:43:26','2016-04-28 10:43:26','\0',NULL,NULL,NULL,NULL,''),(21,6,'2016-04-28','15:00:00','18:00:00','Superintendencia Nacional de Educación Superior Universitaria (SUNEDU)','Calle Aldabas N° 337 - Urb. Las Gardenias. (Cruce Av. Benavides y Caminos del Inca)',1275,'',0,'2016-04-28 14:54:00','2016-04-28 14:54:00','\0',NULL,NULL,NULL,NULL,''),(22,7,'2016-05-12','08:00:00','16:35:00','Sala piso11','Jr Cuzco 121',1246,'\0',0,'2016-05-02 15:19:29','2016-05-02 15:48:47','\0',NULL,NULL,NULL,NULL,'\0'),(23,7,'2016-05-05','08:30:00','16:30:00','Convento','fhghjjkhkj',120,'\0',0,'2016-05-02 15:49:59','2016-05-02 15:49:59','\0',NULL,NULL,NULL,NULL,''),(24,8,'2016-05-03','15:00:00','18:00:00','Consejo Nacional de la Magistratura','Paseo de la República N° 3295',1269,'',0,'2016-05-03 12:41:59','2016-05-03 12:41:59','\0',NULL,NULL,NULL,NULL,''),(25,7,'2016-05-09','17:00:00','19:00:00','ENAP','Av. Cuba Cdra 6.',1246,'\0',0,'2016-05-09 14:06:10','2016-05-09 14:06:10','\0',NULL,NULL,NULL,NULL,''),(26,9,'2016-05-13','08:00:00','18:00:00','Sala de Computo de la Facultad de Quimica y Civil -UNSCH','Portal Independencia N° 57',440,'\0',0,'2016-05-10 16:17:02','2016-05-10 16:17:02','\0',NULL,NULL,NULL,NULL,''),(27,10,'2016-05-16','14:00:00','18:00:00','Escuela Nacional de Administración Pública','Av. Cuba 699, Jesús María',1278,'\0',0,'2016-05-12 20:30:53','2016-05-14 00:20:32','\0',NULL,NULL,NULL,NULL,''),(28,11,'2016-05-16','14:00:00','18:00:00','Escuela Nacional de Administración Pública','Av. Cuba 699',1278,'\0',0,'2016-05-16 13:22:50','2016-05-18 11:27:47','\0',NULL,'public/evaluaciones/2016/05/','b5eedc69ab31a0ce51df1119d4fb4220.pdf',417.78,''),(29,12,'2016-05-18','08:00:00','14:00:00','Salon Xx','Av. Guardia Civil',679,'\0',0,'2016-05-17 12:03:19','2016-05-18 11:09:04','\0',NULL,NULL,NULL,NULL,''),(30,13,'2016-05-21','09:00:00','13:00:00','Runayay Perú','Calle Chinchón 830 Of 503, San Isidro Lima 27 - Perú',1269,'\0',22,'2016-05-17 23:57:45','2016-05-18 15:54:57','\0',NULL,NULL,NULL,NULL,''),(31,14,'2016-05-19','08:00:00','18:00:00','Xxxxxxx','Gfsdgfdgfdsgfsdgfd',1,'\0',0,'2016-05-27 13:58:51','2016-05-27 13:58:51','\0',NULL,NULL,NULL,NULL,''),(32,16,'2016-06-02','09:00:00','17:00:00','Teatro Uncp','Ciudad Universitaria S/n Uncp',1002,'',0,'2016-05-31 14:04:31','2016-06-01 11:25:17','\0',NULL,NULL,NULL,NULL,''),(33,18,'2016-05-20','08:00:00','18:00:00','Universidad Nacional de San Martin','Jr. Maynas 177',1739,'\0',0,'2016-06-07 09:13:40','2016-06-07 09:28:11','\0',NULL,NULL,NULL,NULL,'\0'),(34,19,'2016-06-30','08:00:00','18:00:00','Universidad Nacional de San Martin','Jirón Maynas 177',1739,'\0',0,'2016-06-07 09:33:21','2016-06-07 09:33:21','\0',NULL,NULL,NULL,NULL,''),(35,20,'2016-06-21','09:00:00','12:00:00','Auditorio de la Municipalidad de Ventanilla','Municipalidad de Ventanilla  Av. la Playa S/n Frente a Metro - Ventanilla',1824,'\0',0,'2016-06-14 09:15:05','2016-06-14 09:19:16','\0',NULL,NULL,NULL,NULL,''),(36,21,'2016-06-30','15:00:00','17:00:00','Auditorio de la Sede Central de Minjus','Calle Scipión Llona Nº 350 - Miraflores',1260,'\0',0,'2016-06-16 09:59:48','2016-06-16 10:05:23','\0',NULL,NULL,NULL,NULL,'');

UNLOCK TABLES;

/*Table structure for table `programa_docente` */

DROP TABLE IF EXISTS `programa_docente`;

CREATE TABLE `programa_docente` (
  `prdoID` int(11) unsigned NOT NULL AUTO_INCREMENT,
  `prog_ID` int(11) unsigned NOT NULL,
  `doce_ID` int(11) unsigned NOT NULL,
  `sute_ID` int(11) unsigned NOT NULL,
  `prdo_is_coordinator` bit(1) NOT NULL DEFAULT b'0',
  `prdo_date_created` datetime DEFAULT NULL,
  `prdo_date_modified` datetime DEFAULT NULL,
  `prdo_status` bit(1) NOT NULL DEFAULT b'1',
  PRIMARY KEY (`prdoID`),
  KEY `fk_programa_docente_docente_1` (`doce_ID`),
  KEY `fk_programa_docente_programa_1` (`prog_ID`),
  KEY `fk_programa_docente_sub_tema_1` (`sute_ID`),
  CONSTRAINT `fk_programa_docente_docente_1` FOREIGN KEY (`doce_ID`) REFERENCES `docente` (`doceID`),
  CONSTRAINT `fk_programa_docente_programa_1` FOREIGN KEY (`prog_ID`) REFERENCES `programa` (`progID`),
  CONSTRAINT `fk_programa_docente_sub_tema_1` FOREIGN KEY (`sute_ID`) REFERENCES `sub_tema` (`suteID`)
) ENGINE=InnoDB AUTO_INCREMENT=51 DEFAULT CHARSET=utf8;

/*Data for the table `programa_docente` */

LOCK TABLES `programa_docente` WRITE;

insert  into `programa_docente`(`prdoID`,`prog_ID`,`doce_ID`,`sute_ID`,`prdo_is_coordinator`,`prdo_date_created`,`prdo_date_modified`,`prdo_status`) values (1,1,1,1,'\0','2016-04-25 23:44:32','2016-04-25 23:44:32',''),(2,2,1,1,'\0','2016-04-25 23:44:32','2016-04-25 23:44:32',''),(3,3,1,1,'\0','2016-04-25 23:44:32','2016-04-25 23:44:32',''),(4,4,1,1,'\0','2016-04-25 23:44:32','2016-04-25 23:44:32',''),(5,5,1,1,'\0','2016-04-25 23:44:32','2016-04-25 23:44:32',''),(6,6,1,1,'\0','2016-04-25 23:44:32','2016-04-25 23:44:32',''),(7,7,1,1,'\0','2016-04-25 23:44:32','2016-04-25 23:44:32',''),(8,8,1,1,'\0','2016-04-25 23:44:32','2016-04-25 23:44:32',''),(9,9,1,1,'\0','2016-04-25 23:44:32','2016-04-25 23:44:32',''),(10,10,1,1,'\0','2016-04-25 23:44:32','2016-04-25 23:44:32',''),(11,11,1,1,'\0','2016-04-25 23:44:32','2016-04-25 23:44:32',''),(12,12,1,1,'\0','2016-04-25 23:44:32','2016-04-25 23:44:32',''),(13,13,1,1,'\0','2016-04-25 23:44:32','2016-04-25 23:44:32',''),(14,14,1,1,'\0','2016-04-25 23:44:32','2016-04-25 23:44:32',''),(15,15,1,1,'\0','2016-04-25 23:44:32','2016-04-25 23:44:32',''),(16,16,1,1,'\0','2016-04-25 23:44:32','2016-04-25 23:44:32',''),(17,17,1,1,'\0','2016-04-25 23:44:32','2016-04-25 23:44:32',''),(18,18,1,1,'\0','2016-04-25 23:44:32','2016-04-25 23:44:32',''),(19,19,1,1,'\0','2016-04-25 23:44:32','2016-04-25 23:44:32',''),(20,20,1,1,'\0','2016-04-28 10:43:26','2016-04-28 10:43:26',''),(21,21,1,6,'\0','2016-04-28 14:54:00','2016-04-28 14:54:00',''),(22,22,5,8,'\0','2016-05-02 15:19:29','2016-05-02 15:19:29',''),(23,23,6,8,'\0','2016-05-02 15:49:59','2016-05-02 15:49:59',''),(24,24,1,9,'\0','2016-05-03 12:41:59','2016-05-03 12:41:59',''),(25,25,8,8,'\0','2016-05-09 14:06:10','2016-05-09 14:06:10',''),(26,26,1,11,'\0','2016-05-10 16:17:02','2016-05-10 16:17:02',''),(27,27,1,11,'\0','2016-05-12 20:30:53','2016-05-12 20:30:53',''),(28,28,1,20,'\0','2016-05-16 13:22:50','2016-05-16 13:22:50',''),(29,29,6,17,'\0','2016-05-18 11:09:04','2016-05-18 11:09:04',''),(30,30,1,18,'\0','2016-05-18 12:55:28','2016-05-18 12:55:28',''),(31,30,1,19,'\0','2016-05-18 12:55:28','2016-05-18 12:55:28',''),(32,30,1,20,'\0','2016-05-18 12:55:28','2016-05-18 12:55:28',''),(33,31,1,11,'\0','2016-05-27 13:58:51','2016-05-27 13:58:51',''),(34,31,1,18,'\0','2016-05-27 13:58:51','2016-05-27 13:58:51',''),(35,31,1,19,'\0','2016-05-27 13:58:51','2016-05-27 13:58:51',''),(36,31,1,20,'\0','2016-05-27 13:58:51','2016-05-27 13:58:51',''),(37,31,1,17,'\0','2016-05-27 13:58:51','2016-05-27 13:58:51',''),(38,32,10,22,'\0','2016-05-31 14:04:31','2016-05-31 14:04:31',''),(39,33,1,18,'\0','2016-06-07 09:13:40','2016-06-07 09:13:40',''),(40,33,1,19,'\0','2016-06-07 09:13:40','2016-06-07 09:13:40',''),(41,33,1,20,'\0','2016-06-07 09:13:40','2016-06-07 09:13:40',''),(42,33,1,17,'\0','2016-06-07 09:13:40','2016-06-07 09:13:40',''),(43,34,1,18,'\0','2016-06-07 09:33:21','2016-06-07 09:33:21',''),(44,34,1,19,'\0','2016-06-07 09:33:21','2016-06-07 09:33:21',''),(45,34,1,20,'\0','2016-06-07 09:33:21','2016-06-07 09:33:21',''),(46,34,1,17,'\0','2016-06-07 09:33:21','2016-06-07 09:33:21',''),(47,35,1,18,'\0','2016-06-14 09:19:16','2016-06-14 09:19:16',''),(48,35,12,19,'\0','2016-06-14 09:19:16','2016-06-14 09:19:16',''),(49,36,1,18,'\0','2016-06-16 10:05:23','2016-06-16 10:05:23',''),(50,36,14,19,'\0','2016-06-16 10:05:23','2016-06-16 10:05:23','');

UNLOCK TABLES;

/*Table structure for table `programa_material` */

DROP TABLE IF EXISTS `programa_material`;

CREATE TABLE `programa_material` (
  `prmaID` int(11) unsigned NOT NULL AUTO_INCREMENT,
  `prog_ID` int(11) unsigned NOT NULL,
  `prma_description` varchar(100) NOT NULL,
  `prma_quantity` int(4) unsigned NOT NULL,
  `prma_cost` decimal(9,2) unsigned NOT NULL,
  `prma_date_created` datetime DEFAULT NULL,
  `prma_date_modified` datetime DEFAULT NULL,
  `prma_status` bit(1) NOT NULL DEFAULT b'1',
  PRIMARY KEY (`prmaID`),
  KEY `fk_programa_material_programa_1` (`prog_ID`),
  CONSTRAINT `fk_programa_material_programa_1` FOREIGN KEY (`prog_ID`) REFERENCES `programa` (`progID`)
) ENGINE=InnoDB DEFAULT CHARSET=utf8;

/*Data for the table `programa_material` */

LOCK TABLES `programa_material` WRITE;

UNLOCK TABLES;

/*Table structure for table `programa_private` */

DROP TABLE IF EXISTS `programa_private`;

CREATE TABLE `programa_private` (
  `prprID` int(11) unsigned NOT NULL AUTO_INCREMENT,
  `prog_ID` int(11) unsigned NOT NULL,
  `enti_ID` int(11) unsigned NOT NULL,
  PRIMARY KEY (`prprID`),
  KEY `fk_programa_private_programa_1` (`prog_ID`),
  KEY `fk_programa_private_entidad_1` (`enti_ID`),
  CONSTRAINT `fk_programa_private_entidad_1` FOREIGN KEY (`enti_ID`) REFERENCES `entidad` (`entiID`),
  CONSTRAINT `fk_programa_private_programa_1` FOREIGN KEY (`prog_ID`) REFERENCES `programa` (`progID`)
) ENGINE=InnoDB AUTO_INCREMENT=4 DEFAULT CHARSET=utf8;

/*Data for the table `programa_private` */

LOCK TABLES `programa_private` WRITE;

insert  into `programa_private`(`prprID`,`prog_ID`,`enti_ID`) values (1,21,327),(2,24,5),(3,32,2);

UNLOCK TABLES;

/*Table structure for table `provincia` */

DROP TABLE IF EXISTS `provincia`;

CREATE TABLE `provincia` (
  `provID` int(11) unsigned NOT NULL AUTO_INCREMENT,
  `depa_ID` int(11) unsigned NOT NULL,
  `prov_key` char(2) NOT NULL,
  `prov_name` varchar(150) NOT NULL,
  PRIMARY KEY (`provID`),
  KEY `fk_provincia_departamento_1` (`depa_ID`),
  CONSTRAINT `fk_provincia_departamento_1` FOREIGN KEY (`depa_ID`) REFERENCES `departamento` (`depaID`)
) ENGINE=InnoDB AUTO_INCREMENT=197 DEFAULT CHARSET=utf8;

/*Data for the table `provincia` */

LOCK TABLES `provincia` WRITE;

insert  into `provincia`(`provID`,`depa_ID`,`prov_key`,`prov_name`) values (1,1,'01','CHACHAPOYAS'),(2,1,'02','BAGUA'),(3,1,'03','BONGARA'),(4,1,'04','LUYA'),(5,1,'05','RODRIGUEZ DE MENDOZA'),(6,1,'06','CONDORCANQUI'),(7,1,'07','UTCUBAMBA'),(8,2,'01','HUARAZ'),(9,2,'02','AIJA'),(10,2,'03','BOLOGNESI'),(11,2,'04','CARHUAZ'),(12,2,'05','CASMA'),(13,2,'06','CORONGO'),(14,2,'07','HUAYLAS'),(15,2,'08','HUARI'),(16,2,'09','MARISCAL LUZURIAGA'),(17,2,'10','PALLASCA'),(18,2,'11','POMABAMBA'),(19,2,'12','RECUAY'),(20,2,'13','SANTA'),(21,2,'14','SIHUAS'),(22,2,'15','YUNGAY'),(23,2,'16','ANTONIO RAIMONDI'),(24,2,'17','CARLOS FERMIN FITZCARRALD'),(25,2,'18','ASUNCION'),(26,2,'19','HUARMEY'),(27,2,'20','OCROS'),(28,3,'01','ABANCAY'),(29,3,'02','AYMARAES'),(30,3,'03','ANDAHUAYLAS'),(31,3,'04','ANTABAMBA'),(32,3,'05','COTABAMBAS'),(33,3,'06','GRAU'),(34,3,'07','CHINCHEROS'),(35,4,'01','AREQUIPA'),(36,4,'02','CAYLLOMA'),(37,4,'03','CAMANA'),(38,4,'04','CARAVELI'),(39,4,'05','CASTILLA'),(40,4,'06','CONDESUYOS'),(41,4,'07','ISLAY'),(42,4,'08','LA UNION'),(43,5,'01','HUAMANGA'),(44,5,'02','CANGALLO'),(45,5,'03','HUANTA'),(46,5,'04','LA MAR'),(47,5,'05','LUCANAS'),(48,5,'06','PARINACOCHAS'),(49,5,'07','VICTOR FAJARDO'),(50,5,'08','HUANCA SANCOS'),(51,5,'09','VILCAS HUAMAN'),(52,5,'10','PAUCAR DEL SARA SARA'),(53,5,'11','SUCRE'),(54,6,'01','CAJAMARCA'),(55,6,'02','CAJABAMBA'),(56,6,'03','CELENDIN'),(57,6,'04','CONTUMAZA'),(58,6,'05','CUTERVO'),(59,6,'06','CHOTA'),(60,6,'07','HUALGAYOC'),(61,6,'08','JAEN'),(62,6,'09','SANTA CRUZ'),(63,6,'10','SAN MIGUEL'),(64,6,'11','SAN IGNACIO'),(65,6,'12','SAN MARCOS'),(66,6,'13','SAN PABLO'),(67,7,'01','CUSCO'),(68,7,'02','ACOMAYO'),(69,7,'03','ANTA'),(70,7,'04','CALCA'),(71,7,'05','CANAS'),(72,7,'06','CANCHIS'),(73,7,'07','CHUMBIVILCAS'),(74,7,'08','ESPINAR'),(75,7,'09','LA CONVENCION'),(76,7,'10','PARURO'),(77,7,'11','PAUCARTAMBO'),(78,7,'12','QUISPICANCHI'),(79,7,'13','URUBAMBA'),(80,8,'01','HUANCAVELICA'),(81,8,'02','ACOBAMBA'),(82,8,'03','ANGARAES'),(83,8,'04','CASTROVIRREYNA'),(84,8,'05','TAYACAJA'),(85,8,'06','HUAYTARA'),(86,8,'07','CHURCAMPA'),(87,9,'01','HUANUCO'),(88,9,'02','AMBO'),(89,9,'03','DOS DE MAYO'),(90,9,'04','HUAMALIES'),(91,9,'05','MARAÑON'),(92,9,'06','LEONCIO PRADO'),(93,9,'07','PACHITEA'),(94,9,'08','PUERTO INCA'),(95,9,'09','HUACAYBAMBA'),(96,9,'10','LAURICOCHA'),(97,9,'11','YAROWILCA'),(98,10,'01','ICA'),(99,10,'02','CHINCHA'),(100,10,'03','NAZCA'),(101,10,'04','PISCO'),(102,10,'05','PALPA'),(103,11,'01','HUANCAYO'),(104,11,'02','CONCEPCION'),(105,11,'03','JAUJA'),(106,11,'04','JUNIN'),(107,11,'05','TARMA'),(108,11,'06','YAULI'),(109,11,'07','SATIPO'),(110,11,'08','CHANCHAMAYO'),(111,11,'09','CHUPACA'),(112,12,'01','TRUJILLO'),(113,12,'02','BOLIVAR'),(114,12,'03','SANCHEZ CARRION'),(115,12,'04','OTUZCO'),(116,12,'05','PACASMAYO'),(117,12,'06','PATAZ'),(118,12,'07','SANTIAGO DE CHUCO'),(119,12,'08','ASCOPE'),(120,12,'08','ASCOPE'),(121,12,'09','CHEPEN'),(122,12,'10','JULCAN'),(123,12,'11','GRAN CHIMU'),(124,12,'12','VIRU'),(125,13,'01','CHICLAYO'),(126,13,'02','FERREÑAFE'),(127,13,'03','LAMBAYEQUE'),(128,14,'01','LIMA'),(129,14,'02','CAJATAMBO'),(130,14,'03','CANTA'),(131,14,'04','CAÑETE'),(132,14,'05','HUAURA'),(133,14,'06','HUAROCHIRI'),(134,14,'07','YAUYOS'),(135,14,'08','HUARAL'),(136,14,'09','BARRANCA'),(137,14,'10','OYON'),(138,15,'01','MAYNAS'),(139,15,'02','ALTO AMAZONAS'),(140,15,'03','LORETO'),(141,15,'04','REQUENA'),(142,15,'05','UCAYALI'),(143,15,'06','MARISCAL RAMON CASTILLA'),(144,15,'07','DATEM DEL MARAÑON'),(145,16,'01','TAMBOPATA'),(146,16,'02','MANU'),(147,16,'03','TAHUAMANU'),(148,17,'01','MARISCAL NIETO'),(149,17,'02','GENERAL SANCHEZ CERRO'),(150,17,'03','ILO'),(151,18,'01','PASCO'),(152,18,'02','DANIEL ALCIDES CARRION'),(153,18,'03','OXAPAMPA'),(154,19,'01','PIURA'),(155,19,'02','AYABACA'),(156,19,'03','HUANCABAMBA'),(157,19,'04','MORROPON'),(158,19,'05','PAITA'),(159,19,'06','SULLANA'),(160,19,'07','TALARA'),(161,19,'08','SECHURA'),(162,20,'01','PUNO'),(163,20,'02','AZANGARO'),(164,20,'03','CARABAYA'),(165,20,'04','CHUCUITO'),(166,20,'05','HUANCANE'),(167,20,'06','LAMPA'),(168,20,'07','MELGAR'),(169,20,'08','SANDIA'),(170,20,'09','SAN ROMAN'),(171,20,'10','YUNGUYO'),(172,20,'11','SAN ANTONIO DE PUTINA'),(173,20,'12','EL COLLAO'),(174,20,'13','MOHO'),(175,21,'01','MOYOBAMBA'),(176,21,'02','HUALLAGA'),(177,21,'03','LAMAS'),(178,21,'04','MARISCAL CACERES'),(179,21,'05','RIOJA'),(180,21,'06','SAN MARTIN'),(181,21,'07','BELLAVISTA'),(182,21,'08','TOCACHE'),(183,21,'09','PICOTA'),(184,21,'10','EL DORADO'),(185,22,'01','TACNA'),(186,22,'02','TARATA'),(187,22,'03','JORGE BASADRE'),(188,22,'04','CANDARAVE'),(189,23,'01','TUMBES'),(190,23,'02','CONTRALMIRANTE VILLAR'),(191,23,'03','ZARUMILLA'),(192,24,'01','CALLAO'),(193,25,'01','CORONEL PORTILLO'),(194,25,'02','PADRE ABAD'),(195,25,'03','ATALAYA'),(196,25,'04','PURUS');

UNLOCK TABLES;

/*Table structure for table `sub_tema` */

DROP TABLE IF EXISTS `sub_tema`;

CREATE TABLE `sub_tema` (
  `suteID` int(11) unsigned NOT NULL AUTO_INCREMENT,
  `tema_ID` int(11) unsigned NOT NULL,
  `sute_name` varchar(250) NOT NULL,
  `sute_description` text,
  `sute_date_created` datetime DEFAULT NULL,
  `sute_date_modified` datetime DEFAULT NULL,
  `sute_status` bit(1) NOT NULL DEFAULT b'1',
  PRIMARY KEY (`suteID`),
  KEY `fk_subtema_tema_1` (`tema_ID`),
  CONSTRAINT `fk_subtema_tema_1` FOREIGN KEY (`tema_ID`) REFERENCES `tema` (`temaID`)
) ENGINE=InnoDB AUTO_INCREMENT=23 DEFAULT CHARSET=utf8;

/*Data for the table `sub_tema` */

LOCK TABLES `sub_tema` WRITE;

insert  into `sub_tema`(`suteID`,`tema_ID`,`sute_name`,`sute_description`,`sute_date_created`,`sute_date_modified`,`sute_status`) values (1,1,'Portales de Transparencia Estándar',NULL,'2016-04-25 23:44:20','2016-04-25 23:44:20',''),(6,6,'Promoción de la Ética Publica',NULL,'2016-04-28 14:30:54','2016-04-28 14:30:54',''),(8,7,'SUT',NULL,'2016-05-02 15:15:58','2016-05-02 15:15:58',''),(9,8,'Transparencia Y El Acceso A La Información Pública En El Marco De Un Gobierno Abierto',NULL,'2016-05-03 12:38:21','2016-05-03 12:38:21',''),(11,1,'Gobierno Abierto',NULL,'2016-05-12 20:24:28','2016-05-12 20:24:28',''),(12,11,'Política nacional de modernización de la gestión pública',NULL,'2016-05-16 13:13:45','2016-05-16 13:13:45',''),(13,12,'Gestión por procesos',NULL,'2016-05-16 13:14:05','2016-05-16 13:14:05',''),(15,7,'Simplificación',NULL,'2016-05-16 13:14:29','2016-05-16 13:14:29',''),(16,14,'Mejor atención al ciudadano',NULL,'2016-05-16 13:14:48','2016-05-16 13:14:48',''),(17,1,'ética',NULL,'2016-05-16 13:15:07','2016-05-16 13:15:07',''),(18,1,'Transparencia',NULL,'2016-05-16 13:15:14','2016-05-16 13:15:14',''),(19,1,'Acceso a la información pública',NULL,'2016-05-16 13:15:29','2016-05-16 13:15:29',''),(20,1,'Datos abiertos',NULL,'2016-05-16 13:15:36','2016-05-16 13:15:36',''),(21,16,'Centros mac',NULL,'2016-05-16 13:15:53','2016-05-16 13:15:53',''),(22,11,'Piloto modernización 1',NULL,'2016-05-31 10:56:21','2016-05-31 13:01:00','');

UNLOCK TABLES;

/*Table structure for table `tema` */

DROP TABLE IF EXISTS `tema`;

CREATE TABLE `tema` (
  `temaID` int(11) unsigned NOT NULL AUTO_INCREMENT,
  `tema_title` varchar(255) NOT NULL,
  `tema_description` text,
  `tema_date_created` datetime NOT NULL,
  `tema_date_modified` datetime DEFAULT NULL,
  `tema_status` bit(1) NOT NULL DEFAULT b'1',
  PRIMARY KEY (`temaID`)
) ENGINE=InnoDB AUTO_INCREMENT=17 DEFAULT CHARSET=utf8;

/*Data for the table `tema` */

LOCK TABLES `tema` WRITE;

insert  into `tema`(`temaID`,`tema_title`,`tema_description`,`tema_date_created`,`tema_date_modified`,`tema_status`) values (1,'Gobierno Abierto',NULL,'2016-04-25 23:44:20','2016-04-25 23:44:20',''),(6,'Promoción de la Ética Publica',NULL,'2016-04-28 14:30:54','2016-04-28 14:30:54',''),(7,'Simplificación administrativa',NULL,'2016-05-02 15:15:58','2016-05-02 15:15:58',''),(8,'TRANSPARENCIA Y EL ACCESO A LA INFORMACIÓN PÚBLICA EN EL MARCO DE UN GOBIERNO ABIERTO',NULL,'2016-05-03 12:38:21','2016-05-03 12:38:21',''),(11,'Política nacional de modernización de la gestión pública',NULL,'2016-05-16 13:12:01','2016-05-16 13:12:01',''),(12,'Gestión por procesos',NULL,'2016-05-16 13:12:18','2016-05-16 13:12:18',''),(14,'Mejor atención al ciudadano',NULL,'2016-05-16 13:12:52','2016-05-16 13:12:52',''),(16,'Mac',NULL,'2016-05-16 13:13:04','2016-05-16 13:13:04','');

UNLOCK TABLES;

/* Function  structure for function  `get_Departamento` */

/*!50003 DROP FUNCTION IF EXISTS `get_Departamento` */;
DELIMITER $$

/*!50003 CREATE FUNCTION `get_Departamento`(_idDistrito INT (11)) RETURNS varchar(250) CHARSET utf8
BEGIN
    DECLARE _depart VARCHAR (250) ;
    SELECT 
        de.`depa_name` INTO _depart 
    FROM
        `distrito` di 
        INNER JOIN `provincia` p 
            ON p.`provID` = di.`prov_ID` 
        INNER JOIN `departamento` de 
            ON de.`depaID` = p.`depa_ID` 
    WHERE di.`distID` = _idDistrito 
    GROUP BY de.`depaID` ;
    RETURN _depart ;
END */$$
DELIMITER ;

/* Function  structure for function  `get_NumberAllEntities` */

/*!50003 DROP FUNCTION IF EXISTS `get_NumberAllEntities` */;
DELIMITER $$

/*!50003 CREATE FUNCTION `get_NumberAllEntities`() RETURNS int(11)
BEGIN
	
	DECLARE _num INT(11);
	
	SELECT COUNT(entiID) INTO _num FROM entidad WHERE `enti_status` = 1;
	
	RETURN _num;
	
END */$$
DELIMITER ;

/* Function  structure for function  `get_NumberAllInscriptions` */

/*!50003 DROP FUNCTION IF EXISTS `get_NumberAllInscriptions` */;
DELIMITER $$

/*!50003 CREATE FUNCTION `get_NumberAllInscriptions`(
	_attendance BIT
) RETURNS int(11)
BEGIN
    DECLARE _num INT (11) ;
    
    IF _attendance = 1 THEN
		SELECT 
			COUNT(inscID) INTO _num 
		FROM
			`inscripcion` 
		WHERE `insc_status` = 1 
			AND `insc_email_confirmed` = 1
			AND `insc_assistance` = 1;
    ELSE
		SELECT 
			COUNT(inscID) INTO _num 
		FROM
			`inscripcion` 
		WHERE `insc_status` = 1
		AND `insc_email_confirmed` = 1;
    END IF;
    
    RETURN _num ;
END */$$
DELIMITER ;

/* Function  structure for function  `get_NumberAllParticipants` */

/*!50003 DROP FUNCTION IF EXISTS `get_NumberAllParticipants` */;
DELIMITER $$

/*!50003 CREATE FUNCTION `get_NumberAllParticipants`() RETURNS int(11)
BEGIN
	
	DECLARE _num INT(11);
	
	SELECT 
		COUNT(p.partID) INTO _num 
	FROM `participantes` p
	INNER JOIN 
		inscripcion i ON i.`part_ID` = p.`partID`
	WHERE 
	p.`part_status` = 1
	AND i.`insc_status` = 1;
	
	RETURN _num;
	
END */$$
DELIMITER ;

/* Function  structure for function  `get_NumberGender` */

/*!50003 DROP FUNCTION IF EXISTS `get_NumberGender` */;
DELIMITER $$

/*!50003 CREATE FUNCTION `get_NumberGender`(_gender BIT) RETURNS int(11)
BEGIN
    DECLARE _num INT (11) ;
    SELECT 
        COUNT(p.`partID`) INTO _num
    FROM
        `participantes` p 
        INNER JOIN inscripcion i 
            ON i.`part_ID` = p.`partID` 
    WHERE p.`part_status` = 1 
        AND i.`insc_status` = 1 
        AND p.`part_gender` = _gender ;
        
    RETURN _num ;
END */$$
DELIMITER ;

/* Function  structure for function  `get_NumberGenderForProgramming` */

/*!50003 DROP FUNCTION IF EXISTS `get_NumberGenderForProgramming` */;
DELIMITER $$

/*!50003 CREATE FUNCTION `get_NumberGenderForProgramming`(
		_gender BIT,
		_id_programming INT(11)
    ) RETURNS int(11)
BEGIN
		DECLARE _num INT(11);
		
		SELECT 
			COUNT(`partID`) INTO _num 
		FROM `participantes` pr 
		INNER JOIN `inscripcion` i ON i.`inscID` = pr.`partID`
		WHERE pr.`part_status` = 1 
		AND pr.`part_gender` = _gender
		AND i.`prog_ID` = _id_programming;
		
		RETURN _num;
    END */$$
DELIMITER ;

/* Function  structure for function  `get_NumberInscriptions` */

/*!50003 DROP FUNCTION IF EXISTS `get_NumberInscriptions` */;
DELIMITER $$

/*!50003 CREATE FUNCTION `get_NumberInscriptions`(
    _id_programming INT (11),
    _attendance BIT
) RETURNS int(11)
BEGIN
    DECLARE _num INT (11) ;
    IF _attendance = 1 
    THEN 
    SELECT 
        COUNT(inscID) INTO _num 
    FROM
        `inscripcion` 
    WHERE `insc_status` = 1 
        AND `insc_email_confirmed` = 1 
        AND `insc_assistance` = 1 
        AND `prog_ID` = _id_programming ;
    ELSE 
    SELECT 
        COUNT(inscID) INTO _num 
    FROM
        `inscripcion` 
    WHERE `insc_status` = 1 
        AND `insc_email_confirmed` = 1 
        AND `prog_ID` = _id_programming ;
    END IF ;
    RETURN _num ;
END */$$
DELIMITER ;

/* Function  structure for function  `get_NumberProgramming` */

/*!50003 DROP FUNCTION IF EXISTS `get_NumberProgramming` */;
DELIMITER $$

/*!50003 CREATE FUNCTION `get_NumberProgramming`(_with_cancel BIT) RETURNS int(11)
BEGIN
    DECLARE _num INT (11) ;
    
    IF (_with_cancel = 1) THEN 
		SELECT 
			COUNT(`progID`) INTO _num 
		FROM
			`programa` 
		WHERE `prog_status` = 1 ;
    ELSE 
		SELECT 
			COUNT(`progID`) INTO _num 
		FROM
			`programa` 
		WHERE `prog_status` = 1 
			AND `prog_is_canceled` = 0 ;
    END IF ;
    
    RETURN _num ;
    
END */$$
DELIMITER ;

/* Function  structure for function  `get_NumberRegisters` */

/*!50003 DROP FUNCTION IF EXISTS `get_NumberRegisters` */;
DELIMITER $$

/*!50003 CREATE FUNCTION `get_NumberRegisters`(
	_programming_id INT
) RETURNS int(11)
BEGIN
	DECLARE _count INT;
	
	SELECT 
		COUNT(`inscID`) INTO _count 
	FROM `inscripcion` 
	WHERE `insc_status` = 1
	AND `prog_ID` = _programming_id;
	
	RETURN _count;
	
END */$$
DELIMITER ;

/* Function  structure for function  `get_Provincia` */

/*!50003 DROP FUNCTION IF EXISTS `get_Provincia` */;
DELIMITER $$

/*!50003 CREATE FUNCTION `get_Provincia`(
		_idDistrito INT (11)
    ) RETURNS varchar(250) CHARSET utf8
BEGIN
	DECLARE _depart VARCHAR (250);
    SELECT 
        p.prov_name INTO _depart 
    FROM
        `distrito` di 
        INNER JOIN `provincia` p 
            ON p.`provID` = di.`prov_ID`
    WHERE di.`distID` = _idDistrito 
    GROUP BY di.`distID`;
    RETURN _depart;
END */$$
DELIMITER ;

/* Function  structure for function  `get_UbigeoCode` */

/*!50003 DROP FUNCTION IF EXISTS `get_UbigeoCode` */;
DELIMITER $$

/*!50003 CREATE FUNCTION `get_UbigeoCode`(`_distID` INT) RETURNS varchar(6) CHARSET utf8
BEGIN
    DECLARE _ubigeo VARCHAR (6) ;
    SELECT 
        CONCAT(
            dp.`depa_key`,
            p.`prov_key`,
            d.`dist_key`
        ) INTO _ubigeo 
    FROM
        `distrito` d 
        INNER JOIN `provincia` p 
            ON p.`provID` = d.`prov_ID` 
        INNER JOIN `departamento` dp 
            ON p.`depa_ID` = dp.`depaID` 
    WHERE d.distID = _distID 
    ORDER BY depa_name ;
    RETURN _ubigeo ;
END */$$
DELIMITER ;

/* Procedure structure for procedure `sp_finished_trainings` */

/*!50003 DROP PROCEDURE IF EXISTS  `sp_finished_trainings` */;

DELIMITER $$

/*!50003 CREATE PROCEDURE `sp_finished_trainings`()
BEGIN
	SELECT 
		p.`progID` id, 
		c.`capa_name` training_name,
		p.`prog_place` place,
		p.`prog_date` date_realization,
		p.`prog_time_start` time_start,
		p.`prog_time_end` time_finish,
		`get_NumberInscriptions`(p.`progID`, 1) inscriptions
	FROM `programa` p
	INNER JOIN `capacitacion`c ON c.`capaID` = p.`capa_ID`
	WHERE p.`prog_status` = 1
	AND p.`prog_is_canceled` = 0
	AND CAST(CONCAT(p.`prog_date`, ' ', p.`prog_time_end`) AS DATETIME) < NOW()
	ORDER BY CAST(CONCAT(p.`prog_date`, ' ', p.`prog_time_end`) AS DATETIME) DESC;
END */$$
DELIMITER ;

/* Procedure structure for procedure `sp_report_general` */

/*!50003 DROP PROCEDURE IF EXISTS  `sp_report_general` */;

DELIMITER $$

/*!50003 CREATE PROCEDURE `sp_report_general`()
BEGIN
    SELECT 
        p.`progID` id,
        p.`prog_date` date_realization,
        p.`prog_time_start` time_start,
        p.`prog_time_end` time_finish,
        ct.`cati_name` type_training,
        t.`tema_title` theme,
        c.`capa_name` training_name,
        d.`dist_name` distrito,
        `get_Departamento` ( p.`dist_ID` ) departamento,
        `get_Provincia` ( p.`dist_ID` ) provincia,
        IF(
            pr.`part_gender` = 0,
            'MASCULINO',
            'FEMENINO'
        ) gender,
        IF(i.`insc_assistance` = 0, 'NO', 'SI') assistance,
        CONCAT(
            pr.`part_name`,
            ' ',
            pr.`part_lastname`
        ) 'names',
        pr.`part_position` cargo 
    FROM
        `inscripcion` i 
        INNER JOIN `participantes` pr 
            ON pr.`partID` = i.`part_ID` 
        INNER JOIN `programa` p 
            ON p.`progID` = i.`prog_ID` 
        INNER JOIN `capacitacion` c 
            ON c.`capaID` = p.`capa_ID` 
        INNER JOIN `distrito` d 
            ON d.`distID` = p.`dist_ID` 
        INNER JOIN `capacitacion_tipo` ct 
            ON ct.`catiID` = c.`cati_ID` 
        INNER JOIN `tema` t 
            ON t.`temaID` = c.`tema_ID` 
    WHERE p.`prog_status` = 1 
        AND i.`insc_status` = 1 
    ORDER BY p.`progID` DESC,
        pr.`part_lastname` ASC ;
END */$$
DELIMITER ;

/* Procedure structure for procedure `sp_report_trainings` */

/*!50003 DROP PROCEDURE IF EXISTS  `sp_report_trainings` */;

DELIMITER $$

/*!50003 CREATE PROCEDURE `sp_report_trainings`()
BEGIN
    SELECT 
        p.`prog_date` date_realization,
        p.`prog_time_start` time_start,
        p.`prog_time_end` time_finish,
        p.`prog_place` place,
        p.`prog_address` address,
        d.`dist_name` distrito,
        get_Provincia (d.`distID`) provincia,
        get_Departamento (d.`distID`) departamento,
        c.`capa_name` training_name,
        ct.`cati_name` type_training,
        GROUP_CONCAT(
            CONCAT(
                dc.`doce_name`,
                ' ',
                dc.`doce_lastname`
            ) SEPARATOR ','
        ) coordinador,
        get_NumberInscriptions (p.`progID`, 0) inscriptions,
        get_NumberInscriptions (p.`progID`, 1) attendance 
    FROM
        `programa` p 
        INNER JOIN `programa_docente` pd 
            ON pd.`prog_ID` = p.`progID` 
        INNER JOIN `docente` dc 
            ON dc.`doceID` = pd.`doce_ID` 
        INNER JOIN `capacitacion` c 
            ON c.`capaID` = p.`capa_ID` 
        INNER JOIN `capacitacion_tipo` ct 
            ON ct.`catiID` = c.`cati_ID` 
        INNER JOIN `tema` t 
            ON t.`temaID` = c.`tema_ID` 
        INNER JOIN `distrito` d 
            ON d.`distID` = p.`dist_ID` 
    WHERE p.`prog_status` = 1 
    GROUP BY p.`progID` 
    ORDER BY p.`prog_date` DESC;
END */$$
DELIMITER ;

/* Procedure structure for procedure `sp_upcoming_trainings` */

/*!50003 DROP PROCEDURE IF EXISTS  `sp_upcoming_trainings` */;

DELIMITER $$

/*!50003 CREATE PROCEDURE `sp_upcoming_trainings`()
BEGIN
	SELECT 
		p.`progID` id, 
		c.`capa_name` training_name,
		p.`prog_place` place,
		p.`prog_date` date_realization,
		p.`prog_time_start` time_start,
		p.`prog_time_end` time_finish,
		`get_NumberRegisters`(p.`progID`) number_reg
	FROM `programa` p
	INNER JOIN `capacitacion`c ON c.`capaID` = p.`capa_ID`
	WHERE p.`prog_status` = 1
	AND p.`prog_is_canceled` = 0
	AND CAST(CONCAT(p.`prog_date`, ' ', p.`prog_time_end`) AS DATETIME) > NOW()
	ORDER BY CAST(CONCAT(p.`prog_date`, ' ', p.`prog_time_end`) AS DATETIME) ASC;
END */$$
DELIMITER ;

/* Procedure structure for procedure `sp_valid_register_docente` */

/*!50003 DROP PROCEDURE IF EXISTS  `sp_valid_register_docente` */;

DELIMITER $$

/*!50003 CREATE PROCEDURE `sp_valid_register_docente`(
		_username VARCHAR(60),
		_dni VARCHAR(8),
		_role INT,
		_request VARCHAR(60),
		_request_id INT
    )
BEGIN
		DECLARE _exists INT;
		
		SELECT `doceID` INTO _exists 
		FROM docente d
		WHERE d.`doceID` = _request_id
			AND d.`doce_request_number` = _request
			AND d.`doce_dni` = _dni
			AND d.`doce_username` = _username
			AND d.`doce_locked` = 0
			AND d.`doce_active` = 0
			AND d.`doce_status` = 1;
		
		IF (_exists IS NOT NULL) THEN
		
			UPDATE `docente` 
			SET `doce_active` = 1
			WHERE `doceID` = _exists;
			
			SELECT 
				d.`doceID` id,
				d.`doce_name` 'name',
				d.`doce_lastname` lastname,
				d.`doce_sexo` gender,
				d.`doce_email` email,
				d.`doce_dni` dni,
				d.`doce_date_created` date_created,
				d.`doce_specialty` profession,
				d.`doce_username` username,
				d.`doce_pin` pin,
				et.`entp_name` type_entity,
				es.`ensu_name` subtype_entity,
				e.`enti_name` entity
			FROM docente d
				INNER JOIN `entidad` e ON e.`entiID` = d.`enti_ID`
				INNER JOIN `entidad_subtipo` es ON es.`ensuID` = e.`ensu_ID`
				INNER JOIN `entidad_tipo` et ON et.`entpID` = es.`entp_ID`
			WHERE d.`doceID` = _exists;
			
		ELSE 
		
			SELECT TRUE error, "Validación no permitada puede que el usuario ya este validado o que este haya sido eliminado" message;
		
		END IF;
		
    END */$$
DELIMITER ;

/* Procedure structure for procedure `sp_valid_register_participante` */

/*!50003 DROP PROCEDURE IF EXISTS  `sp_valid_register_participante` */;

DELIMITER $$

/*!50003 CREATE PROCEDURE `sp_valid_register_participante`(
	_request_number VARCHAR(40),
	_program_id INT,
	_participante_id INT,
	_inscription_id INT
)
BEGIN
	DECLARE _exists INT;
	
	SELECT 
		i.`inscID` INTO _exists 
	FROM `inscripcion` i
	WHERE `inscID` = _inscription_id
	AND `part_ID` = _participante_id
	AND `prog_ID` = _program_id
	AND `insc_request_number` = _request_number
	AND `insc_email_confirmed` = 0
	AND `insc_status` = 1;
	
	IF _exists IS NOT NULL THEN 
		
		UPDATE 
			`inscripcion` 
		SET 
			`insc_email_confirmed` = 1, 
			`insc_date_modified` = NOW()
		WHERE `inscID` = _exists;
		
		SELECT 
			i.`inscID` id,
			i.`insc_request_number` request_number,
			p.`part_name` 'name',
			p.`part_lastname` last_name,
			p.`part_dni` dni,
			p.`part_email` email,
			c.`capa_name` training_name,
			ct.`cati_name` type_training_name,
			pr.`prog_date` date_realization,
			pr.`prog_time_start` time_start,
			pr.`prog_time_end` time_end
		FROM `inscripcion` i
		INNER JOIN `participantes` p ON p.`partID` = i.`part_ID`
		INNER JOIN `programa` pr ON pr.`progID` = i.`prog_ID`
		INNER JOIN `capacitacion` c ON c.`capaID` = pr.`capa_ID`
		INNER JOIN `capacitacion_tipo` ct ON ct.`catiID` = c.`cati_ID`
		WHERE `inscID` = _exists;
	
	ELSE
	
		SELECT TRUE error, "Validación no permitada puede que el usuario ya este validado o que este haya sido eliminado" message;
	
	END IF;
END */$$
DELIMITER ;

/* Procedure structure for procedure `sp_verify_users` */

/*!50003 DROP PROCEDURE IF EXISTS  `sp_verify_users` */;

DELIMITER $$

/*!50003 CREATE PROCEDURE `sp_verify_users`(
    _role INT,
    _username VARCHAR(50),
    _userpass VARCHAR(60)
)
BEGIN
    DECLARE _id INT;
    
    IF (_role = 2) THEN
    
		SELECT 
			d.`doceID` INTO _id 
		FROM
			docente d 
		WHERE d.`doce_status` = 1 
			AND d.`doce_active` = 1 
			AND d.`doce_locked` = 0 
			AND d.`doce_username` = _username 
			AND d.`doce_password` = _userpass;
			
		IF (_id IS NOT NULL) THEN 
			UPDATE 
				`docente` 
			SET
				`doce_last_access` = NOW() 
			WHERE `doceID` = _id ;
			SELECT 
				d.`doceID` id,
				d.`doce_name` 'name',
				d.`doce_lastname` lastname,
				d.`doce_username` username,
				d.`doce_sexo` gender,
				d.`doce_locked` is_locked,
				d.`doce_pin` pin 
			FROM
				docente d 
			WHERE d.`doce_status` = 1 
				AND d.`doceID` = _id ;
		ELSE 
			SELECT 
				TRUE error,
				"El usuario no se encuentra registrado o no tiene acceso" message ;
		END IF ;
    END IF ;
END */$$
DELIMITER ;

/*Table structure for table `v_inscriptions` */

DROP TABLE IF EXISTS `v_inscriptions`;

/*!50001 DROP VIEW IF EXISTS `v_inscriptions` */;
/*!50001 DROP TABLE IF EXISTS `v_inscriptions` */;

/*!50001 CREATE TABLE  `v_inscriptions`(
 `inscription_id` int(22) unsigned ,
 `assistance` bit(1) ,
 `email_confirmed` bit(1) ,
 `request_number` varchar(60) ,
 `date_inscription` datetime ,
 `participant_id` int(11) unsigned ,
 `participant_name` varchar(100) ,
 `participant_lastname` varchar(100) ,
 `participant_dni` varchar(8) ,
 `participant_emails` varchar(150) ,
 `participant_position` varchar(150) ,
 `participant_profesion` varchar(150) ,
 `programming_id` int(11) unsigned ,
 `its_canceled` bit(1) ,
 `its_customized` bit(1) ,
 `its_finish` int(1) ,
 `training_id` int(11) unsigned ,
 `training_title` varchar(255) ,
 `type_training_id` int(11) unsigned ,
 `type_training_name` varchar(150) 
)*/;

/*Table structure for table `v_participant` */

DROP TABLE IF EXISTS `v_participant`;

/*!50001 DROP VIEW IF EXISTS `v_participant` */;
/*!50001 DROP TABLE IF EXISTS `v_participant` */;

/*!50001 CREATE TABLE  `v_participant`(
 `id` int(11) unsigned ,
 `name` varchar(100) ,
 `lastname` varchar(100) ,
 `dni` varchar(8) ,
 `gender` bit(1) ,
 `email` varchar(150) ,
 `profesion` varchar(150) ,
 `cellphone` varchar(15) ,
 `phone` varchar(10) ,
 `annex` varchar(6) ,
 `position` varchar(150) ,
 `dispacity` bit(1) ,
 `details_dispacity` text ,
 `entity_id` int(11) unsigned ,
 `entity_name` varchar(200) ,
 `subtype_entity_id` int(11) unsigned ,
 `subtype_entity_name` varchar(100) ,
 `type_entity_id` int(11) unsigned ,
 `type_entity_name` varchar(100) ,
 `distrito_id` int(11) unsigned ,
 `distrito_name` varchar(100) ,
 `provincia_id` int(11) unsigned ,
 `provincia_name` varchar(150) ,
 `departamento_id` int(11) unsigned ,
 `departamento_name` varchar(150) ,
 `date_created` datetime ,
 `date_modified` datetime 
)*/;

/*Table structure for table `v_programming_min` */

DROP TABLE IF EXISTS `v_programming_min`;

/*!50001 DROP VIEW IF EXISTS `v_programming_min` */;
/*!50001 DROP TABLE IF EXISTS `v_programming_min` */;

/*!50001 CREATE TABLE  `v_programming_min`(
 `programming_id` int(11) unsigned ,
 `training_id` int(11) unsigned ,
 `typetraining_id` int(11) unsigned ,
 `training_title` varchar(255) ,
 `training_description` text ,
 `type_training` varchar(150) ,
 `place` varchar(200) ,
 `address` text ,
 `departamento_id` int(11) unsigned ,
 `departamento` varchar(150) ,
 `provincia_id` int(11) unsigned ,
 `provincia` varchar(150) ,
 `distrito_id` int(11) unsigned ,
 `distrito` varchar(100) ,
 `date_realization` date ,
 `time_start` time ,
 `time_finish` time ,
 `limit_max` int(2) unsigned ,
 `its_canceled` bit(1) ,
 `its_customized` bit(1) ,
 `its_finish` int(1) ,
 `entity_id` int(11) unsigned ,
 `entity_name` varchar(200) ,
 `nregisters` int(11) ,
 `nassistents` int(11) ,
 `folder` varchar(255) ,
 `file_name` varchar(100) ,
 `file_size` decimal(9,2) unsigned ,
 `last_modified` datetime 
)*/;

/*View structure for view v_inscriptions */

/*!50001 DROP TABLE IF EXISTS `v_inscriptions` */;
/*!50001 DROP VIEW IF EXISTS `v_inscriptions` */;

/*!50001 CREATE ALGORITHM=UNDEFINED SQL SECURITY DEFINER VIEW `v_inscriptions` AS (select `i`.`inscID` AS `inscription_id`,`i`.`insc_assistance` AS `assistance`,`i`.`insc_email_confirmed` AS `email_confirmed`,`i`.`insc_request_number` AS `request_number`,`i`.`insc_date_created` AS `date_inscription`,`p`.`partID` AS `participant_id`,`p`.`part_name` AS `participant_name`,`p`.`part_lastname` AS `participant_lastname`,`p`.`part_dni` AS `participant_dni`,`p`.`part_email` AS `participant_emails`,`p`.`part_position` AS `participant_position`,`p`.`part_profesion` AS `participant_profesion`,`pg`.`progID` AS `programming_id`,`pg`.`prog_is_canceled` AS `its_canceled`,`pg`.`prog_is_private` AS `its_customized`,if((`pg`.`prog_date` < cast(now() as date)),1,0) AS `its_finish`,`c`.`capaID` AS `training_id`,`c`.`capa_name` AS `training_title`,`ct`.`catiID` AS `type_training_id`,`ct`.`cati_name` AS `type_training_name` from ((((`inscripcion` `i` join `participantes` `p` on(((`p`.`partID` = `i`.`part_ID`) and (`p`.`part_status` = 1)))) join `programa` `pg` on(((`pg`.`progID` = `i`.`prog_ID`) and (`pg`.`prog_status` = 1)))) join `capacitacion` `c` on(((`c`.`capaID` = `pg`.`capa_ID`) and (`c`.`capa_status` = 1)))) join `capacitacion_tipo` `ct` on((`ct`.`catiID` = `c`.`cati_ID`))) where (`i`.`insc_status` = 1)) */;

/*View structure for view v_participant */

/*!50001 DROP TABLE IF EXISTS `v_participant` */;
/*!50001 DROP VIEW IF EXISTS `v_participant` */;

/*!50001 CREATE ALGORITHM=UNDEFINED SQL SECURITY DEFINER VIEW `v_participant` AS (select `p`.`partID` AS `id`,`p`.`part_name` AS `name`,`p`.`part_lastname` AS `lastname`,`p`.`part_dni` AS `dni`,`p`.`part_gender` AS `gender`,`p`.`part_email` AS `email`,`p`.`part_profesion` AS `profesion`,`p`.`part_cellphone` AS `cellphone`,`p`.`part_phone` AS `phone`,`p`.`part_annex` AS `annex`,`p`.`part_position` AS `position`,`p`.`part_dispacity` AS `dispacity`,`p`.`part_details_dispacity` AS `details_dispacity`,`e`.`entiID` AS `entity_id`,`e`.`enti_name` AS `entity_name`,`es`.`ensuID` AS `subtype_entity_id`,`es`.`ensu_name` AS `subtype_entity_name`,`et`.`entpID` AS `type_entity_id`,`et`.`entp_name` AS `type_entity_name`,`di`.`distID` AS `distrito_id`,`di`.`dist_name` AS `distrito_name`,`pr`.`provID` AS `provincia_id`,`pr`.`prov_name` AS `provincia_name`,`de`.`depaID` AS `departamento_id`,`de`.`depa_name` AS `departamento_name`,`p`.`part_date_created` AS `date_created`,`p`.`part_date_modified` AS `date_modified` from ((((((`participantes` `p` join `entidad` `e` on((`e`.`entiID` = `p`.`enti_ID`))) join `entidad_subtipo` `es` on((`es`.`ensuID` = `e`.`ensu_ID`))) join `entidad_tipo` `et` on((`et`.`entpID` = `es`.`entp_ID`))) join `distrito` `di` on((`di`.`distID` = `p`.`dist_ID`))) join `provincia` `pr` on((`pr`.`provID` = `di`.`prov_ID`))) join `departamento` `de` on((`de`.`depaID` = `pr`.`depa_ID`))) where (`p`.`part_status` = 1)) */;

/*View structure for view v_programming_min */

/*!50001 DROP TABLE IF EXISTS `v_programming_min` */;
/*!50001 DROP VIEW IF EXISTS `v_programming_min` */;

/*!50001 CREATE ALGORITHM=UNDEFINED SQL SECURITY DEFINER VIEW `v_programming_min` AS select `p`.`progID` AS `programming_id`,`ca`.`capaID` AS `training_id`,`ct`.`catiID` AS `typetraining_id`,`ca`.`capa_name` AS `training_title`,`ca`.`capa_description` AS `training_description`,`ct`.`cati_name` AS `type_training`,`p`.`prog_place` AS `place`,`p`.`prog_address` AS `address`,`dp`.`depaID` AS `departamento_id`,`dp`.`depa_name` AS `departamento`,`pr`.`provID` AS `provincia_id`,`pr`.`prov_name` AS `provincia`,`ds`.`distID` AS `distrito_id`,`ds`.`dist_name` AS `distrito`,`p`.`prog_date` AS `date_realization`,`p`.`prog_time_start` AS `time_start`,`p`.`prog_time_end` AS `time_finish`,`p`.`prog_limit` AS `limit_max`,`p`.`prog_is_canceled` AS `its_canceled`,`p`.`prog_is_private` AS `its_customized`,if((`p`.`prog_date` < cast(now() as date)),1,0) AS `its_finish`,`en`.`entiID` AS `entity_id`,`en`.`enti_name` AS `entity_name`,`get_NumberRegisters`(`p`.`progID`) AS `nregisters`,`get_NumberInscriptions`(`p`.`progID`,1) AS `nassistents`,`p`.`prog_folder` AS `folder`,`p`.`prog_file_name` AS `file_name`,`p`.`prog_file_size` AS `file_size`,`p`.`prog_date_modified` AS `last_modified` from (((((((`programa` `p` join `capacitacion` `ca` on(((`ca`.`capaID` = `p`.`capa_ID`) and (`ca`.`capa_status` = 1)))) join `capacitacion_tipo` `ct` on(((`ct`.`catiID` = `ca`.`cati_ID`) and (`ct`.`cati_status` = 1)))) join `distrito` `ds` on((`ds`.`distID` = `p`.`dist_ID`))) join `provincia` `pr` on((`pr`.`provID` = `ds`.`prov_ID`))) join `departamento` `dp` on((`dp`.`depaID` = `pr`.`depa_ID`))) left join `programa_private` `pp` on((`pp`.`prog_ID` = `p`.`progID`))) left join `entidad` `en` on((`en`.`entiID` = `pp`.`enti_ID`))) where (`p`.`prog_status` = 1) order by `p`.`prog_date` desc */;

/*!40101 SET SQL_MODE=@OLD_SQL_MODE */;
/*!40014 SET FOREIGN_KEY_CHECKS=@OLD_FOREIGN_KEY_CHECKS */;
/*!40014 SET UNIQUE_CHECKS=@OLD_UNIQUE_CHECKS */;
/*!40111 SET SQL_NOTES=@OLD_SQL_NOTES */;
